item,country,year_month,retail_price_lcu,currency,unit,markup_to_farmgate,source_name,source_url,note
pig,CN,2021-01,,,kg,0.4,农业农村部·全国农产品批发市场价格信息系统/猪价月度均价,http://pfsc.agri.cn/,TODO: 填真实零售价(本币)
pig,CN,2021-02,,,kg,0.4,农业农村部·全国农产品批发市场价格信息系统/猪价月度均价,http://pfsc.agri.cn/,TODO: 填真实零售价(本币)
pig,CN,2021-03,,,kg,0.4,农业农村部·全国农产品批发市场价格信息系统/猪价月度均价,http://pfsc.agri.cn/,TODO: 填真实零售价(本币)
pig,CN,2021-04,,,kg,0.4,农业农村部·全国农产品批发市场价格信息系统/猪价月度均价,http://pfsc.agri.cn/,TODO: 填真实零售价(本币)
pig,CN,2021-05,,,kg,0.4,农业农村部·全国农产品批发市场价格信息系统/猪价月度均价,http://pfsc.agri.cn/,TODO: 填真实零售价(本币)
pig,CN,2021-06,,,kg,0.4,农业农村部·全国农产品批发市场价格信息系统/猪价月度均价,http://pfsc.agri.cn/,TODO: 填真实零售价(本币)
pig,CN,2021-07,,,kg,0.4,农业农村部·全国农产品批发市场价格信息系统/猪价月度均价,http://pfsc.agri.cn/,TODO: 填真实零售价(本币)
pig,CN,2021-08,,,kg,0.4,农业农村部·全国农产品批发市场价格信息系统/猪价月度均价,http://pfsc.agri.cn/,TODO: 填真实零售价(本币)
pig,CN,2021-09,,,kg,0.4,农业农村部·全国农产品批发市场价格信息系统/猪价月度均价,http://pfsc.agri.cn/,TODO: 填真实零售价(本币)
pig,CN,2021-10,,,kg,0.4,农业农村部·全国农产品批发市场价格信息系统/猪价月度均价,http://pfsc.agri.cn/,TODO: 填真实零售价(本币)
pig,CN,2021-11,,,kg,0.4,农业农村部·全国农产品批发市场价格信息系统/猪价月度均价,http://pfsc.agri.cn/,TODO: 填真实零售价(本币)
pig,CN,2021-12,,,kg,0.4,农业农村部·全国农产品批发市场价格信息系统/猪价月度均价,http://pfsc.agri.cn/,TODO: 填真实零售价(本币)
pig,CN,2022-01,,,kg,0.4,农业农村部·全国农产品批发市场价格信息系统/猪价月度均价,http://pfsc.agri.cn/,TODO: 填真实零售价(本币)
pig,CN,2022-02,,,kg,0.4,农业农村部·全国农产品批发市场价格信息系统/猪价月度均价,http://pfsc.agri.cn/,TODO: 填真实零售价(本币)
pig,CN,2022-03,,,kg,0.4,农业农村部·全国农产品批发市场价格信息系统/猪价月度均价,http://pfsc.agri.cn/,TODO: 填真实零售价(本币)
pig,CN,2022-04,,,kg,0.4,农业农村部·全国农产品批发市场价格信息系统/猪价月度均价,http://pfsc.agri.cn/,TODO: 填真实零售价(本币)
pig,CN,2022-05,,,kg,0.4,农业农村部·全国农产品批发市场价格信息系统/猪价月度均价,http://pfsc.agri.cn/,TODO: 填真实零售价(本币)
pig,CN,2022-06,,,kg,0.4,农业农村部·全国农产品批发市场价格信息系统/猪价月度均价,http://pfsc.agri.cn/,TODO: 填真实零售价(本币)
pig,CN,2022-07,,,kg,0.4,农业农村部·全国农产品批发市场价格信息系统/猪价月度均价,http://pfsc.agri.cn/,TODO: 填真实零售价(本币)
pig,CN,2022-08,,,kg,0.4,农业农村部·全国农产品批发市场价格信息系统/猪价月度均价,http://pfsc.agri.cn/,TODO: 填真实零售价(本币)
pig,CN,2022-09,,,kg,0.4,农业农村部·全国农产品批发市场价格信息系统/猪价月度均价,http://pfsc.agri.cn/,TODO: 填真实零售价(本币)
pig,CN,2022-10,,,kg,0.4,农业农村部·全国农产品批发市场价格信息系统/猪价月度均价,http://pfsc.agri.cn/,TODO: 填真实零售价(本币)
pig,CN,2022-11,,,kg,0.4,农业农村部·全国农产品批发市场价格信息系统/猪价月度均价,http://pfsc.agri.cn/,TODO: 填真实零售价(本币)
pig,CN,2022-12,,,kg,0.4,农业农村部·全国农产品批发市场价格信息系统/猪价月度均价,http://pfsc.agri.cn/,TODO: 填真实零售价(本币)
pig,CN,2023-01,,,kg,0.4,农业农村部·全国农产品批发市场价格信息系统/猪价月度均价,http://pfsc.agri.cn/,TODO: 填真实零售价(本币)
pig,CN,2023-02,,,kg,0.4,农业农村部·全国农产品批发市场价格信息系统/猪价月度均价,http://pfsc.agri.cn/,TODO: 填真实零售价(本币)
pig,CN,2023-03,,,kg,0.4,农业农村部·全国农产品批发市场价格信息系统/猪价月度均价,http://pfsc.agri.cn/,TODO: 填真实零售价(本币)
pig,CN,2023-04,,,kg,0.4,农业农村部·全国农产品批发市场价格信息系统/猪价月度均价,http://pfsc.agri.cn/,TODO: 填真实零售价(本币)
pig,CN,2023-05,,,kg,0.4,农业农村部·全国农产品批发市场价格信息系统/猪价月度均价,http://pfsc.agri.cn/,TODO: 填真实零售价(本币)
pig,CN,2023-06,,,kg,0.4,农业农村部·全国农产品批发市场价格信息系统/猪价月度均价,http://pfsc.agri.cn/,TODO: 填真实零售价(本币)
pig,CN,2023-07,,,kg,0.4,农业农村部·全国农产品批发市场价格信息系统/猪价月度均价,http://pfsc.agri.cn/,TODO: 填真实零售价(本币)
pig,CN,2023-08,,,kg,0.4,农业农村部·全国农产品批发市场价格信息系统/猪价月度均价,http://pfsc.agri.cn/,TODO: 填真实零售价(本币)
pig,CN,2023-09,,,kg,0.4,农业农村部·全国农产品批发市场价格信息系统/猪价月度均价,http://pfsc.agri.cn/,TODO: 填真实零售价(本币)
pig,CN,2023-10,,,kg,0.4,农业农村部·全国农产品批发市场价格信息系统/猪价月度均价,http://pfsc.agri.cn/,TODO: 填真实零售价(本币)
pig,CN,2023-11,,,kg,0.4,农业农村部·全国农产品批发市场价格信息系统/猪价月度均价,http://pfsc.agri.cn/,TODO: 填真实零售价(本币)
pig,CN,2023-12,,,kg,0.4,农业农村部·全国农产品批发市场价格信息系统/猪价月度均价,http://pfsc.agri.cn/,TODO: 填真实零售价(本币)
pig,CN,2024-01,,,kg,0.4,农业农村部·全国农产品批发市场价格信息系统/猪价月度均价,http://pfsc.agri.cn/,TODO: 填真实零售价(本币)
pig,CN,2024-02,,,kg,0.4,农业农村部·全国农产品批发市场价格信息系统/猪价月度均价,http://pfsc.agri.cn/,TODO: 填真实零售价(本币)
pig,CN,2024-03,,,kg,0.4,农业农村部·全国农产品批发市场价格信息系统/猪价月度均价,http://pfsc.agri.cn/,TODO: 填真实零售价(本币)
pig,CN,2024-04,,,kg,0.4,农业农村部·全国农产品批发市场价格信息系统/猪价月度均价,http://pfsc.agri.cn/,TODO: 填真实零售价(本币)
pig,CN,2024-05,,,kg,0.4,农业农村部·全国农产品批发市场价格信息系统/猪价月度均价,http://pfsc.agri.cn/,TODO: 填真实零售价(本币)
pig,CN,2024-06,,,kg,0.4,农业农村部·全国农产品批发市场价格信息系统/猪价月度均价,http://pfsc.agri.cn/,TODO: 填真实零售价(本币)
pig,CN,2024-07,,,kg,0.4,农业农村部·全国农产品批发市场价格信息系统/猪价月度均价,http://pfsc.agri.cn/,TODO: 填真实零售价(本币)
pig,CN,2024-08,,,kg,0.4,农业农村部·全国农产品批发市场价格信息系统/猪价月度均价,http://pfsc.agri.cn/,TODO: 填真实零售价(本币)
pig,CN,2024-09,,,kg,0.4,农业农村部·全国农产品批发市场价格信息系统/猪价月度均价,http://pfsc.agri.cn/,TODO: 填真实零售价(本币)
pig,CN,2024-10,,,kg,0.4,农业农村部·全国农产品批发市场价格信息系统/猪价月度均价,http://pfsc.agri.cn/,TODO: 填真实零售价(本币)
pig,CN,2024-11,,,kg,0.4,农业农村部·全国农产品批发市场价格信息系统/猪价月度均价,http://pfsc.agri.cn/,TODO: 填真实零售价(本币)
pig,CN,2024-12,,,kg,0.4,农业农村部·全国农产品批发市场价格信息系统/猪价月度均价,http://pfsc.agri.cn/,TODO: 填真实零售价(本币)
pig,CN,2025-01,,,kg,0.4,农业农村部·全国农产品批发市场价格信息系统/猪价月度均价,http://pfsc.agri.cn/,TODO: 填真实零售价(本币)
pig,CN,2025-02,,,kg,0.4,农业农村部·全国农产品批发市场价格信息系统/猪价月度均价,http://pfsc.agri.cn/,TODO: 填真实零售价(本币)
pig,CN,2025-03,,,kg,0.4,农业农村部·全国农产品批发市场价格信息系统/猪价月度均价,http://pfsc.agri.cn/,TODO: 填真实零售价(本币)
pig,CN,2025-04,,,kg,0.4,农业农村部·全国农产品批发市场价格信息系统/猪价月度均价,http://pfsc.agri.cn/,TODO: 填真实零售价(本币)
pig,CN,2025-05,,,kg,0.4,农业农村部·全国农产品批发市场价格信息系统/猪价月度均价,http://pfsc.agri.cn/,TODO: 填真实零售价(本币)
pig,CN,2025-06,,,kg,0.4,农业农村部·全国农产品批发市场价格信息系统/猪价月度均价,http://pfsc.agri.cn/,TODO: 填真实零售价(本币)
pig,CN,2025-07,,,kg,0.4,农业农村部·全国农产品批发市场价格信息系统/猪价月度均价,http://pfsc.agri.cn/,TODO: 填真实零售价(本币)
pig,CN,2025-08,,,kg,0.4,农业农村部·全国农产品批发市场价格信息系统/猪价月度均价,http://pfsc.agri.cn/,TODO: 填真实零售价(本币)
pig,CN,2025-09,,,kg,0.4,农业农村部·全国农产品批发市场价格信息系统/猪价月度均价,http://pfsc.agri.cn/,TODO: 填真实零售价(本币)
pig,CN,2025-10,,,kg,0.4,农业农村部·全国农产品批发市场价格信息系统/猪价月度均价,http://pfsc.agri.cn/,TODO: 填真实零售价(本币)
pig,CN,2025-11,,,kg,0.4,农业农村部·全国农产品批发市场价格信息系统/猪价月度均价,http://pfsc.agri.cn/,TODO: 填真实零售价(本币)
pig,CN,2025-12,,,kg,0.4,农业农村部·全国农产品批发市场价格信息系统/猪价月度均价,http://pfsc.agri.cn/,TODO: 填真实零售价(本币)
pig,CN,2026-01,,,kg,0.4,农业农村部·全国农产品批发市场价格信息系统/猪价月度均价,http://pfsc.agri.cn/,TODO: 填真实零售价(本币)
pig,CN,2026-02,,,kg,0.4,农业农村部·全国农产品批发市场价格信息系统/猪价月度均价,http://pfsc.agri.cn/,TODO: 填真实零售价(本币)
pig,CN,2026-03,,,kg,0.4,农业农村部·全国农产品批发市场价格信息系统/猪价月度均价,http://pfsc.agri.cn/,TODO: 填真实零售价(本币)
pig,CN,2026-04,,,kg,0.4,农业农村部·全国农产品批发市场价格信息系统/猪价月度均价,http://pfsc.agri.cn/,TODO: 填真实零售价(本币)
pig,CN,2026-05,,,kg,0.4,农业农村部·全国农产品批发市场价格信息系统/猪价月度均价,http://pfsc.agri.cn/,TODO: 填真实零售价(本币)
pig,CN,2026-06,,,kg,0.4,农业农村部·全国农产品批发市场价格信息系统/猪价月度均价,http://pfsc.agri.cn/,TODO: 填真实零售价(本币)
pig,CN,2026-07,,,kg,0.4,农业农村部·全国农产品批发市场价格信息系统/猪价月度均价,http://pfsc.agri.cn/,TODO: 填真实零售价(本币)
pig,CN,2026-08,,,kg,0.4,农业农村部·全国农产品批发市场价格信息系统/猪价月度均价,http://pfsc.agri.cn/,TODO: 填真实零售价(本币)
pig,VN,2021-01,,,kg,0.4,越南统计局(GSO)/畜牧业月度报告·生猪出栏价,https://www.gso.gov.vn/,TODO: 填真实零售价(本币)
pig,VN,2021-02,,,kg,0.4,越南统计局(GSO)/畜牧业月度报告·生猪出栏价,https://www.gso.gov.vn/,TODO: 填真实零售价(本币)
pig,VN,2021-03,,,kg,0.4,越南统计局(GSO)/畜牧业月度报告·生猪出栏价,https://www.gso.gov.vn/,TODO: 填真实零售价(本币)
pig,VN,2021-04,,,kg,0.4,越南统计局(GSO)/畜牧业月度报告·生猪出栏价,https://www.gso.gov.vn/,TODO: 填真实零售价(本币)
pig,VN,2021-05,,,kg,0.4,越南统计局(GSO)/畜牧业月度报告·生猪出栏价,https://www.gso.gov.vn/,TODO: 填真实零售价(本币)
pig,VN,2021-06,,,kg,0.4,越南统计局(GSO)/畜牧业月度报告·生猪出栏价,https://www.gso.gov.vn/,TODO: 填真实零售价(本币)
pig,VN,2021-07,,,kg,0.4,越南统计局(GSO)/畜牧业月度报告·生猪出栏价,https://www.gso.gov.vn/,TODO: 填真实零售价(本币)
pig,VN,2021-08,,,kg,0.4,越南统计局(GSO)/畜牧业月度报告·生猪出栏价,https://www.gso.gov.vn/,TODO: 填真实零售价(本币)
pig,VN,2021-09,,,kg,0.4,越南统计局(GSO)/畜牧业月度报告·生猪出栏价,https://www.gso.gov.vn/,TODO: 填真实零售价(本币)
pig,VN,2021-10,,,kg,0.4,越南统计局(GSO)/畜牧业月度报告·生猪出栏价,https://www.gso.gov.vn/,TODO: 填真实零售价(本币)
pig,VN,2021-11,,,kg,0.4,越南统计局(GSO)/畜牧业月度报告·生猪出栏价,https://www.gso.gov.vn/,TODO: 填真实零售价(本币)
pig,VN,2021-12,,,kg,0.4,越南统计局(GSO)/畜牧业月度报告·生猪出栏价,https://www.gso.gov.vn/,TODO: 填真实零售价(本币)
pig,VN,2022-01,,,kg,0.4,越南统计局(GSO)/畜牧业月度报告·生猪出栏价,https://www.gso.gov.vn/,TODO: 填真实零售价(本币)
pig,VN,2022-02,,,kg,0.4,越南统计局(GSO)/畜牧业月度报告·生猪出栏价,https://www.gso.gov.vn/,TODO: 填真实零售价(本币)
pig,VN,2022-03,,,kg,0.4,越南统计局(GSO)/畜牧业月度报告·生猪出栏价,https://www.gso.gov.vn/,TODO: 填真实零售价(本币)
pig,VN,2022-04,,,kg,0.4,越南统计局(GSO)/畜牧业月度报告·生猪出栏价,https://www.gso.gov.vn/,TODO: 填真实零售价(本币)
pig,VN,2022-05,,,kg,0.4,越南统计局(GSO)/畜牧业月度报告·生猪出栏价,https://www.gso.gov.vn/,TODO: 填真实零售价(本币)
pig,VN,2022-06,,,kg,0.4,越南统计局(GSO)/畜牧业月度报告·生猪出栏价,https://www.gso.gov.vn/,TODO: 填真实零售价(本币)
pig,VN,2022-07,,,kg,0.4,越南统计局(GSO)/畜牧业月度报告·生猪出栏价,https://www.gso.gov.vn/,TODO: 填真实零售价(本币)
pig,VN,2022-08,,,kg,0.4,越南统计局(GSO)/畜牧业月度报告·生猪出栏价,https://www.gso.gov.vn/,TODO: 填真实零售价(本币)
pig,VN,2022-09,,,kg,0.4,越南统计局(GSO)/畜牧业月度报告·生猪出栏价,https://www.gso.gov.vn/,TODO: 填真实零售价(本币)
pig,VN,2022-10,,,kg,0.4,越南统计局(GSO)/畜牧业月度报告·生猪出栏价,https://www.gso.gov.vn/,TODO: 填真实零售价(本币)
pig,VN,2022-11,,,kg,0.4,越南统计局(GSO)/畜牧业月度报告·生猪出栏价,https://www.gso.gov.vn/,TODO: 填真实零售价(本币)
pig,VN,2022-12,,,kg,0.4,越南统计局(GSO)/畜牧业月度报告·生猪出栏价,https://www.gso.gov.vn/,TODO: 填真实零售价(本币)
pig,VN,2023-01,,,kg,0.4,越南统计局(GSO)/畜牧业月度报告·生猪出栏价,https://www.gso.gov.vn/,TODO: 填真实零售价(本币)
pig,VN,2023-02,,,kg,0.4,越南统计局(GSO)/畜牧业月度报告·生猪出栏价,https://www.gso.gov.vn/,TODO: 填真实零售价(本币)
pig,VN,2023-03,,,kg,0.4,越南统计局(GSO)/畜牧业月度报告·生猪出栏价,https://www.gso.gov.vn/,TODO: 填真实零售价(本币)
pig,VN,2023-04,,,kg,0.4,越南统计局(GSO)/畜牧业月度报告·生猪出栏价,https://www.gso.gov.vn/,TODO: 填真实零售价(本币)
pig,VN,2023-05,,,kg,0.4,越南统计局(GSO)/畜牧业月度报告·生猪出栏价,https://www.gso.gov.vn/,TODO: 填真实零售价(本币)
pig,VN,2023-06,,,kg,0.4,越南统计局(GSO)/畜牧业月度报告·生猪出栏价,https://www.gso.gov.vn/,TODO: 填真实零售价(本币)
pig,VN,2023-07,,,kg,0.4,越南统计局(GSO)/畜牧业月度报告·生猪出栏价,https://www.gso.gov.vn/,TODO: 填真实零售价(本币)
pig,VN,2023-08,,,kg,0.4,越南统计局(GSO)/畜牧业月度报告·生猪出栏价,https://www.gso.gov.vn/,TODO: 填真实零售价(本币)
pig,VN,2023-09,,,kg,0.4,越南统计局(GSO)/畜牧业月度报告·生猪出栏价,https://www.gso.gov.vn/,TODO: 填真实零售价(本币)
pig,VN,2023-10,,,kg,0.4,越南统计局(GSO)/畜牧业月度报告·生猪出栏价,https://www.gso.gov.vn/,TODO: 填真实零售价(本币)
pig,VN,2023-11,,,kg,0.4,越南统计局(GSO)/畜牧业月度报告·生猪出栏价,https://www.gso.gov.vn/,TODO: 填真实零售价(本币)
pig,VN,2023-12,,,kg,0.4,越南统计局(GSO)/畜牧业月度报告·生猪出栏价,https://www.gso.gov.vn/,TODO: 填真实零售价(本币)
pig,VN,2024-01,,,kg,0.4,越南统计局(GSO)/畜牧业月度报告·生猪出栏价,https://www.gso.gov.vn/,TODO: 填真实零售价(本币)
pig,VN,2024-02,,,kg,0.4,越南统计局(GSO)/畜牧业月度报告·生猪出栏价,https://www.gso.gov.vn/,TODO: 填真实零售价(本币)
pig,VN,2024-03,,,kg,0.4,越南统计局(GSO)/畜牧业月度报告·生猪出栏价,https://www.gso.gov.vn/,TODO: 填真实零售价(本币)
pig,VN,2024-04,,,kg,0.4,越南统计局(GSO)/畜牧业月度报告·生猪出栏价,https://www.gso.gov.vn/,TODO: 填真实零售价(本币)
pig,VN,2024-05,,,kg,0.4,越南统计局(GSO)/畜牧业月度报告·生猪出栏价,https://www.gso.gov.vn/,TODO: 填真实零售价(本币)
pig,VN,2024-06,,,kg,0.4,越南统计局(GSO)/畜牧业月度报告·生猪出栏价,https://www.gso.gov.vn/,TODO: 填真实零售价(本币)
pig,VN,2024-07,,,kg,0.4,越南统计局(GSO)/畜牧业月度报告·生猪出栏价,https://www.gso.gov.vn/,TODO: 填真实零售价(本币)
pig,VN,2024-08,,,kg,0.4,越南统计局(GSO)/畜牧业月度报告·生猪出栏价,https://www.gso.gov.vn/,TODO: 填真实零售价(本币)
pig,VN,2024-09,,,kg,0.4,越南统计局(GSO)/畜牧业月度报告·生猪出栏价,https://www.gso.gov.vn/,TODO: 填真实零售价(本币)
pig,VN,2024-10,,,kg,0.4,越南统计局(GSO)/畜牧业月度报告·生猪出栏价,https://www.gso.gov.vn/,TODO: 填真实零售价(本币)
pig,VN,2024-11,,,kg,0.4,越南统计局(GSO)/畜牧业月度报告·生猪出栏价,https://www.gso.gov.vn/,TODO: 填真实零售价(本币)
pig,VN,2024-12,,,kg,0.4,越南统计局(GSO)/畜牧业月度报告·生猪出栏价,https://www.gso.gov.vn/,TODO: 填真实零售价(本币)
pig,VN,2025-01,,,kg,0.4,越南统计局(GSO)/畜牧业月度报告·生猪出栏价,https://www.gso.gov.vn/,TODO: 填真实零售价(本币)
pig,VN,2025-02,,,kg,0.4,越南统计局(GSO)/畜牧业月度报告·生猪出栏价,https://www.gso.gov.vn/,TODO: 填真实零售价(本币)
pig,VN,2025-03,,,kg,0.4,越南统计局(GSO)/畜牧业月度报告·生猪出栏价,https://www.gso.gov.vn/,TODO: 填真实零售价(本币)
pig,VN,2025-04,,,kg,0.4,越南统计局(GSO)/畜牧业月度报告·生猪出栏价,https://www.gso.gov.vn/,TODO: 填真实零售价(本币)
pig,VN,2025-05,,,kg,0.4,越南统计局(GSO)/畜牧业月度报告·生猪出栏价,https://www.gso.gov.vn/,TODO: 填真实零售价(本币)
pig,VN,2025-06,,,kg,0.4,越南统计局(GSO)/畜牧业月度报告·生猪出栏价,https://www.gso.gov.vn/,TODO: 填真实零售价(本币)
pig,VN,2025-07,,,kg,0.4,越南统计局(GSO)/畜牧业月度报告·生猪出栏价,https://www.gso.gov.vn/,TODO: 填真实零售价(本币)
pig,VN,2025-08,,,kg,0.4,越南统计局(GSO)/畜牧业月度报告·生猪出栏价,https://www.gso.gov.vn/,TODO: 填真实零售价(本币)
pig,VN,2025-09,,,kg,0.4,越南统计局(GSO)/畜牧业月度报告·生猪出栏价,https://www.gso.gov.vn/,TODO: 填真实零售价(本币)
pig,VN,2025-10,,,kg,0.4,越南统计局(GSO)/畜牧业月度报告·生猪出栏价,https://www.gso.gov.vn/,TODO: 填真实零售价(本币)
pig,VN,2025-11,,,kg,0.4,越南统计局(GSO)/畜牧业月度报告·生猪出栏价,https://www.gso.gov.vn/,TODO: 填真实零售价(本币)
pig,VN,2025-12,,,kg,0.4,越南统计局(GSO)/畜牧业月度报告·生猪出栏价,https://www.gso.gov.vn/,TODO: 填真实零售价(本币)
pig,VN,2026-01,,,kg,0.4,越南统计局(GSO)/畜牧业月度报告·生猪出栏价,https://www.gso.gov.vn/,TODO: 填真实零售价(本币)
pig,VN,2026-02,,,kg,0.4,越南统计局(GSO)/畜牧业月度报告·生猪出栏价,https://www.gso.gov.vn/,TODO: 填真实零售价(本币)
pig,VN,2026-03,,,kg,0.4,越南统计局(GSO)/畜牧业月度报告·生猪出栏价,https://www.gso.gov.vn/,TODO: 填真实零售价(本币)
pig,VN,2026-04,,,kg,0.4,越南统计局(GSO)/畜牧业月度报告·生猪出栏价,https://www.gso.gov.vn/,TODO: 填真实零售价(本币)
pig,VN,2026-05,,,kg,0.4,越南统计局(GSO)/畜牧业月度报告·生猪出栏价,https://www.gso.gov.vn/,TODO: 填真实零售价(本币)
pig,VN,2026-06,,,kg,0.4,越南统计局(GSO)/畜牧业月度报告·生猪出栏价,https://www.gso.gov.vn/,TODO: 填真实零售价(本币)
pig,VN,2026-07,,,kg,0.4,越南统计局(GSO)/畜牧业月度报告·生猪出栏价,https://www.gso.gov.vn/,TODO: 填真实零售价(本币)
pig,VN,2026-08,,,kg,0.4,越南统计局(GSO)/畜牧业月度报告·生猪出栏价,https://www.gso.gov.vn/,TODO: 填真实零售价(本币)
pig,TH,2021-01,,,kg,0.4,该国统计局/农业部官网（待手动补）,,TODO: 填真实零售价(本币)
pig,TH,2021-02,,,kg,0.4,该国统计局/农业部官网（待手动补）,,TODO: 填真实零售价(本币)
pig,TH,2021-03,,,kg,0.4,该国统计局/农业部官网（待手动补）,,TODO: 填真实零售价(本币)
pig,TH,2021-04,,,kg,0.4,该国统计局/农业部官网（待手动补）,,TODO: 填真实零售价(本币)
pig,TH,2021-05,,,kg,0.4,该国统计局/农业部官网（待手动补）,,TODO: 填真实零售价(本币)
pig,TH,2021-06,,,kg,0.4,该国统计局/农业部官网（待手动补）,,TODO: 填真实零售价(本币)
pig,TH,2021-07,,,kg,0.4,该国统计局/农业部官网（待手动补）,,TODO: 填真实零售价(本币)
pig,TH,2021-08,,,kg,0.4,该国统计局/农业部官网（待手动补）,,TODO: 填真实零售价(本币)
pig,TH,2021-09,,,kg,0.4,该国统计局/农业部官网（待手动补）,,TODO: 填真实零售价(本币)
pig,TH,2021-10,,,kg,0.4,该国统计局/农业部官网（待手动补）,,TODO: 填真实零售价(本币)
pig,TH,2021-11,,,kg,0.4,该国统计局/农业部官网（待手动补）,,TODO: 填真实零售价(本币)
pig,TH,2021-12,,,kg,0.4,该国统计局/农业部官网（待手动补）,,TODO: 填真实零售价(本币)
pig,TH,2022-01,,,kg,0.4,该国统计局/农业部官网（待手动补）,,TODO: 填真实零售价(本币)
pig,TH,2022-02,,,kg,0.4,该国统计局/农业部官网（待手动补）,,TODO: 填真实零售价(本币)
pig,TH,2022-03,,,kg,0.4,该国统计局/农业部官网（待手动补）,,TODO: 填真实零售价(本币)
pig,TH,2022-04,,,kg,0.4,该国统计局/农业部官网（待手动补）,,TODO: 填真实零售价(本币)
pig,TH,2022-05,,,kg,0.4,该国统计局/农业部官网（待手动补）,,TODO: 填真实零售价(本币)
pig,TH,2022-06,,,kg,0.4,该国统计局/农业部官网（待手动补）,,TODO: 填真实零售价(本币)
pig,TH,2022-07,,,kg,0.4,该国统计局/农业部官网（待手动补）,,TODO: 填真实零售价(本币)
pig,TH,2022-08,,,kg,0.4,该国统计局/农业部官网（待手动补）,,TODO: 填真实零售价(本币)
pig,TH,2022-09,,,kg,0.4,该国统计局/农业部官网（待手动补）,,TODO: 填真实零售价(本币)
pig,TH,2022-10,,,kg,0.4,该国统计局/农业部官网（待手动补）,,TODO: 填真实零售价(本币)
pig,TH,2022-11,,,kg,0.4,该国统计局/农业部官网（待手动补）,,TODO: 填真实零售价(本币)
pig,TH,2022-12,,,kg,0.4,该国统计局/农业部官网（待手动补）,,TODO: 填真实零售价(本币)
pig,TH,2023-01,,,kg,0.4,该国统计局/农业部官网（待手动补）,,TODO: 填真实零售价(本币)
pig,TH,2023-02,,,kg,0.4,该国统计局/农业部官网（待手动补）,,TODO: 填真实零售价(本币)
pig,TH,2023-03,,,kg,0.4,该国统计局/农业部官网（待手动补）,,TODO: 填真实零售价(本币)
pig,TH,2023-04,,,kg,0.4,该国统计局/农业部官网（待手动补）,,TODO: 填真实零售价(本币)
pig,TH,2023-05,,,kg,0.4,该国统计局/农业部官网（待手动补）,,TODO: 填真实零售价(本币)
pig,TH,2023-06,,,kg,0.4,该国统计局/农业部官网（待手动补）,,TODO: 填真实零售价(本币)
pig,TH,2023-07,,,kg,0.4,该国统计局/农业部官网（待手动补）,,TODO: 填真实零售价(本币)
pig,TH,2023-08,,,kg,0.4,该国统计局/农业部官网（待手动补）,,TODO: 填真实零售价(本币)
pig,TH,2023-09,,,kg,0.4,该国统计局/农业部官网（待手动补）,,TODO: 填真实零售价(本币)
pig,TH,2023-10,,,kg,0.4,该国统计局/农业部官网（待手动补）,,TODO: 填真实零售价(本币)
pig,TH,2023-11,,,kg,0.4,该国统计局/农业部官网（待手动补）,,TODO: 填真实零售价(本币)
pig,TH,2023-12,,,kg,0.4,该国统计局/农业部官网（待手动补）,,TODO: 填真实零售价(本币)
pig,TH,2024-01,,,kg,0.4,该国统计局/农业部官网（待手动补）,,TODO: 填真实零售价(本币)
pig,TH,2024-02,,,kg,0.4,该国统计局/农业部官网（待手动补）,,TODO: 填真实零售价(本币)
pig,TH,2024-03,,,kg,0.4,该国统计局/农业部官网（待手动补）,,TODO: 填真实零售价(本币)
pig,TH,2024-04,,,kg,0.4,该国统计局/农业部官网（待手动补）,,TODO: 填真实零售价(本币)
pig,TH,2024-05,,,kg,0.4,该国统计局/农业部官网（待手动补）,,TODO: 填真实零售价(本币)
pig,TH,2024-06,,,kg,0.4,该国统计局/农业部官网（待手动补）,,TODO: 填真实零售价(本币)
pig,TH,2024-07,,,kg,0.4,该国统计局/农业部官网（待手动补）,,TODO: 填真实零售价(本币)
pig,TH,2024-08,,,kg,0.4,该国统计局/农业部官网（待手动补）,,TODO: 填真实零售价(本币)
pig,TH,2024-09,,,kg,0.4,该国统计局/农业部官网（待手动补）,,TODO: 填真实零售价(本币)
pig,TH,2024-10,,,kg,0.4,该国统计局/农业部官网（待手动补）,,TODO: 填真实零售价(本币)
pig,TH,2024-11,,,kg,0.4,该国统计局/农业部官网（待手动补）,,TODO: 填真实零售价(本币)
pig,TH,2024-12,,,kg,0.4,该国统计局/农业部官网（待手动补）,,TODO: 填真实零售价(本币)
pig,TH,2025-01,,,kg,0.4,该国统计局/农业部官网（待手动补）,,TODO: 填真实零售价(本币)
pig,TH,2025-02,,,kg,0.4,该国统计局/农业部官网（待手动补）,,TODO: 填真实零售价(本币)
pig,TH,2025-03,,,kg,0.4,该国统计局/农业部官网（待手动补）,,TODO: 填真实零售价(本币)
pig,TH,2025-04,,,kg,0.4,该国统计局/农业部官网（待手动补）,,TODO: 填真实零售价(本币)
pig,TH,2025-05,,,kg,0.4,该国统计局/农业部官网（待手动补）,,TODO: 填真实零售价(本币)
pig,TH,2025-06,,,kg,0.4,该国统计局/农业部官网（待手动补）,,TODO: 填真实零售价(本币)
pig,TH,2025-07,,,kg,0.4,该国统计局/农业部官网（待手动补）,,TODO: 填真实零售价(本币)
pig,TH,2025-08,,,kg,0.4,该国统计局/农业部官网（待手动补）,,TODO: 填真实零售价(本币)
pig,TH,2025-09,,,kg,0.4,该国统计局/农业部官网（待手动补）,,TODO: 填真实零售价(本币)
pig,TH,2025-10,,,kg,0.4,该国统计局/农业部官网（待手动补）,,TODO: 填真实零售价(本币)
pig,TH,2025-11,,,kg,0.4,该国统计局/农业部官网（待手动补）,,TODO: 填真实零售价(本币)
pig,TH,2025-12,,,kg,0.4,该国统计局/农业部官网（待手动补）,,TODO: 填真实零售价(本币)
pig,TH,2026-01,,,kg,0.4,该国统计局/农业部官网（待手动补）,,TODO: 填真实零售价(本币)
pig,TH,2026-02,,,kg,0.4,该国统计局/农业部官网（待手动补）,,TODO: 填真实零售价(本币)
pig,TH,2026-03,,,kg,0.4,该国统计局/农业部官网（待手动补）,,TODO: 填真实零售价(本币)
pig,TH,2026-04,,,kg,0.4,该国统计局/农业部官网（待手动补）,,TODO: 填真实零售价(本币)
pig,TH,2026-05,,,kg,0.4,该国统计局/农业部官网（待手动补）,,TODO: 填真实零售价(本币)
pig,TH,2026-06,,,kg,0.4,该国统计局/农业部官网（待手动补）,,TODO: 填真实零售价(本币)
pig,TH,2026-07,,,kg,0.4,该国统计局/农业部官网（待手动补）,,TODO: 填真实零售价(本币)
pig,TH,2026-08,,,kg,0.4,该国统计局/农业部官网（待手动补）,,TODO: 填真实零售价(本币)
pig,MM,2021-01,,,kg,0.4,该国统计局/农业部官网（待手动补）,,TODO: 填真实零售价(本币)
pig,MM,2021-02,,,kg,0.4,该国统计局/农业部官网（待手动补）,,TODO: 填真实零售价(本币)
pig,MM,2021-03,,,kg,0.4,该国统计局/农业部官网（待手动补）,,TODO: 填真实零售价(本币)
pig,MM,2021-04,,,kg,0.4,该国统计局/农业部官网（待手动补）,,TODO: 填真实零售价(本币)
pig,MM,2021-05,,,kg,0.4,该国统计局/农业部官网（待手动补）,,TODO: 填真实零售价(本币)
pig,MM,2021-06,,,kg,0.4,该国统计局/农业部官网（待手动补）,,TODO: 填真实零售价(本币)
pig,MM,2021-07,,,kg,0.4,该国统计局/农业部官网（待手动补）,,TODO: 填真实零售价(本币)
pig,MM,2021-08,,,kg,0.4,该国统计局/农业部官网（待手动补）,,TODO: 填真实零售价(本币)
pig,MM,2021-09,,,kg,0.4,该国统计局/农业部官网（待手动补）,,TODO: 填真实零售价(本币)
pig,MM,2021-10,,,kg,0.4,该国统计局/农业部官网（待手动补）,,TODO: 填真实零售价(本币)
pig,MM,2021-11,,,kg,0.4,该国统计局/农业部官网（待手动补）,,TODO: 填真实零售价(本币)
pig,MM,2021-12,,,kg,0.4,该国统计局/农业部官网（待手动补）,,TODO: 填真实零售价(本币)
pig,MM,2022-01,,,kg,0.4,该国统计局/农业部官网（待手动补）,,TODO: 填真实零售价(本币)
pig,MM,2022-02,,,kg,0.4,该国统计局/农业部官网（待手动补）,,TODO: 填真实零售价(本币)
pig,MM,2022-03,,,kg,0.4,该国统计局/农业部官网（待手动补）,,TODO: 填真实零售价(本币)
pig,MM,2022-04,,,kg,0.4,该国统计局/农业部官网（待手动补）,,TODO: 填真实零售价(本币)
pig,MM,2022-05,,,kg,0.4,该国统计局/农业部官网（待手动补）,,TODO: 填真实零售价(本币)
pig,MM,2022-06,,,kg,0.4,该国统计局/农业部官网（待手动补）,,TODO: 填真实零售价(本币)
pig,MM,2022-07,,,kg,0.4,该国统计局/农业部官网（待手动补）,,TODO: 填真实零售价(本币)
pig,MM,2022-08,,,kg,0.4,该国统计局/农业部官网（待手动补）,,TODO: 填真实零售价(本币)
pig,MM,2022-09,,,kg,0.4,该国统计局/农业部官网（待手动补）,,TODO: 填真实零售价(本币)
pig,MM,2022-10,,,kg,0.4,该国统计局/农业部官网（待手动补）,,TODO: 填真实零售价(本币)
pig,MM,2022-11,,,kg,0.4,该国统计局/农业部官网（待手动补）,,TODO: 填真实零售价(本币)
pig,MM,2022-12,,,kg,0.4,该国统计局/农业部官网（待手动补）,,TODO: 填真实零售价(本币)
pig,MM,2023-01,,,kg,0.4,该国统计局/农业部官网（待手动补）,,TODO: 填真实零售价(本币)
pig,MM,2023-02,,,kg,0.4,该国统计局/农业部官网（待手动补）,,TODO: 填真实零售价(本币)
pig,MM,2023-03,,,kg,0.4,该国统计局/农业部官网（待手动补）,,TODO: 填真实零售价(本币)
pig,MM,2023-04,,,kg,0.4,该国统计局/农业部官网（待手动补）,,TODO: 填真实零售价(本币)
pig,MM,2023-05,,,kg,0.4,该国统计局/农业部官网（待手动补）,,TODO: 填真实零售价(本币)
pig,MM,2023-06,,,kg,0.4,该国统计局/农业部官网（待手动补）,,TODO: 填真实零售价(本币)
pig,MM,2023-07,,,kg,0.4,该国统计局/农业部官网（待手动补）,,TODO: 填真实零售价(本币)
pig,MM,2023-08,,,kg,0.4,该国统计局/农业部官网（待手动补）,,TODO: 填真实零售价(本币)
pig,MM,2023-09,,,kg,0.4,该国统计局/农业部官网（待手动补）,,TODO: 填真实零售价(本币)
pig,MM,2023-10,,,kg,0.4,该国统计局/农业部官网（待手动补）,,TODO: 填真实零售价(本币)
pig,MM,2023-11,,,kg,0.4,该国统计局/农业部官网（待手动补）,,TODO: 填真实零售价(本币)
pig,MM,2023-12,,,kg,0.4,该国统计局/农业部官网（待手动补）,,TODO: 填真实零售价(本币)
pig,MM,2024-01,,,kg,0.4,该国统计局/农业部官网（待手动补）,,TODO: 填真实零售价(本币)
pig,MM,2024-02,,,kg,0.4,该国统计局/农业部官网（待手动补）,,TODO: 填真实零售价(本币)
pig,MM,2024-03,,,kg,0.4,该国统计局/农业部官网（待手动补）,,TODO: 填真实零售价(本币)
pig,MM,2024-04,,,kg,0.4,该国统计局/农业部官网（待手动补）,,TODO: 填真实零售价(本币)
pig,MM,2024-05,,,kg,0.4,该国统计局/农业部官网（待手动补）,,TODO: 填真实零售价(本币)
pig,MM,2024-06,,,kg,0.4,该国统计局/农业部官网（待手动补）,,TODO: 填真实零售价(本币)
pig,MM,2024-07,,,kg,0.4,该国统计局/农业部官网（待手动补）,,TODO: 填真实零售价(本币)
pig,MM,2024-08,,,kg,0.4,该国统计局/农业部官网（待手动补）,,TODO: 填真实零售价(本币)
pig,MM,2024-09,,,kg,0.4,该国统计局/农业部官网（待手动补）,,TODO: 填真实零售价(本币)
pig,MM,2024-10,,,kg,0.4,该国统计局/农业部官网（待手动补）,,TODO: 填真实零售价(本币)
pig,MM,2024-11,,,kg,0.4,该国统计局/农业部官网（待手动补）,,TODO: 填真实零售价(本币)
pig,MM,2024-12,,,kg,0.4,该国统计局/农业部官网（待手动补）,,TODO: 填真实零售价(本币)
pig,MM,2025-01,,,kg,0.4,该国统计局/农业部官网（待手动补）,,TODO: 填真实零售价(本币)
pig,MM,2025-02,,,kg,0.4,该国统计局/农业部官网（待手动补）,,TODO: 填真实零售价(本币)
pig,MM,2025-03,,,kg,0.4,该国统计局/农业部官网（待手动补）,,TODO: 填真实零售价(本币)
pig,MM,2025-04,,,kg,0.4,该国统计局/农业部官网（待手动补）,,TODO: 填真实零售价(本币)
pig,MM,2025-05,,,kg,0.4,该国统计局/农业部官网（待手动补）,,TODO: 填真实零售价(本币)
pig,MM,2025-06,,,kg,0.4,该国统计局/农业部官网（待手动补）,,TODO: 填真实零售价(本币)
pig,MM,2025-07,,,kg,0.4,该国统计局/农业部官网（待手动补）,,TODO: 填真实零售价(本币)
pig,MM,2025-08,,,kg,0.4,该国统计局/农业部官网（待手动补）,,TODO: 填真实零售价(本币)
pig,MM,2025-09,,,kg,0.4,该国统计局/农业部官网（待手动补）,,TODO: 填真实零售价(本币)
pig,MM,2025-10,,,kg,0.4,该国统计局/农业部官网（待手动补）,,TODO: 填真实零售价(本币)
pig,MM,2025-11,,,kg,0.4,该国统计局/农业部官网（待手动补）,,TODO: 填真实零售价(本币)
pig,MM,2025-12,,,kg,0.4,该国统计局/农业部官网（待手动补）,,TODO: 填真实零售价(本币)
pig,MM,2026-01,,,kg,0.4,该国统计局/农业部官网（待手动补）,,TODO: 填真实零售价(本币)
pig,MM,2026-02,,,kg,0.4,该国统计局/农业部官网（待手动补）,,TODO: 填真实零售价(本币)
pig,MM,2026-03,,,kg,0.4,该国统计局/农业部官网（待手动补）,,TODO: 填真实零售价(本币)
pig,MM,2026-04,,,kg,0.4,该国统计局/农业部官网（待手动补）,,TODO: 填真实零售价(本币)
pig,MM,2026-05,,,kg,0.4,该国统计局/农业部官网（待手动补）,,TODO: 填真实零售价(本币)
pig,MM,2026-06,,,kg,0.4,该国统计局/农业部官网（待手动补）,,TODO: 填真实零售价(本币)
pig,MM,2026-07,,,kg,0.4,该国统计局/农业部官网（待手动补）,,TODO: 填真实零售价(本币)
pig,MM,2026-08,,,kg,0.4,该国统计局/农业部官网（待手动补）,,TODO: 填真实零售价(本币)
pig,LA,2021-01,,,kg,0.4,该国统计局/农业部官网（待手动补）,,TODO: 填真实零售价(本币)
pig,LA,2021-02,,,kg,0.4,该国统计局/农业部官网（待手动补）,,TODO: 填真实零售价(本币)
pig,LA,2021-03,,,kg,0.4,该国统计局/农业部官网（待手动补）,,TODO: 填真实零售价(本币)
pig,LA,2021-04,,,kg,0.4,该国统计局/农业部官网（待手动补）,,TODO: 填真实零售价(本币)
pig,LA,2021-05,,,kg,0.4,该国统计局/农业部官网（待手动补）,,TODO: 填真实零售价(本币)
pig,LA,2021-06,,,kg,0.4,该国统计局/农业部官网（待手动补）,,TODO: 填真实零售价(本币)
pig,LA,2021-07,,,kg,0.4,该国统计局/农业部官网（待手动补）,,TODO: 填真实零售价(本币)
pig,LA,2021-08,,,kg,0.4,该国统计局/农业部官网（待手动补）,,TODO: 填真实零售价(本币)
pig,LA,2021-09,,,kg,0.4,该国统计局/农业部官网（待手动补）,,TODO: 填真实零售价(本币)
pig,LA,2021-10,,,kg,0.4,该国统计局/农业部官网（待手动补）,,TODO: 填真实零售价(本币)
pig,LA,2021-11,,,kg,0.4,该国统计局/农业部官网（待手动补）,,TODO: 填真实零售价(本币)
pig,LA,2021-12,,,kg,0.4,该国统计局/农业部官网（待手动补）,,TODO: 填真实零售价(本币)
pig,LA,2022-01,,,kg,0.4,该国统计局/农业部官网（待手动补）,,TODO: 填真实零售价(本币)
pig,LA,2022-02,,,kg,0.4,该国统计局/农业部官网（待手动补）,,TODO: 填真实零售价(本币)
pig,LA,2022-03,,,kg,0.4,该国统计局/农业部官网（待手动补）,,TODO: 填真实零售价(本币)
pig,LA,2022-04,,,kg,0.4,该国统计局/农业部官网（待手动补）,,TODO: 填真实零售价(本币)
pig,LA,2022-05,,,kg,0.4,该国统计局/农业部官网（待手动补）,,TODO: 填真实零售价(本币)
pig,LA,2022-06,,,kg,0.4,该国统计局/农业部官网（待手动补）,,TODO: 填真实零售价(本币)
pig,LA,2022-07,,,kg,0.4,该国统计局/农业部官网（待手动补）,,TODO: 填真实零售价(本币)
pig,LA,2022-08,,,kg,0.4,该国统计局/农业部官网（待手动补）,,TODO: 填真实零售价(本币)
pig,LA,2022-09,,,kg,0.4,该国统计局/农业部官网（待手动补）,,TODO: 填真实零售价(本币)
pig,LA,2022-10,,,kg,0.4,该国统计局/农业部官网（待手动补）,,TODO: 填真实零售价(本币)
pig,LA,2022-11,,,kg,0.4,该国统计局/农业部官网（待手动补）,,TODO: 填真实零售价(本币)
pig,LA,2022-12,,,kg,0.4,该国统计局/农业部官网（待手动补）,,TODO: 填真实零售价(本币)
pig,LA,2023-01,,,kg,0.4,该国统计局/农业部官网（待手动补）,,TODO: 填真实零售价(本币)
pig,LA,2023-02,,,kg,0.4,该国统计局/农业部官网（待手动补）,,TODO: 填真实零售价(本币)
pig,LA,2023-03,,,kg,0.4,该国统计局/农业部官网（待手动补）,,TODO: 填真实零售价(本币)
pig,LA,2023-04,,,kg,0.4,该国统计局/农业部官网（待手动补）,,TODO: 填真实零售价(本币)
pig,LA,2023-05,,,kg,0.4,该国统计局/农业部官网（待手动补）,,TODO: 填真实零售价(本币)
pig,LA,2023-06,,,kg,0.4,该国统计局/农业部官网（待手动补）,,TODO: 填真实零售价(本币)
pig,LA,2023-07,,,kg,0.4,该国统计局/农业部官网（待手动补）,,TODO: 填真实零售价(本币)
pig,LA,2023-08,,,kg,0.4,该国统计局/农业部官网（待手动补）,,TODO: 填真实零售价(本币)
pig,LA,2023-09,,,kg,0.4,该国统计局/农业部官网（待手动补）,,TODO: 填真实零售价(本币)
pig,LA,2023-10,,,kg,0.4,该国统计局/农业部官网（待手动补）,,TODO: 填真实零售价(本币)
pig,LA,2023-11,,,kg,0.4,该国统计局/农业部官网（待手动补）,,TODO: 填真实零售价(本币)
pig,LA,2023-12,,,kg,0.4,该国统计局/农业部官网（待手动补）,,TODO: 填真实零售价(本币)
pig,LA,2024-01,,,kg,0.4,该国统计局/农业部官网（待手动补）,,TODO: 填真实零售价(本币)
pig,LA,2024-02,,,kg,0.4,该国统计局/农业部官网（待手动补）,,TODO: 填真实零售价(本币)
pig,LA,2024-03,,,kg,0.4,该国统计局/农业部官网（待手动补）,,TODO: 填真实零售价(本币)
pig,LA,2024-04,,,kg,0.4,该国统计局/农业部官网（待手动补）,,TODO: 填真实零售价(本币)
pig,LA,2024-05,,,kg,0.4,该国统计局/农业部官网（待手动补）,,TODO: 填真实零售价(本币)
pig,LA,2024-06,,,kg,0.4,该国统计局/农业部官网（待手动补）,,TODO: 填真实零售价(本币)
pig,LA,2024-07,,,kg,0.4,该国统计局/农业部官网（待手动补）,,TODO: 填真实零售价(本币)
pig,LA,2024-08,,,kg,0.4,该国统计局/农业部官网（待手动补）,,TODO: 填真实零售价(本币)
pig,LA,2024-09,,,kg,0.4,该国统计局/农业部官网（待手动补）,,TODO: 填真实零售价(本币)
pig,LA,2024-10,,,kg,0.4,该国统计局/农业部官网（待手动补）,,TODO: 填真实零售价(本币)
pig,LA,2024-11,,,kg,0.4,该国统计局/农业部官网（待手动补）,,TODO: 填真实零售价(本币)
pig,LA,2024-12,,,kg,0.4,该国统计局/农业部官网（待手动补）,,TODO: 填真实零售价(本币)
pig,LA,2025-01,,,kg,0.4,该国统计局/农业部官网（待手动补）,,TODO: 填真实零售价(本币)
pig,LA,2025-02,,,kg,0.4,该国统计局/农业部官网（待手动补）,,TODO: 填真实零售价(本币)
pig,LA,2025-03,,,kg,0.4,该国统计局/农业部官网（待手动补）,,TODO: 填真实零售价(本币)
pig,LA,2025-04,,,kg,0.4,该国统计局/农业部官网（待手动补）,,TODO: 填真实零售价(本币)
pig,LA,2025-05,,,kg,0.4,该国统计局/农业部官网（待手动补）,,TODO: 填真实零售价(本币)
pig,LA,2025-06,,,kg,0.4,该国统计局/农业部官网（待手动补）,,TODO: 填真实零售价(本币)
pig,LA,2025-07,,,kg,0.4,该国统计局/农业部官网（待手动补）,,TODO: 填真实零售价(本币)
pig,LA,2025-08,,,kg,0.4,该国统计局/农业部官网（待手动补）,,TODO: 填真实零售价(本币)
pig,LA,2025-09,,,kg,0.4,该国统计局/农业部官网（待手动补）,,TODO: 填真实零售价(本币)
pig,LA,2025-10,,,kg,0.4,该国统计局/农业部官网（待手动补）,,TODO: 填真实零售价(本币)
pig,LA,2025-11,,,kg,0.4,该国统计局/农业部官网（待手动补）,,TODO: 填真实零售价(本币)
pig,LA,2025-12,,,kg,0.4,该国统计局/农业部官网（待手动补）,,TODO: 填真实零售价(本币)
pig,LA,2026-01,,,kg,0.4,该国统计局/农业部官网（待手动补）,,TODO: 填真实零售价(本币)
pig,LA,2026-02,,,kg,0.4,该国统计局/农业部官网（待手动补）,,TODO: 填真实零售价(本币)
pig,LA,2026-03,,,kg,0.4,该国统计局/农业部官网（待手动补）,,TODO: 填真实零售价(本币)
pig,LA,2026-04,,,kg,0.4,该国统计局/农业部官网（待手动补）,,TODO: 填真实零售价(本币)
pig,LA,2026-05,,,kg,0.4,该国统计局/农业部官网（待手动补）,,TODO: 填真实零售价(本币)
pig,LA,2026-06,,,kg,0.4,该国统计局/农业部官网（待手动补）,,TODO: 填真实零售价(本币)
pig,LA,2026-07,,,kg,0.4,该国统计局/农业部官网（待手动补）,,TODO: 填真实零售价(本币)
pig,LA,2026-08,,,kg,0.4,该国统计局/农业部官网（待手动补）,,TODO: 填真实零售价(本币)
pig,KH,2021-01,,,kg,0.4,该国统计局/农业部官网（待手动补）,,TODO: 填真实零售价(本币)
pig,KH,2021-02,,,kg,0.4,该国统计局/农业部官网（待手动补）,,TODO: 填真实零售价(本币)
pig,KH,2021-03,,,kg,0.4,该国统计局/农业部官网（待手动补）,,TODO: 填真实零售价(本币)
pig,KH,2021-04,,,kg,0.4,该国统计局/农业部官网（待手动补）,,TODO: 填真实零售价(本币)
pig,KH,2021-05,,,kg,0.4,该国统计局/农业部官网（待手动补）,,TODO: 填真实零售价(本币)
pig,KH,2021-06,,,kg,0.4,该国统计局/农业部官网（待手动补）,,TODO: 填真实零售价(本币)
pig,KH,2021-07,,,kg,0.4,该国统计局/农业部官网（待手动补）,,TODO: 填真实零售价(本币)
pig,KH,2021-08,,,kg,0.4,该国统计局/农业部官网（待手动补）,,TODO: 填真实零售价(本币)
pig,KH,2021-09,,,kg,0.4,该国统计局/农业部官网（待手动补）,,TODO: 填真实零售价(本币)
pig,KH,2021-10,,,kg,0.4,该国统计局/农业部官网（待手动补）,,TODO: 填真实零售价(本币)
pig,KH,2021-11,,,kg,0.4,该国统计局/农业部官网（待手动补）,,TODO: 填真实零售价(本币)
pig,KH,2021-12,,,kg,0.4,该国统计局/农业部官网（待手动补）,,TODO: 填真实零售价(本币)
pig,KH,2022-01,,,kg,0.4,该国统计局/农业部官网（待手动补）,,TODO: 填真实零售价(本币)
pig,KH,2022-02,,,kg,0.4,该国统计局/农业部官网（待手动补）,,TODO: 填真实零售价(本币)
pig,KH,2022-03,,,kg,0.4,该国统计局/农业部官网（待手动补）,,TODO: 填真实零售价(本币)
pig,KH,2022-04,,,kg,0.4,该国统计局/农业部官网（待手动补）,,TODO: 填真实零售价(本币)
pig,KH,2022-05,,,kg,0.4,该国统计局/农业部官网（待手动补）,,TODO: 填真实零售价(本币)
pig,KH,2022-06,,,kg,0.4,该国统计局/农业部官网（待手动补）,,TODO: 填真实零售价(本币)
pig,KH,2022-07,,,kg,0.4,该国统计局/农业部官网（待手动补）,,TODO: 填真实零售价(本币)
pig,KH,2022-08,,,kg,0.4,该国统计局/农业部官网（待手动补）,,TODO: 填真实零售价(本币)
pig,KH,2022-09,,,kg,0.4,该国统计局/农业部官网（待手动补）,,TODO: 填真实零售价(本币)
pig,KH,2022-10,,,kg,0.4,该国统计局/农业部官网（待手动补）,,TODO: 填真实零售价(本币)
pig,KH,2022-11,,,kg,0.4,该国统计局/农业部官网（待手动补）,,TODO: 填真实零售价(本币)
pig,KH,2022-12,,,kg,0.4,该国统计局/农业部官网（待手动补）,,TODO: 填真实零售价(本币)
pig,KH,2023-01,,,kg,0.4,该国统计局/农业部官网（待手动补）,,TODO: 填真实零售价(本币)
pig,KH,2023-02,,,kg,0.4,该国统计局/农业部官网（待手动补）,,TODO: 填真实零售价(本币)
pig,KH,2023-03,,,kg,0.4,该国统计局/农业部官网（待手动补）,,TODO: 填真实零售价(本币)
pig,KH,2023-04,,,kg,0.4,该国统计局/农业部官网（待手动补）,,TODO: 填真实零售价(本币)
pig,KH,2023-05,,,kg,0.4,该国统计局/农业部官网（待手动补）,,TODO: 填真实零售价(本币)
pig,KH,2023-06,,,kg,0.4,该国统计局/农业部官网（待手动补）,,TODO: 填真实零售价(本币)
pig,KH,2023-07,,,kg,0.4,该国统计局/农业部官网（待手动补）,,TODO: 填真实零售价(本币)
pig,KH,2023-08,,,kg,0.4,该国统计局/农业部官网（待手动补）,,TODO: 填真实零售价(本币)
pig,KH,2023-09,,,kg,0.4,该国统计局/农业部官网（待手动补）,,TODO: 填真实零售价(本币)
pig,KH,2023-10,,,kg,0.4,该国统计局/农业部官网（待手动补）,,TODO: 填真实零售价(本币)
pig,KH,2023-11,,,kg,0.4,该国统计局/农业部官网（待手动补）,,TODO: 填真实零售价(本币)
pig,KH,2023-12,,,kg,0.4,该国统计局/农业部官网（待手动补）,,TODO: 填真实零售价(本币)
pig,KH,2024-01,,,kg,0.4,该国统计局/农业部官网（待手动补）,,TODO: 填真实零售价(本币)
pig,KH,2024-02,,,kg,0.4,该国统计局/农业部官网（待手动补）,,TODO: 填真实零售价(本币)
pig,KH,2024-03,,,kg,0.4,该国统计局/农业部官网（待手动补）,,TODO: 填真实零售价(本币)
pig,KH,2024-04,,,kg,0.4,该国统计局/农业部官网（待手动补）,,TODO: 填真实零售价(本币)
pig,KH,2024-05,,,kg,0.4,该国统计局/农业部官网（待手动补）,,TODO: 填真实零售价(本币)
pig,KH,2024-06,,,kg,0.4,该国统计局/农业部官网（待手动补）,,TODO: 填真实零售价(本币)
pig,KH,2024-07,,,kg,0.4,该国统计局/农业部官网（待手动补）,,TODO: 填真实零售价(本币)
pig,KH,2024-08,,,kg,0.4,该国统计局/农业部官网（待手动补）,,TODO: 填真实零售价(本币)
pig,KH,2024-09,,,kg,0.4,该国统计局/农业部官网（待手动补）,,TODO: 填真实零售价(本币)
pig,KH,2024-10,,,kg,0.4,该国统计局/农业部官网（待手动补）,,TODO: 填真实零售价(本币)
pig,KH,2024-11,,,kg,0.4,该国统计局/农业部官网（待手动补）,,TODO: 填真实零售价(本币)
pig,KH,2024-12,,,kg,0.4,该国统计局/农业部官网（待手动补）,,TODO: 填真实零售价(本币)
pig,KH,2025-01,,,kg,0.4,该国统计局/农业部官网（待手动补）,,TODO: 填真实零售价(本币)
pig,KH,2025-02,,,kg,0.4,该国统计局/农业部官网（待手动补）,,TODO: 填真实零售价(本币)
pig,KH,2025-03,,,kg,0.4,该国统计局/农业部官网（待手动补）,,TODO: 填真实零售价(本币)
pig,KH,2025-04,,,kg,0.4,该国统计局/农业部官网（待手动补）,,TODO: 填真实零售价(本币)
pig,KH,2025-05,,,kg,0.4,该国统计局/农业部官网（待手动补）,,TODO: 填真实零售价(本币)
pig,KH,2025-06,,,kg,0.4,该国统计局/农业部官网（待手动补）,,TODO: 填真实零售价(本币)
pig,KH,2025-07,,,kg,0.4,该国统计局/农业部官网（待手动补）,,TODO: 填真实零售价(本币)
pig,KH,2025-08,,,kg,0.4,该国统计局/农业部官网（待手动补）,,TODO: 填真实零售价(本币)
pig,KH,2025-09,,,kg,0.4,该国统计局/农业部官网（待手动补）,,TODO: 填真实零售价(本币)
pig,KH,2025-10,,,kg,0.4,该国统计局/农业部官网（待手动补）,,TODO: 填真实零售价(本币)
pig,KH,2025-11,,,kg,0.4,该国统计局/农业部官网（待手动补）,,TODO: 填真实零售价(本币)
pig,KH,2025-12,,,kg,0.4,该国统计局/农业部官网（待手动补）,,TODO: 填真实零售价(本币)
pig,KH,2026-01,,,kg,0.4,该国统计局/农业部官网（待手动补）,,TODO: 填真实零售价(本币)
pig,KH,2026-02,,,kg,0.4,该国统计局/农业部官网（待手动补）,,TODO: 填真实零售价(本币)
pig,KH,2026-03,,,kg,0.4,该国统计局/农业部官网（待手动补）,,TODO: 填真实零售价(本币)
pig,KH,2026-04,,,kg,0.4,该国统计局/农业部官网（待手动补）,,TODO: 填真实零售价(本币)
pig,KH,2026-05,,,kg,0.4,该国统计局/农业部官网（待手动补）,,TODO: 填真实零售价(本币)
pig,KH,2026-06,,,kg,0.4,该国统计局/农业部官网（待手动补）,,TODO: 填真实零售价(本币)
pig,KH,2026-07,,,kg,0.4,该国统计局/农业部官网（待手动补）,,TODO: 填真实零售价(本币)
pig,KH,2026-08,,,kg,0.4,该国统计局/农业部官网（待手动补）,,TODO: 填真实零售价(本币)
pig,IN,2021-01,,,kg,0.4,该国统计局/农业部官网（待手动补）,,TODO: 填真实零售价(本币)
pig,IN,2021-02,,,kg,0.4,该国统计局/农业部官网（待手动补）,,TODO: 填真实零售价(本币)
pig,IN,2021-03,,,kg,0.4,该国统计局/农业部官网（待手动补）,,TODO: 填真实零售价(本币)
pig,IN,2021-04,,,kg,0.4,该国统计局/农业部官网（待手动补）,,TODO: 填真实零售价(本币)
pig,IN,2021-05,,,kg,0.4,该国统计局/农业部官网（待手动补）,,TODO: 填真实零售价(本币)
pig,IN,2021-06,,,kg,0.4,该国统计局/农业部官网（待手动补）,,TODO: 填真实零售价(本币)
pig,IN,2021-07,,,kg,0.4,该国统计局/农业部官网（待手动补）,,TODO: 填真实零售价(本币)
pig,IN,2021-08,,,kg,0.4,该国统计局/农业部官网（待手动补）,,TODO: 填真实零售价(本币)
pig,IN,2021-09,,,kg,0.4,该国统计局/农业部官网（待手动补）,,TODO: 填真实零售价(本币)
pig,IN,2021-10,,,kg,0.4,该国统计局/农业部官网（待手动补）,,TODO: 填真实零售价(本币)
pig,IN,2021-11,,,kg,0.4,该国统计局/农业部官网（待手动补）,,TODO: 填真实零售价(本币)
pig,IN,2021-12,,,kg,0.4,该国统计局/农业部官网（待手动补）,,TODO: 填真实零售价(本币)
pig,IN,2022-01,,,kg,0.4,该国统计局/农业部官网（待手动补）,,TODO: 填真实零售价(本币)
pig,IN,2022-02,,,kg,0.4,该国统计局/农业部官网（待手动补）,,TODO: 填真实零售价(本币)
pig,IN,2022-03,,,kg,0.4,该国统计局/农业部官网（待手动补）,,TODO: 填真实零售价(本币)
pig,IN,2022-04,,,kg,0.4,该国统计局/农业部官网（待手动补）,,TODO: 填真实零售价(本币)
pig,IN,2022-05,,,kg,0.4,该国统计局/农业部官网（待手动补）,,TODO: 填真实零售价(本币)
pig,IN,2022-06,,,kg,0.4,该国统计局/农业部官网（待手动补）,,TODO: 填真实零售价(本币)
pig,IN,2022-07,,,kg,0.4,该国统计局/农业部官网（待手动补）,,TODO: 填真实零售价(本币)
pig,IN,2022-08,,,kg,0.4,该国统计局/农业部官网（待手动补）,,TODO: 填真实零售价(本币)
pig,IN,2022-09,,,kg,0.4,该国统计局/农业部官网（待手动补）,,TODO: 填真实零售价(本币)
pig,IN,2022-10,,,kg,0.4,该国统计局/农业部官网（待手动补）,,TODO: 填真实零售价(本币)
pig,IN,2022-11,,,kg,0.4,该国统计局/农业部官网（待手动补）,,TODO: 填真实零售价(本币)
pig,IN,2022-12,,,kg,0.4,该国统计局/农业部官网（待手动补）,,TODO: 填真实零售价(本币)
pig,IN,2023-01,,,kg,0.4,该国统计局/农业部官网（待手动补）,,TODO: 填真实零售价(本币)
pig,IN,2023-02,,,kg,0.4,该国统计局/农业部官网（待手动补）,,TODO: 填真实零售价(本币)
pig,IN,2023-03,,,kg,0.4,该国统计局/农业部官网（待手动补）,,TODO: 填真实零售价(本币)
pig,IN,2023-04,,,kg,0.4,该国统计局/农业部官网（待手动补）,,TODO: 填真实零售价(本币)
pig,IN,2023-05,,,kg,0.4,该国统计局/农业部官网（待手动补）,,TODO: 填真实零售价(本币)
pig,IN,2023-06,,,kg,0.4,该国统计局/农业部官网（待手动补）,,TODO: 填真实零售价(本币)
pig,IN,2023-07,,,kg,0.4,该国统计局/农业部官网（待手动补）,,TODO: 填真实零售价(本币)
pig,IN,2023-08,,,kg,0.4,该国统计局/农业部官网（待手动补）,,TODO: 填真实零售价(本币)
pig,IN,2023-09,,,kg,0.4,该国统计局/农业部官网（待手动补）,,TODO: 填真实零售价(本币)
pig,IN,2023-10,,,kg,0.4,该国统计局/农业部官网（待手动补）,,TODO: 填真实零售价(本币)
pig,IN,2023-11,,,kg,0.4,该国统计局/农业部官网（待手动补）,,TODO: 填真实零售价(本币)
pig,IN,2023-12,,,kg,0.4,该国统计局/农业部官网（待手动补）,,TODO: 填真实零售价(本币)
pig,IN,2024-01,,,kg,0.4,该国统计局/农业部官网（待手动补）,,TODO: 填真实零售价(本币)
pig,IN,2024-02,,,kg,0.4,该国统计局/农业部官网（待手动补）,,TODO: 填真实零售价(本币)
pig,IN,2024-03,,,kg,0.4,该国统计局/农业部官网（待手动补）,,TODO: 填真实零售价(本币)
pig,IN,2024-04,,,kg,0.4,该国统计局/农业部官网（待手动补）,,TODO: 填真实零售价(本币)
pig,IN,2024-05,,,kg,0.4,该国统计局/农业部官网（待手动补）,,TODO: 填真实零售价(本币)
pig,IN,2024-06,,,kg,0.4,该国统计局/农业部官网（待手动补）,,TODO: 填真实零售价(本币)
pig,IN,2024-07,,,kg,0.4,该国统计局/农业部官网（待手动补）,,TODO: 填真实零售价(本币)
pig,IN,2024-08,,,kg,0.4,该国统计局/农业部官网（待手动补）,,TODO: 填真实零售价(本币)
pig,IN,2024-09,,,kg,0.4,该国统计局/农业部官网（待手动补）,,TODO: 填真实零售价(本币)
pig,IN,2024-10,,,kg,0.4,该国统计局/农业部官网（待手动补）,,TODO: 填真实零售价(本币)
pig,IN,2024-11,,,kg,0.4,该国统计局/农业部官网（待手动补）,,TODO: 填真实零售价(本币)
pig,IN,2024-12,,,kg,0.4,该国统计局/农业部官网（待手动补）,,TODO: 填真实零售价(本币)
pig,IN,2025-01,,,kg,0.4,该国统计局/农业部官网（待手动补）,,TODO: 填真实零售价(本币)
pig,IN,2025-02,,,kg,0.4,该国统计局/农业部官网（待手动补）,,TODO: 填真实零售价(本币)
pig,IN,2025-03,,,kg,0.4,该国统计局/农业部官网（待手动补）,,TODO: 填真实零售价(本币)
pig,IN,2025-04,,,kg,0.4,该国统计局/农业部官网（待手动补）,,TODO: 填真实零售价(本币)
pig,IN,2025-05,,,kg,0.4,该国统计局/农业部官网（待手动补）,,TODO: 填真实零售价(本币)
pig,IN,2025-06,,,kg,0.4,该国统计局/农业部官网（待手动补）,,TODO: 填真实零售价(本币)
pig,IN,2025-07,,,kg,0.4,该国统计局/农业部官网（待手动补）,,TODO: 填真实零售价(本币)
pig,IN,2025-08,,,kg,0.4,该国统计局/农业部官网（待手动补）,,TODO: 填真实零售价(本币)
pig,IN,2025-09,,,kg,0.4,该国统计局/农业部官网（待手动补）,,TODO: 填真实零售价(本币)
pig,IN,2025-10,,,kg,0.4,该国统计局/农业部官网（待手动补）,,TODO: 填真实零售价(本币)
pig,IN,2025-11,,,kg,0.4,该国统计局/农业部官网（待手动补）,,TODO: 填真实零售价(本币)
pig,IN,2025-12,,,kg,0.4,该国统计局/农业部官网（待手动补）,,TODO: 填真实零售价(本币)
pig,IN,2026-01,,,kg,0.4,该国统计局/农业部官网（待手动补）,,TODO: 填真实零售价(本币)
pig,IN,2026-02,,,kg,0.4,该国统计局/农业部官网（待手动补）,,TODO: 填真实零售价(本币)
pig,IN,2026-03,,,kg,0.4,该国统计局/农业部官网（待手动补）,,TODO: 填真实零售价(本币)
pig,IN,2026-04,,,kg,0.4,该国统计局/农业部官网（待手动补）,,TODO: 填真实零售价(本币)
pig,IN,2026-05,,,kg,0.4,该国统计局/农业部官网（待手动补）,,TODO: 填真实零售价(本币)
pig,IN,2026-06,,,kg,0.4,该国统计局/农业部官网（待手动补）,,TODO: 填真实零售价(本币)
pig,IN,2026-07,,,kg,0.4,该国统计局/农业部官网（待手动补）,,TODO: 填真实零售价(本币)
pig,IN,2026-08,,,kg,0.4,该国统计局/农业部官网（待手动补）,,TODO: 填真实零售价(本币)
pig,BD,2021-01,,,kg,0.4,该国统计局/农业部官网（待手动补）,,TODO: 填真实零售价(本币)
pig,BD,2021-02,,,kg,0.4,该国统计局/农业部官网（待手动补）,,TODO: 填真实零售价(本币)
pig,BD,2021-03,,,kg,0.4,该国统计局/农业部官网（待手动补）,,TODO: 填真实零售价(本币)
pig,BD,2021-04,,,kg,0.4,该国统计局/农业部官网（待手动补）,,TODO: 填真实零售价(本币)
pig,BD,2021-05,,,kg,0.4,该国统计局/农业部官网（待手动补）,,TODO: 填真实零售价(本币)
pig,BD,2021-06,,,kg,0.4,该国统计局/农业部官网（待手动补）,,TODO: 填真实零售价(本币)
pig,BD,2021-07,,,kg,0.4,该国统计局/农业部官网（待手动补）,,TODO: 填真实零售价(本币)
pig,BD,2021-08,,,kg,0.4,该国统计局/农业部官网（待手动补）,,TODO: 填真实零售价(本币)
pig,BD,2021-09,,,kg,0.4,该国统计局/农业部官网（待手动补）,,TODO: 填真实零售价(本币)
pig,BD,2021-10,,,kg,0.4,该国统计局/农业部官网（待手动补）,,TODO: 填真实零售价(本币)
pig,BD,2021-11,,,kg,0.4,该国统计局/农业部官网（待手动补）,,TODO: 填真实零售价(本币)
pig,BD,2021-12,,,kg,0.4,该国统计局/农业部官网（待手动补）,,TODO: 填真实零售价(本币)
pig,BD,2022-01,,,kg,0.4,该国统计局/农业部官网（待手动补）,,TODO: 填真实零售价(本币)
pig,BD,2022-02,,,kg,0.4,该国统计局/农业部官网（待手动补）,,TODO: 填真实零售价(本币)
pig,BD,2022-03,,,kg,0.4,该国统计局/农业部官网（待手动补）,,TODO: 填真实零售价(本币)
pig,BD,2022-04,,,kg,0.4,该国统计局/农业部官网（待手动补）,,TODO: 填真实零售价(本币)
pig,BD,2022-05,,,kg,0.4,该国统计局/农业部官网（待手动补）,,TODO: 填真实零售价(本币)
pig,BD,2022-06,,,kg,0.4,该国统计局/农业部官网（待手动补）,,TODO: 填真实零售价(本币)
pig,BD,2022-07,,,kg,0.4,该国统计局/农业部官网（待手动补）,,TODO: 填真实零售价(本币)
pig,BD,2022-08,,,kg,0.4,该国统计局/农业部官网（待手动补）,,TODO: 填真实零售价(本币)
pig,BD,2022-09,,,kg,0.4,该国统计局/农业部官网（待手动补）,,TODO: 填真实零售价(本币)
pig,BD,2022-10,,,kg,0.4,该国统计局/农业部官网（待手动补）,,TODO: 填真实零售价(本币)
pig,BD,2022-11,,,kg,0.4,该国统计局/农业部官网（待手动补）,,TODO: 填真实零售价(本币)
pig,BD,2022-12,,,kg,0.4,该国统计局/农业部官网（待手动补）,,TODO: 填真实零售价(本币)
pig,BD,2023-01,,,kg,0.4,该国统计局/农业部官网（待手动补）,,TODO: 填真实零售价(本币)
pig,BD,2023-02,,,kg,0.4,该国统计局/农业部官网（待手动补）,,TODO: 填真实零售价(本币)
pig,BD,2023-03,,,kg,0.4,该国统计局/农业部官网（待手动补）,,TODO: 填真实零售价(本币)
pig,BD,2023-04,,,kg,0.4,该国统计局/农业部官网（待手动补）,,TODO: 填真实零售价(本币)
pig,BD,2023-05,,,kg,0.4,该国统计局/农业部官网（待手动补）,,TODO: 填真实零售价(本币)
pig,BD,2023-06,,,kg,0.4,该国统计局/农业部官网（待手动补）,,TODO: 填真实零售价(本币)
pig,BD,2023-07,,,kg,0.4,该国统计局/农业部官网（待手动补）,,TODO: 填真实零售价(本币)
pig,BD,2023-08,,,kg,0.4,该国统计局/农业部官网（待手动补）,,TODO: 填真实零售价(本币)
pig,BD,2023-09,,,kg,0.4,该国统计局/农业部官网（待手动补）,,TODO: 填真实零售价(本币)
pig,BD,2023-10,,,kg,0.4,该国统计局/农业部官网（待手动补）,,TODO: 填真实零售价(本币)
pig,BD,2023-11,,,kg,0.4,该国统计局/农业部官网（待手动补）,,TODO: 填真实零售价(本币)
pig,BD,2023-12,,,kg,0.4,该国统计局/农业部官网（待手动补）,,TODO: 填真实零售价(本币)
pig,BD,2024-01,,,kg,0.4,该国统计局/农业部官网（待手动补）,,TODO: 填真实零售价(本币)
pig,BD,2024-02,,,kg,0.4,该国统计局/农业部官网（待手动补）,,TODO: 填真实零售价(本币)
pig,BD,2024-03,,,kg,0.4,该国统计局/农业部官网（待手动补）,,TODO: 填真实零售价(本币)
pig,BD,2024-04,,,kg,0.4,该国统计局/农业部官网（待手动补）,,TODO: 填真实零售价(本币)
pig,BD,2024-05,,,kg,0.4,该国统计局/农业部官网（待手动补）,,TODO: 填真实零售价(本币)
pig,BD,2024-06,,,kg,0.4,该国统计局/农业部官网（待手动补）,,TODO: 填真实零售价(本币)
pig,BD,2024-07,,,kg,0.4,该国统计局/农业部官网（待手动补）,,TODO: 填真实零售价(本币)
pig,BD,2024-08,,,kg,0.4,该国统计局/农业部官网（待手动补）,,TODO: 填真实零售价(本币)
pig,BD,2024-09,,,kg,0.4,该国统计局/农业部官网（待手动补）,,TODO: 填真实零售价(本币)
pig,BD,2024-10,,,kg,0.4,该国统计局/农业部官网（待手动补）,,TODO: 填真实零售价(本币)
pig,BD,2024-11,,,kg,0.4,该国统计局/农业部官网（待手动补）,,TODO: 填真实零售价(本币)
pig,BD,2024-12,,,kg,0.4,该国统计局/农业部官网（待手动补）,,TODO: 填真实零售价(本币)
pig,BD,2025-01,,,kg,0.4,该国统计局/农业部官网（待手动补）,,TODO: 填真实零售价(本币)
pig,BD,2025-02,,,kg,0.4,该国统计局/农业部官网（待手动补）,,TODO: 填真实零售价(本币)
pig,BD,2025-03,,,kg,0.4,该国统计局/农业部官网（待手动补）,,TODO: 填真实零售价(本币)
pig,BD,2025-04,,,kg,0.4,该国统计局/农业部官网（待手动补）,,TODO: 填真实零售价(本币)
pig,BD,2025-05,,,kg,0.4,该国统计局/农业部官网（待手动补）,,TODO: 填真实零售价(本币)
pig,BD,2025-06,,,kg,0.4,该国统计局/农业部官网（待手动补）,,TODO: 填真实零售价(本币)
pig,BD,2025-07,,,kg,0.4,该国统计局/农业部官网（待手动补）,,TODO: 填真实零售价(本币)
pig,BD,2025-08,,,kg,0.4,该国统计局/农业部官网（待手动补）,,TODO: 填真实零售价(本币)
pig,BD,2025-09,,,kg,0.4,该国统计局/农业部官网（待手动补）,,TODO: 填真实零售价(本币)
pig,BD,2025-10,,,kg,0.4,该国统计局/农业部官网（待手动补）,,TODO: 填真实零售价(本币)
pig,BD,2025-11,,,kg,0.4,该国统计局/农业部官网（待手动补）,,TODO: 填真实零售价(本币)
pig,BD,2025-12,,,kg,0.4,该国统计局/农业部官网（待手动补）,,TODO: 填真实零售价(本币)
pig,BD,2026-01,,,kg,0.4,该国统计局/农业部官网（待手动补）,,TODO: 填真实零售价(本币)
pig,BD,2026-02,,,kg,0.4,该国统计局/农业部官网（待手动补）,,TODO: 填真实零售价(本币)
pig,BD,2026-03,,,kg,0.4,该国统计局/农业部官网（待手动补）,,TODO: 填真实零售价(本币)
pig,BD,2026-04,,,kg,0.4,该国统计局/农业部官网（待手动补）,,TODO: 填真实零售价(本币)
pig,BD,2026-05,,,kg,0.4,该国统计局/农业部官网（待手动补）,,TODO: 填真实零售价(本币)
pig,BD,2026-06,,,kg,0.4,该国统计局/农业部官网（待手动补）,,TODO: 填真实零售价(本币)
pig,BD,2026-07,,,kg,0.4,该国统计局/农业部官网（待手动补）,,TODO: 填真实零售价(本币)
pig,BD,2026-08,,,kg,0.4,该国统计局/农业部官网（待手动补）,,TODO: 填真实零售价(本币)
pig,ID,2021-01,,,kg,0.4,该国统计局/农业部官网（待手动补）,,TODO: 填真实零售价(本币)
pig,ID,2021-02,,,kg,0.4,该国统计局/农业部官网（待手动补）,,TODO: 填真实零售价(本币)
pig,ID,2021-03,,,kg,0.4,该国统计局/农业部官网（待手动补）,,TODO: 填真实零售价(本币)
pig,ID,2021-04,,,kg,0.4,该国统计局/农业部官网（待手动补）,,TODO: 填真实零售价(本币)
pig,ID,2021-05,,,kg,0.4,该国统计局/农业部官网（待手动补）,,TODO: 填真实零售价(本币)
pig,ID,2021-06,,,kg,0.4,该国统计局/农业部官网（待手动补）,,TODO: 填真实零售价(本币)
pig,ID,2021-07,,,kg,0.4,该国统计局/农业部官网（待手动补）,,TODO: 填真实零售价(本币)
pig,ID,2021-08,,,kg,0.4,该国统计局/农业部官网（待手动补）,,TODO: 填真实零售价(本币)
pig,ID,2021-09,,,kg,0.4,该国统计局/农业部官网（待手动补）,,TODO: 填真实零售价(本币)
pig,ID,2021-10,,,kg,0.4,该国统计局/农业部官网（待手动补）,,TODO: 填真实零售价(本币)
pig,ID,2021-11,,,kg,0.4,该国统计局/农业部官网（待手动补）,,TODO: 填真实零售价(本币)
pig,ID,2021-12,,,kg,0.4,该国统计局/农业部官网（待手动补）,,TODO: 填真实零售价(本币)
pig,ID,2022-01,,,kg,0.4,该国统计局/农业部官网（待手动补）,,TODO: 填真实零售价(本币)
pig,ID,2022-02,,,kg,0.4,该国统计局/农业部官网（待手动补）,,TODO: 填真实零售价(本币)
pig,ID,2022-03,,,kg,0.4,该国统计局/农业部官网（待手动补）,,TODO: 填真实零售价(本币)
pig,ID,2022-04,,,kg,0.4,该国统计局/农业部官网（待手动补）,,TODO: 填真实零售价(本币)
pig,ID,2022-05,,,kg,0.4,该国统计局/农业部官网（待手动补）,,TODO: 填真实零售价(本币)
pig,ID,2022-06,,,kg,0.4,该国统计局/农业部官网（待手动补）,,TODO: 填真实零售价(本币)
pig,ID,2022-07,,,kg,0.4,该国统计局/农业部官网（待手动补）,,TODO: 填真实零售价(本币)
pig,ID,2022-08,,,kg,0.4,该国统计局/农业部官网（待手动补）,,TODO: 填真实零售价(本币)
pig,ID,2022-09,,,kg,0.4,该国统计局/农业部官网（待手动补）,,TODO: 填真实零售价(本币)
pig,ID,2022-10,,,kg,0.4,该国统计局/农业部官网（待手动补）,,TODO: 填真实零售价(本币)
pig,ID,2022-11,,,kg,0.4,该国统计局/农业部官网（待手动补）,,TODO: 填真实零售价(本币)
pig,ID,2022-12,,,kg,0.4,该国统计局/农业部官网（待手动补）,,TODO: 填真实零售价(本币)
pig,ID,2023-01,,,kg,0.4,该国统计局/农业部官网（待手动补）,,TODO: 填真实零售价(本币)
pig,ID,2023-02,,,kg,0.4,该国统计局/农业部官网（待手动补）,,TODO: 填真实零售价(本币)
pig,ID,2023-03,,,kg,0.4,该国统计局/农业部官网（待手动补）,,TODO: 填真实零售价(本币)
pig,ID,2023-04,,,kg,0.4,该国统计局/农业部官网（待手动补）,,TODO: 填真实零售价(本币)
pig,ID,2023-05,,,kg,0.4,该国统计局/农业部官网（待手动补）,,TODO: 填真实零售价(本币)
pig,ID,2023-06,,,kg,0.4,该国统计局/农业部官网（待手动补）,,TODO: 填真实零售价(本币)
pig,ID,2023-07,,,kg,0.4,该国统计局/农业部官网（待手动补）,,TODO: 填真实零售价(本币)
pig,ID,2023-08,,,kg,0.4,该国统计局/农业部官网（待手动补）,,TODO: 填真实零售价(本币)
pig,ID,2023-09,,,kg,0.4,该国统计局/农业部官网（待手动补）,,TODO: 填真实零售价(本币)
pig,ID,2023-10,,,kg,0.4,该国统计局/农业部官网（待手动补）,,TODO: 填真实零售价(本币)
pig,ID,2023-11,,,kg,0.4,该国统计局/农业部官网（待手动补）,,TODO: 填真实零售价(本币)
pig,ID,2023-12,,,kg,0.4,该国统计局/农业部官网（待手动补）,,TODO: 填真实零售价(本币)
pig,ID,2024-01,,,kg,0.4,该国统计局/农业部官网（待手动补）,,TODO: 填真实零售价(本币)
pig,ID,2024-02,,,kg,0.4,该国统计局/农业部官网（待手动补）,,TODO: 填真实零售价(本币)
pig,ID,2024-03,,,kg,0.4,该国统计局/农业部官网（待手动补）,,TODO: 填真实零售价(本币)
pig,ID,2024-04,,,kg,0.4,该国统计局/农业部官网（待手动补）,,TODO: 填真实零售价(本币)
pig,ID,2024-05,,,kg,0.4,该国统计局/农业部官网（待手动补）,,TODO: 填真实零售价(本币)
pig,ID,2024-06,,,kg,0.4,该国统计局/农业部官网（待手动补）,,TODO: 填真实零售价(本币)
pig,ID,2024-07,,,kg,0.4,该国统计局/农业部官网（待手动补）,,TODO: 填真实零售价(本币)
pig,ID,2024-08,,,kg,0.4,该国统计局/农业部官网（待手动补）,,TODO: 填真实零售价(本币)
pig,ID,2024-09,,,kg,0.4,该国统计局/农业部官网（待手动补）,,TODO: 填真实零售价(本币)
pig,ID,2024-10,,,kg,0.4,该国统计局/农业部官网（待手动补）,,TODO: 填真实零售价(本币)
pig,ID,2024-11,,,kg,0.4,该国统计局/农业部官网（待手动补）,,TODO: 填真实零售价(本币)
pig,ID,2024-12,,,kg,0.4,该国统计局/农业部官网（待手动补）,,TODO: 填真实零售价(本币)
pig,ID,2025-01,,,kg,0.4,该国统计局/农业部官网（待手动补）,,TODO: 填真实零售价(本币)
pig,ID,2025-02,,,kg,0.4,该国统计局/农业部官网（待手动补）,,TODO: 填真实零售价(本币)
pig,ID,2025-03,,,kg,0.4,该国统计局/农业部官网（待手动补）,,TODO: 填真实零售价(本币)
pig,ID,2025-04,,,kg,0.4,该国统计局/农业部官网（待手动补）,,TODO: 填真实零售价(本币)
pig,ID,2025-05,,,kg,0.4,该国统计局/农业部官网（待手动补）,,TODO: 填真实零售价(本币)
pig,ID,2025-06,,,kg,0.4,该国统计局/农业部官网（待手动补）,,TODO: 填真实零售价(本币)
pig,ID,2025-07,,,kg,0.4,该国统计局/农业部官网（待手动补）,,TODO: 填真实零售价(本币)
pig,ID,2025-08,,,kg,0.4,该国统计局/农业部官网（待手动补）,,TODO: 填真实零售价(本币)
pig,ID,2025-09,,,kg,0.4,该国统计局/农业部官网（待手动补）,,TODO: 填真实零售价(本币)
pig,ID,2025-10,,,kg,0.4,该国统计局/农业部官网（待手动补）,,TODO: 填真实零售价(本币)
pig,ID,2025-11,,,kg,0.4,该国统计局/农业部官网（待手动补）,,TODO: 填真实零售价(本币)
pig,ID,2025-12,,,kg,0.4,该国统计局/农业部官网（待手动补）,,TODO: 填真实零售价(本币)
pig,ID,2026-01,,,kg,0.4,该国统计局/农业部官网（待手动补）,,TODO: 填真实零售价(本币)
pig,ID,2026-02,,,kg,0.4,该国统计局/农业部官网（待手动补）,,TODO: 填真实零售价(本币)
pig,ID,2026-03,,,kg,0.4,该国统计局/农业部官网（待手动补）,,TODO: 填真实零售价(本币)
pig,ID,2026-04,,,kg,0.4,该国统计局/农业部官网（待手动补）,,TODO: 填真实零售价(本币)
pig,ID,2026-05,,,kg,0.4,该国统计局/农业部官网（待手动补）,,TODO: 填真实零售价(本币)
pig,ID,2026-06,,,kg,0.4,该国统计局/农业部官网（待手动补）,,TODO: 填真实零售价(本币)
pig,ID,2026-07,,,kg,0.4,该国统计局/农业部官网（待手动补）,,TODO: 填真实零售价(本币)
pig,ID,2026-08,,,kg,0.4,该国统计局/农业部官网（待手动补）,,TODO: 填真实零售价(本币)
pig,MY,2021-01,,,kg,0.4,该国统计局/农业部官网（待手动补）,,TODO: 填真实零售价(本币)
pig,MY,2021-02,,,kg,0.4,该国统计局/农业部官网（待手动补）,,TODO: 填真实零售价(本币)
pig,MY,2021-03,,,kg,0.4,该国统计局/农业部官网（待手动补）,,TODO: 填真实零售价(本币)
pig,MY,2021-04,,,kg,0.4,该国统计局/农业部官网（待手动补）,,TODO: 填真实零售价(本币)
pig,MY,2021-05,,,kg,0.4,该国统计局/农业部官网（待手动补）,,TODO: 填真实零售价(本币)
pig,MY,2021-06,,,kg,0.4,该国统计局/农业部官网（待手动补）,,TODO: 填真实零售价(本币)
pig,MY,2021-07,,,kg,0.4,该国统计局/农业部官网（待手动补）,,TODO: 填真实零售价(本币)
pig,MY,2021-08,,,kg,0.4,该国统计局/农业部官网（待手动补）,,TODO: 填真实零售价(本币)
pig,MY,2021-09,,,kg,0.4,该国统计局/农业部官网（待手动补）,,TODO: 填真实零售价(本币)
pig,MY,2021-10,,,kg,0.4,该国统计局/农业部官网（待手动补）,,TODO: 填真实零售价(本币)
pig,MY,2021-11,,,kg,0.4,该国统计局/农业部官网（待手动补）,,TODO: 填真实零售价(本币)
pig,MY,2021-12,,,kg,0.4,该国统计局/农业部官网（待手动补）,,TODO: 填真实零售价(本币)
pig,MY,2022-01,,,kg,0.4,该国统计局/农业部官网（待手动补）,,TODO: 填真实零售价(本币)
pig,MY,2022-02,,,kg,0.4,该国统计局/农业部官网（待手动补）,,TODO: 填真实零售价(本币)
pig,MY,2022-03,,,kg,0.4,该国统计局/农业部官网（待手动补）,,TODO: 填真实零售价(本币)
pig,MY,2022-04,,,kg,0.4,该国统计局/农业部官网（待手动补）,,TODO: 填真实零售价(本币)
pig,MY,2022-05,,,kg,0.4,该国统计局/农业部官网（待手动补）,,TODO: 填真实零售价(本币)
pig,MY,2022-06,,,kg,0.4,该国统计局/农业部官网（待手动补）,,TODO: 填真实零售价(本币)
pig,MY,2022-07,,,kg,0.4,该国统计局/农业部官网（待手动补）,,TODO: 填真实零售价(本币)
pig,MY,2022-08,,,kg,0.4,该国统计局/农业部官网（待手动补）,,TODO: 填真实零售价(本币)
pig,MY,2022-09,,,kg,0.4,该国统计局/农业部官网（待手动补）,,TODO: 填真实零售价(本币)
pig,MY,2022-10,,,kg,0.4,该国统计局/农业部官网（待手动补）,,TODO: 填真实零售价(本币)
pig,MY,2022-11,,,kg,0.4,该国统计局/农业部官网（待手动补）,,TODO: 填真实零售价(本币)
pig,MY,2022-12,,,kg,0.4,该国统计局/农业部官网（待手动补）,,TODO: 填真实零售价(本币)
pig,MY,2023-01,,,kg,0.4,该国统计局/农业部官网（待手动补）,,TODO: 填真实零售价(本币)
pig,MY,2023-02,,,kg,0.4,该国统计局/农业部官网（待手动补）,,TODO: 填真实零售价(本币)
pig,MY,2023-03,,,kg,0.4,该国统计局/农业部官网（待手动补）,,TODO: 填真实零售价(本币)
pig,MY,2023-04,,,kg,0.4,该国统计局/农业部官网（待手动补）,,TODO: 填真实零售价(本币)
pig,MY,2023-05,,,kg,0.4,该国统计局/农业部官网（待手动补）,,TODO: 填真实零售价(本币)
pig,MY,2023-06,,,kg,0.4,该国统计局/农业部官网（待手动补）,,TODO: 填真实零售价(本币)
pig,MY,2023-07,,,kg,0.4,该国统计局/农业部官网（待手动补）,,TODO: 填真实零售价(本币)
pig,MY,2023-08,,,kg,0.4,该国统计局/农业部官网（待手动补）,,TODO: 填真实零售价(本币)
pig,MY,2023-09,,,kg,0.4,该国统计局/农业部官网（待手动补）,,TODO: 填真实零售价(本币)
pig,MY,2023-10,,,kg,0.4,该国统计局/农业部官网（待手动补）,,TODO: 填真实零售价(本币)
pig,MY,2023-11,,,kg,0.4,该国统计局/农业部官网（待手动补）,,TODO: 填真实零售价(本币)
pig,MY,2023-12,,,kg,0.4,该国统计局/农业部官网（待手动补）,,TODO: 填真实零售价(本币)
pig,MY,2024-01,,,kg,0.4,该国统计局/农业部官网（待手动补）,,TODO: 填真实零售价(本币)
pig,MY,2024-02,,,kg,0.4,该国统计局/农业部官网（待手动补）,,TODO: 填真实零售价(本币)
pig,MY,2024-03,,,kg,0.4,该国统计局/农业部官网（待手动补）,,TODO: 填真实零售价(本币)
pig,MY,2024-04,,,kg,0.4,该国统计局/农业部官网（待手动补）,,TODO: 填真实零售价(本币)
pig,MY,2024-05,,,kg,0.4,该国统计局/农业部官网（待手动补）,,TODO: 填真实零售价(本币)
pig,MY,2024-06,,,kg,0.4,该国统计局/农业部官网（待手动补）,,TODO: 填真实零售价(本币)
pig,MY,2024-07,,,kg,0.4,该国统计局/农业部官网（待手动补）,,TODO: 填真实零售价(本币)
pig,MY,2024-08,,,kg,0.4,该国统计局/农业部官网（待手动补）,,TODO: 填真实零售价(本币)
pig,MY,2024-09,,,kg,0.4,该国统计局/农业部官网（待手动补）,,TODO: 填真实零售价(本币)
pig,MY,2024-10,,,kg,0.4,该国统计局/农业部官网（待手动补）,,TODO: 填真实零售价(本币)
pig,MY,2024-11,,,kg,0.4,该国统计局/农业部官网（待手动补）,,TODO: 填真实零售价(本币)
pig,MY,2024-12,,,kg,0.4,该国统计局/农业部官网（待手动补）,,TODO: 填真实零售价(本币)
pig,MY,2025-01,,,kg,0.4,该国统计局/农业部官网（待手动补）,,TODO: 填真实零售价(本币)
pig,MY,2025-02,,,kg,0.4,该国统计局/农业部官网（待手动补）,,TODO: 填真实零售价(本币)
pig,MY,2025-03,,,kg,0.4,该国统计局/农业部官网（待手动补）,,TODO: 填真实零售价(本币)
pig,MY,2025-04,,,kg,0.4,该国统计局/农业部官网（待手动补）,,TODO: 填真实零售价(本币)
pig,MY,2025-05,,,kg,0.4,该国统计局/农业部官网（待手动补）,,TODO: 填真实零售价(本币)
pig,MY,2025-06,,,kg,0.4,该国统计局/农业部官网（待手动补）,,TODO: 填真实零售价(本币)
pig,MY,2025-07,,,kg,0.4,该国统计局/农业部官网（待手动补）,,TODO: 填真实零售价(本币)
pig,MY,2025-08,,,kg,0.4,该国统计局/农业部官网（待手动补）,,TODO: 填真实零售价(本币)
pig,MY,2025-09,,,kg,0.4,该国统计局/农业部官网（待手动补）,,TODO: 填真实零售价(本币)
pig,MY,2025-10,,,kg,0.4,该国统计局/农业部官网（待手动补）,,TODO: 填真实零售价(本币)
pig,MY,2025-11,,,kg,0.4,该国统计局/农业部官网（待手动补）,,TODO: 填真实零售价(本币)
pig,MY,2025-12,,,kg,0.4,该国统计局/农业部官网（待手动补）,,TODO: 填真实零售价(本币)
pig,MY,2026-01,,,kg,0.4,该国统计局/农业部官网（待手动补）,,TODO: 填真实零售价(本币)
pig,MY,2026-02,,,kg,0.4,该国统计局/农业部官网（待手动补）,,TODO: 填真实零售价(本币)
pig,MY,2026-03,,,kg,0.4,该国统计局/农业部官网（待手动补）,,TODO: 填真实零售价(本币)
pig,MY,2026-04,,,kg,0.4,该国统计局/农业部官网（待手动补）,,TODO: 填真实零售价(本币)
pig,MY,2026-05,,,kg,0.4,该国统计局/农业部官网（待手动补）,,TODO: 填真实零售价(本币)
pig,MY,2026-06,,,kg,0.4,该国统计局/农业部官网（待手动补）,,TODO: 填真实零售价(本币)
pig,MY,2026-07,,,kg,0.4,该国统计局/农业部官网（待手动补）,,TODO: 填真实零售价(本币)
pig,MY,2026-08,,,kg,0.4,该国统计局/农业部官网（待手动补）,,TODO: 填真实零售价(本币)
pig,PH,2021-01,,,kg,0.4,该国统计局/农业部官网（待手动补）,,TODO: 填真实零售价(本币)
pig,PH,2021-02,,,kg,0.4,该国统计局/农业部官网（待手动补）,,TODO: 填真实零售价(本币)
pig,PH,2021-03,,,kg,0.4,该国统计局/农业部官网（待手动补）,,TODO: 填真实零售价(本币)
pig,PH,2021-04,,,kg,0.4,该国统计局/农业部官网（待手动补）,,TODO: 填真实零售价(本币)
pig,PH,2021-05,,,kg,0.4,该国统计局/农业部官网（待手动补）,,TODO: 填真实零售价(本币)
pig,PH,2021-06,,,kg,0.4,该国统计局/农业部官网（待手动补）,,TODO: 填真实零售价(本币)
pig,PH,2021-07,,,kg,0.4,该国统计局/农业部官网（待手动补）,,TODO: 填真实零售价(本币)
pig,PH,2021-08,,,kg,0.4,该国统计局/农业部官网（待手动补）,,TODO: 填真实零售价(本币)
pig,PH,2021-09,,,kg,0.4,该国统计局/农业部官网（待手动补）,,TODO: 填真实零售价(本币)
pig,PH,2021-10,,,kg,0.4,该国统计局/农业部官网（待手动补）,,TODO: 填真实零售价(本币)
pig,PH,2021-11,,,kg,0.4,该国统计局/农业部官网（待手动补）,,TODO: 填真实零售价(本币)
pig,PH,2021-12,,,kg,0.4,该国统计局/农业部官网（待手动补）,,TODO: 填真实零售价(本币)
pig,PH,2022-01,,,kg,0.4,该国统计局/农业部官网（待手动补）,,TODO: 填真实零售价(本币)
pig,PH,2022-02,,,kg,0.4,该国统计局/农业部官网（待手动补）,,TODO: 填真实零售价(本币)
pig,PH,2022-03,,,kg,0.4,该国统计局/农业部官网（待手动补）,,TODO: 填真实零售价(本币)
pig,PH,2022-04,,,kg,0.4,该国统计局/农业部官网（待手动补）,,TODO: 填真实零售价(本币)
pig,PH,2022-05,,,kg,0.4,该国统计局/农业部官网（待手动补）,,TODO: 填真实零售价(本币)
pig,PH,2022-06,,,kg,0.4,该国统计局/农业部官网（待手动补）,,TODO: 填真实零售价(本币)
pig,PH,2022-07,,,kg,0.4,该国统计局/农业部官网（待手动补）,,TODO: 填真实零售价(本币)
pig,PH,2022-08,,,kg,0.4,该国统计局/农业部官网（待手动补）,,TODO: 填真实零售价(本币)
pig,PH,2022-09,,,kg,0.4,该国统计局/农业部官网（待手动补）,,TODO: 填真实零售价(本币)
pig,PH,2022-10,,,kg,0.4,该国统计局/农业部官网（待手动补）,,TODO: 填真实零售价(本币)
pig,PH,2022-11,,,kg,0.4,该国统计局/农业部官网（待手动补）,,TODO: 填真实零售价(本币)
pig,PH,2022-12,,,kg,0.4,该国统计局/农业部官网（待手动补）,,TODO: 填真实零售价(本币)
pig,PH,2023-01,,,kg,0.4,该国统计局/农业部官网（待手动补）,,TODO: 填真实零售价(本币)
pig,PH,2023-02,,,kg,0.4,该国统计局/农业部官网（待手动补）,,TODO: 填真实零售价(本币)
pig,PH,2023-03,,,kg,0.4,该国统计局/农业部官网（待手动补）,,TODO: 填真实零售价(本币)
pig,PH,2023-04,,,kg,0.4,该国统计局/农业部官网（待手动补）,,TODO: 填真实零售价(本币)
pig,PH,2023-05,,,kg,0.4,该国统计局/农业部官网（待手动补）,,TODO: 填真实零售价(本币)
pig,PH,2023-06,,,kg,0.4,该国统计局/农业部官网（待手动补）,,TODO: 填真实零售价(本币)
pig,PH,2023-07,,,kg,0.4,该国统计局/农业部官网（待手动补）,,TODO: 填真实零售价(本币)
pig,PH,2023-08,,,kg,0.4,该国统计局/农业部官网（待手动补）,,TODO: 填真实零售价(本币)
pig,PH,2023-09,,,kg,0.4,该国统计局/农业部官网（待手动补）,,TODO: 填真实零售价(本币)
pig,PH,2023-10,,,kg,0.4,该国统计局/农业部官网（待手动补）,,TODO: 填真实零售价(本币)
pig,PH,2023-11,,,kg,0.4,该国统计局/农业部官网（待手动补）,,TODO: 填真实零售价(本币)
pig,PH,2023-12,,,kg,0.4,该国统计局/农业部官网（待手动补）,,TODO: 填真实零售价(本币)
pig,PH,2024-01,,,kg,0.4,该国统计局/农业部官网（待手动补）,,TODO: 填真实零售价(本币)
pig,PH,2024-02,,,kg,0.4,该国统计局/农业部官网（待手动补）,,TODO: 填真实零售价(本币)
pig,PH,2024-03,,,kg,0.4,该国统计局/农业部官网（待手动补）,,TODO: 填真实零售价(本币)
pig,PH,2024-04,,,kg,0.4,该国统计局/农业部官网（待手动补）,,TODO: 填真实零售价(本币)
pig,PH,2024-05,,,kg,0.4,该国统计局/农业部官网（待手动补）,,TODO: 填真实零售价(本币)
pig,PH,2024-06,,,kg,0.4,该国统计局/农业部官网（待手动补）,,TODO: 填真实零售价(本币)
pig,PH,2024-07,,,kg,0.4,该国统计局/农业部官网（待手动补）,,TODO: 填真实零售价(本币)
pig,PH,2024-08,,,kg,0.4,该国统计局/农业部官网（待手动补）,,TODO: 填真实零售价(本币)
pig,PH,2024-09,,,kg,0.4,该国统计局/农业部官网（待手动补）,,TODO: 填真实零售价(本币)
pig,PH,2024-10,,,kg,0.4,该国统计局/农业部官网（待手动补）,,TODO: 填真实零售价(本币)
pig,PH,2024-11,,,kg,0.4,该国统计局/农业部官网（待手动补）,,TODO: 填真实零售价(本币)
pig,PH,2024-12,,,kg,0.4,该国统计局/农业部官网（待手动补）,,TODO: 填真实零售价(本币)
pig,PH,2025-01,,,kg,0.4,该国统计局/农业部官网（待手动补）,,TODO: 填真实零售价(本币)
pig,PH,2025-02,,,kg,0.4,该国统计局/农业部官网（待手动补）,,TODO: 填真实零售价(本币)
pig,PH,2025-03,,,kg,0.4,该国统计局/农业部官网（待手动补）,,TODO: 填真实零售价(本币)
pig,PH,2025-04,,,kg,0.4,该国统计局/农业部官网（待手动补）,,TODO: 填真实零售价(本币)
pig,PH,2025-05,,,kg,0.4,该国统计局/农业部官网（待手动补）,,TODO: 填真实零售价(本币)
pig,PH,2025-06,,,kg,0.4,该国统计局/农业部官网（待手动补）,,TODO: 填真实零售价(本币)
pig,PH,2025-07,,,kg,0.4,该国统计局/农业部官网（待手动补）,,TODO: 填真实零售价(本币)
pig,PH,2025-08,,,kg,0.4,该国统计局/农业部官网（待手动补）,,TODO: 填真实零售价(本币)
pig,PH,2025-09,,,kg,0.4,该国统计局/农业部官网（待手动补）,,TODO: 填真实零售价(本币)
pig,PH,2025-10,,,kg,0.4,该国统计局/农业部官网（待手动补）,,TODO: 填真实零售价(本币)
pig,PH,2025-11,,,kg,0.4,该国统计局/农业部官网（待手动补）,,TODO: 填真实零售价(本币)
pig,PH,2025-12,,,kg,0.4,该国统计局/农业部官网（待手动补）,,TODO: 填真实零售价(本币)
pig,PH,2026-01,,,kg,0.4,该国统计局/农业部官网（待手动补）,,TODO: 填真实零售价(本币)
pig,PH,2026-02,,,kg,0.4,该国统计局/农业部官网（待手动补）,,TODO: 填真实零售价(本币)
pig,PH,2026-03,,,kg,0.4,该国统计局/农业部官网（待手动补）,,TODO: 填真实零售价(本币)
pig,PH,2026-04,,,kg,0.4,该国统计局/农业部官网（待手动补）,,TODO: 填真实零售价(本币)
pig,PH,2026-05,,,kg,0.4,该国统计局/农业部官网（待手动补）,,TODO: 填真实零售价(本币)
pig,PH,2026-06,,,kg,0.4,该国统计局/农业部官网（待手动补）,,TODO: 填真实零售价(本币)
pig,PH,2026-07,,,kg,0.4,该国统计局/农业部官网（待手动补）,,TODO: 填真实零售价(本币)
pig,PH,2026-08,,,kg,0.4,该国统计局/农业部官网（待手动补）,,TODO: 填真实零售价(本币)
pig,NP,2021-01,,,kg,0.4,该国统计局/农业部官网（待手动补）,,TODO: 填真实零售价(本币)
pig,NP,2021-02,,,kg,0.4,该国统计局/农业部官网（待手动补）,,TODO: 填真实零售价(本币)
pig,NP,2021-03,,,kg,0.4,该国统计局/农业部官网（待手动补）,,TODO: 填真实零售价(本币)
pig,NP,2021-04,,,kg,0.4,该国统计局/农业部官网（待手动补）,,TODO: 填真实零售价(本币)
pig,NP,2021-05,,,kg,0.4,该国统计局/农业部官网（待手动补）,,TODO: 填真实零售价(本币)
pig,NP,2021-06,,,kg,0.4,该国统计局/农业部官网（待手动补）,,TODO: 填真实零售价(本币)
pig,NP,2021-07,,,kg,0.4,该国统计局/农业部官网（待手动补）,,TODO: 填真实零售价(本币)
pig,NP,2021-08,,,kg,0.4,该国统计局/农业部官网（待手动补）,,TODO: 填真实零售价(本币)
pig,NP,2021-09,,,kg,0.4,该国统计局/农业部官网（待手动补）,,TODO: 填真实零售价(本币)
pig,NP,2021-10,,,kg,0.4,该国统计局/农业部官网（待手动补）,,TODO: 填真实零售价(本币)
pig,NP,2021-11,,,kg,0.4,该国统计局/农业部官网（待手动补）,,TODO: 填真实零售价(本币)
pig,NP,2021-12,,,kg,0.4,该国统计局/农业部官网（待手动补）,,TODO: 填真实零售价(本币)
pig,NP,2022-01,,,kg,0.4,该国统计局/农业部官网（待手动补）,,TODO: 填真实零售价(本币)
pig,NP,2022-02,,,kg,0.4,该国统计局/农业部官网（待手动补）,,TODO: 填真实零售价(本币)
pig,NP,2022-03,,,kg,0.4,该国统计局/农业部官网（待手动补）,,TODO: 填真实零售价(本币)
pig,NP,2022-04,,,kg,0.4,该国统计局/农业部官网（待手动补）,,TODO: 填真实零售价(本币)
pig,NP,2022-05,,,kg,0.4,该国统计局/农业部官网（待手动补）,,TODO: 填真实零售价(本币)
pig,NP,2022-06,,,kg,0.4,该国统计局/农业部官网（待手动补）,,TODO: 填真实零售价(本币)
pig,NP,2022-07,,,kg,0.4,该国统计局/农业部官网（待手动补）,,TODO: 填真实零售价(本币)
pig,NP,2022-08,,,kg,0.4,该国统计局/农业部官网（待手动补）,,TODO: 填真实零售价(本币)
pig,NP,2022-09,,,kg,0.4,该国统计局/农业部官网（待手动补）,,TODO: 填真实零售价(本币)
pig,NP,2022-10,,,kg,0.4,该国统计局/农业部官网（待手动补）,,TODO: 填真实零售价(本币)
pig,NP,2022-11,,,kg,0.4,该国统计局/农业部官网（待手动补）,,TODO: 填真实零售价(本币)
pig,NP,2022-12,,,kg,0.4,该国统计局/农业部官网（待手动补）,,TODO: 填真实零售价(本币)
pig,NP,2023-01,,,kg,0.4,该国统计局/农业部官网（待手动补）,,TODO: 填真实零售价(本币)
pig,NP,2023-02,,,kg,0.4,该国统计局/农业部官网（待手动补）,,TODO: 填真实零售价(本币)
pig,NP,2023-03,,,kg,0.4,该国统计局/农业部官网（待手动补）,,TODO: 填真实零售价(本币)
pig,NP,2023-04,,,kg,0.4,该国统计局/农业部官网（待手动补）,,TODO: 填真实零售价(本币)
pig,NP,2023-05,,,kg,0.4,该国统计局/农业部官网（待手动补）,,TODO: 填真实零售价(本币)
pig,NP,2023-06,,,kg,0.4,该国统计局/农业部官网（待手动补）,,TODO: 填真实零售价(本币)
pig,NP,2023-07,,,kg,0.4,该国统计局/农业部官网（待手动补）,,TODO: 填真实零售价(本币)
pig,NP,2023-08,,,kg,0.4,该国统计局/农业部官网（待手动补）,,TODO: 填真实零售价(本币)
pig,NP,2023-09,,,kg,0.4,该国统计局/农业部官网（待手动补）,,TODO: 填真实零售价(本币)
pig,NP,2023-10,,,kg,0.4,该国统计局/农业部官网（待手动补）,,TODO: 填真实零售价(本币)
pig,NP,2023-11,,,kg,0.4,该国统计局/农业部官网（待手动补）,,TODO: 填真实零售价(本币)
pig,NP,2023-12,,,kg,0.4,该国统计局/农业部官网（待手动补）,,TODO: 填真实零售价(本币)
pig,NP,2024-01,,,kg,0.4,该国统计局/农业部官网（待手动补）,,TODO: 填真实零售价(本币)
pig,NP,2024-02,,,kg,0.4,该国统计局/农业部官网（待手动补）,,TODO: 填真实零售价(本币)
pig,NP,2024-03,,,kg,0.4,该国统计局/农业部官网（待手动补）,,TODO: 填真实零售价(本币)
pig,NP,2024-04,,,kg,0.4,该国统计局/农业部官网（待手动补）,,TODO: 填真实零售价(本币)
pig,NP,2024-05,,,kg,0.4,该国统计局/农业部官网（待手动补）,,TODO: 填真实零售价(本币)
pig,NP,2024-06,,,kg,0.4,该国统计局/农业部官网（待手动补）,,TODO: 填真实零售价(本币)
pig,NP,2024-07,,,kg,0.4,该国统计局/农业部官网（待手动补）,,TODO: 填真实零售价(本币)
pig,NP,2024-08,,,kg,0.4,该国统计局/农业部官网（待手动补）,,TODO: 填真实零售价(本币)
pig,NP,2024-09,,,kg,0.4,该国统计局/农业部官网（待手动补）,,TODO: 填真实零售价(本币)
pig,NP,2024-10,,,kg,0.4,该国统计局/农业部官网（待手动补）,,TODO: 填真实零售价(本币)
pig,NP,2024-11,,,kg,0.4,该国统计局/农业部官网（待手动补）,,TODO: 填真实零售价(本币)
pig,NP,2024-12,,,kg,0.4,该国统计局/农业部官网（待手动补）,,TODO: 填真实零售价(本币)
pig,NP,2025-01,,,kg,0.4,该国统计局/农业部官网（待手动补）,,TODO: 填真实零售价(本币)
pig,NP,2025-02,,,kg,0.4,该国统计局/农业部官网（待手动补）,,TODO: 填真实零售价(本币)
pig,NP,2025-03,,,kg,0.4,该国统计局/农业部官网（待手动补）,,TODO: 填真实零售价(本币)
pig,NP,2025-04,,,kg,0.4,该国统计局/农业部官网（待手动补）,,TODO: 填真实零售价(本币)
pig,NP,2025-05,,,kg,0.4,该国统计局/农业部官网（待手动补）,,TODO: 填真实零售价(本币)
pig,NP,2025-06,,,kg,0.4,该国统计局/农业部官网（待手动补）,,TODO: 填真实零售价(本币)
pig,NP,2025-07,,,kg,0.4,该国统计局/农业部官网（待手动补）,,TODO: 填真实零售价(本币)
pig,NP,2025-08,,,kg,0.4,该国统计局/农业部官网（待手动补）,,TODO: 填真实零售价(本币)
pig,NP,2025-09,,,kg,0.4,该国统计局/农业部官网（待手动补）,,TODO: 填真实零售价(本币)
pig,NP,2025-10,,,kg,0.4,该国统计局/农业部官网（待手动补）,,TODO: 填真实零售价(本币)
pig,NP,2025-11,,,kg,0.4,该国统计局/农业部官网（待手动补）,,TODO: 填真实零售价(本币)
pig,NP,2025-12,,,kg,0.4,该国统计局/农业部官网（待手动补）,,TODO: 填真实零售价(本币)
pig,NP,2026-01,,,kg,0.4,该国统计局/农业部官网（待手动补）,,TODO: 填真实零售价(本币)
pig,NP,2026-02,,,kg,0.4,该国统计局/农业部官网（待手动补）,,TODO: 填真实零售价(本币)
pig,NP,2026-03,,,kg,0.4,该国统计局/农业部官网（待手动补）,,TODO: 填真实零售价(本币)
pig,NP,2026-04,,,kg,0.4,该国统计局/农业部官网（待手动补）,,TODO: 填真实零售价(本币)
pig,NP,2026-05,,,kg,0.4,该国统计局/农业部官网（待手动补）,,TODO: 填真实零售价(本币)
pig,NP,2026-06,,,kg,0.4,该国统计局/农业部官网（待手动补）,,TODO: 填真实零售价(本币)
pig,NP,2026-07,,,kg,0.4,该国统计局/农业部官网（待手动补）,,TODO: 填真实零售价(本币)
pig,NP,2026-08,,,kg,0.4,该国统计局/农业部官网（待手动补）,,TODO: 填真实零售价(本币)
pig,LK,2021-01,,,kg,0.4,该国统计局/农业部官网（待手动补）,,TODO: 填真实零售价(本币)
pig,LK,2021-02,,,kg,0.4,该国统计局/农业部官网（待手动补）,,TODO: 填真实零售价(本币)
pig,LK,2021-03,,,kg,0.4,该国统计局/农业部官网（待手动补）,,TODO: 填真实零售价(本币)
pig,LK,2021-04,,,kg,0.4,该国统计局/农业部官网（待手动补）,,TODO: 填真实零售价(本币)
pig,LK,2021-05,,,kg,0.4,该国统计局/农业部官网（待手动补）,,TODO: 填真实零售价(本币)
pig,LK,2021-06,,,kg,0.4,该国统计局/农业部官网（待手动补）,,TODO: 填真实零售价(本币)
pig,LK,2021-07,,,kg,0.4,该国统计局/农业部官网（待手动补）,,TODO: 填真实零售价(本币)
pig,LK,2021-08,,,kg,0.4,该国统计局/农业部官网（待手动补）,,TODO: 填真实零售价(本币)
pig,LK,2021-09,,,kg,0.4,该国统计局/农业部官网（待手动补）,,TODO: 填真实零售价(本币)
pig,LK,2021-10,,,kg,0.4,该国统计局/农业部官网（待手动补）,,TODO: 填真实零售价(本币)
pig,LK,2021-11,,,kg,0.4,该国统计局/农业部官网（待手动补）,,TODO: 填真实零售价(本币)
pig,LK,2021-12,,,kg,0.4,该国统计局/农业部官网（待手动补）,,TODO: 填真实零售价(本币)
pig,LK,2022-01,,,kg,0.4,该国统计局/农业部官网（待手动补）,,TODO: 填真实零售价(本币)
pig,LK,2022-02,,,kg,0.4,该国统计局/农业部官网（待手动补）,,TODO: 填真实零售价(本币)
pig,LK,2022-03,,,kg,0.4,该国统计局/农业部官网（待手动补）,,TODO: 填真实零售价(本币)
pig,LK,2022-04,,,kg,0.4,该国统计局/农业部官网（待手动补）,,TODO: 填真实零售价(本币)
pig,LK,2022-05,,,kg,0.4,该国统计局/农业部官网（待手动补）,,TODO: 填真实零售价(本币)
pig,LK,2022-06,,,kg,0.4,该国统计局/农业部官网（待手动补）,,TODO: 填真实零售价(本币)
pig,LK,2022-07,,,kg,0.4,该国统计局/农业部官网（待手动补）,,TODO: 填真实零售价(本币)
pig,LK,2022-08,,,kg,0.4,该国统计局/农业部官网（待手动补）,,TODO: 填真实零售价(本币)
pig,LK,2022-09,,,kg,0.4,该国统计局/农业部官网（待手动补）,,TODO: 填真实零售价(本币)
pig,LK,2022-10,,,kg,0.4,该国统计局/农业部官网（待手动补）,,TODO: 填真实零售价(本币)
pig,LK,2022-11,,,kg,0.4,该国统计局/农业部官网（待手动补）,,TODO: 填真实零售价(本币)
pig,LK,2022-12,,,kg,0.4,该国统计局/农业部官网（待手动补）,,TODO: 填真实零售价(本币)
pig,LK,2023-01,,,kg,0.4,该国统计局/农业部官网（待手动补）,,TODO: 填真实零售价(本币)
pig,LK,2023-02,,,kg,0.4,该国统计局/农业部官网（待手动补）,,TODO: 填真实零售价(本币)
pig,LK,2023-03,,,kg,0.4,该国统计局/农业部官网（待手动补）,,TODO: 填真实零售价(本币)
pig,LK,2023-04,,,kg,0.4,该国统计局/农业部官网（待手动补）,,TODO: 填真实零售价(本币)
pig,LK,2023-05,,,kg,0.4,该国统计局/农业部官网（待手动补）,,TODO: 填真实零售价(本币)
pig,LK,2023-06,,,kg,0.4,该国统计局/农业部官网（待手动补）,,TODO: 填真实零售价(本币)
pig,LK,2023-07,,,kg,0.4,该国统计局/农业部官网（待手动补）,,TODO: 填真实零售价(本币)
pig,LK,2023-08,,,kg,0.4,该国统计局/农业部官网（待手动补）,,TODO: 填真实零售价(本币)
pig,LK,2023-09,,,kg,0.4,该国统计局/农业部官网（待手动补）,,TODO: 填真实零售价(本币)
pig,LK,2023-10,,,kg,0.4,该国统计局/农业部官网（待手动补）,,TODO: 填真实零售价(本币)
pig,LK,2023-11,,,kg,0.4,该国统计局/农业部官网（待手动补）,,TODO: 填真实零售价(本币)
pig,LK,2023-12,,,kg,0.4,该国统计局/农业部官网（待手动补）,,TODO: 填真实零售价(本币)
pig,LK,2024-01,,,kg,0.4,该国统计局/农业部官网（待手动补）,,TODO: 填真实零售价(本币)
pig,LK,2024-02,,,kg,0.4,该国统计局/农业部官网（待手动补）,,TODO: 填真实零售价(本币)
pig,LK,2024-03,,,kg,0.4,该国统计局/农业部官网（待手动补）,,TODO: 填真实零售价(本币)
pig,LK,2024-04,,,kg,0.4,该国统计局/农业部官网（待手动补）,,TODO: 填真实零售价(本币)
pig,LK,2024-05,,,kg,0.4,该国统计局/农业部官网（待手动补）,,TODO: 填真实零售价(本币)
pig,LK,2024-06,,,kg,0.4,该国统计局/农业部官网（待手动补）,,TODO: 填真实零售价(本币)
pig,LK,2024-07,,,kg,0.4,该国统计局/农业部官网（待手动补）,,TODO: 填真实零售价(本币)
pig,LK,2024-08,,,kg,0.4,该国统计局/农业部官网（待手动补）,,TODO: 填真实零售价(本币)
pig,LK,2024-09,,,kg,0.4,该国统计局/农业部官网（待手动补）,,TODO: 填真实零售价(本币)
pig,LK,2024-10,,,kg,0.4,该国统计局/农业部官网（待手动补）,,TODO: 填真实零售价(本币)
pig,LK,2024-11,,,kg,0.4,该国统计局/农业部官网（待手动补）,,TODO: 填真实零售价(本币)
pig,LK,2024-12,,,kg,0.4,该国统计局/农业部官网（待手动补）,,TODO: 填真实零售价(本币)
pig,LK,2025-01,,,kg,0.4,该国统计局/农业部官网（待手动补）,,TODO: 填真实零售价(本币)
pig,LK,2025-02,,,kg,0.4,该国统计局/农业部官网（待手动补）,,TODO: 填真实零售价(本币)
pig,LK,2025-03,,,kg,0.4,该国统计局/农业部官网（待手动补）,,TODO: 填真实零售价(本币)
pig,LK,2025-04,,,kg,0.4,该国统计局/农业部官网（待手动补）,,TODO: 填真实零售价(本币)
pig,LK,2025-05,,,kg,0.4,该国统计局/农业部官网（待手动补）,,TODO: 填真实零售价(本币)
pig,LK,2025-06,,,kg,0.4,该国统计局/农业部官网（待手动补）,,TODO: 填真实零售价(本币)
pig,LK,2025-07,,,kg,0.4,该国统计局/农业部官网（待手动补）,,TODO: 填真实零售价(本币)
pig,LK,2025-08,,,kg,0.4,该国统计局/农业部官网（待手动补）,,TODO: 填真实零售价(本币)
pig,LK,2025-09,,,kg,0.4,该国统计局/农业部官网（待手动补）,,TODO: 填真实零售价(本币)
pig,LK,2025-10,,,kg,0.4,该国统计局/农业部官网（待手动补）,,TODO: 填真实零售价(本币)
pig,LK,2025-11,,,kg,0.4,该国统计局/农业部官网（待手动补）,,TODO: 填真实零售价(本币)
pig,LK,2025-12,,,kg,0.4,该国统计局/农业部官网（待手动补）,,TODO: 填真实零售价(本币)
pig,LK,2026-01,,,kg,0.4,该国统计局/农业部官网（待手动补）,,TODO: 填真实零售价(本币)
pig,LK,2026-02,,,kg,0.4,该国统计局/农业部官网（待手动补）,,TODO: 填真实零售价(本币)
pig,LK,2026-03,,,kg,0.4,该国统计局/农业部官网（待手动补）,,TODO: 填真实零售价(本币)
pig,LK,2026-04,,,kg,0.4,该国统计局/农业部官网（待手动补）,,TODO: 填真实零售价(本币)
pig,LK,2026-05,,,kg,0.4,该国统计局/农业部官网（待手动补）,,TODO: 填真实零售价(本币)
pig,LK,2026-06,,,kg,0.4,该国统计局/农业部官网（待手动补）,,TODO: 填真实零售价(本币)
pig,LK,2026-07,,,kg,0.4,该国统计局/农业部官网（待手动补）,,TODO: 填真实零售价(本币)
pig,LK,2026-08,,,kg,0.4,该国统计局/农业部官网（待手动补）,,TODO: 填真实零售价(本币)
pig,KR,2021-01,,,kg,0.4,韩国农水产食品流通公社(AT)·猪肉零售价,https://www.kamis.or.kr/,TODO: 填真实零售价(本币)
pig,KR,2021-02,,,kg,0.4,韩国农水产食品流通公社(AT)·猪肉零售价,https://www.kamis.or.kr/,TODO: 填真实零售价(本币)
pig,KR,2021-03,,,kg,0.4,韩国农水产食品流通公社(AT)·猪肉零售价,https://www.kamis.or.kr/,TODO: 填真实零售价(本币)
pig,KR,2021-04,,,kg,0.4,韩国农水产食品流通公社(AT)·猪肉零售价,https://www.kamis.or.kr/,TODO: 填真实零售价(本币)
pig,KR,2021-05,,,kg,0.4,韩国农水产食品流通公社(AT)·猪肉零售价,https://www.kamis.or.kr/,TODO: 填真实零售价(本币)
pig,KR,2021-06,,,kg,0.4,韩国农水产食品流通公社(AT)·猪肉零售价,https://www.kamis.or.kr/,TODO: 填真实零售价(本币)
pig,KR,2021-07,,,kg,0.4,韩国农水产食品流通公社(AT)·猪肉零售价,https://www.kamis.or.kr/,TODO: 填真实零售价(本币)
pig,KR,2021-08,,,kg,0.4,韩国农水产食品流通公社(AT)·猪肉零售价,https://www.kamis.or.kr/,TODO: 填真实零售价(本币)
pig,KR,2021-09,,,kg,0.4,韩国农水产食品流通公社(AT)·猪肉零售价,https://www.kamis.or.kr/,TODO: 填真实零售价(本币)
pig,KR,2021-10,,,kg,0.4,韩国农水产食品流通公社(AT)·猪肉零售价,https://www.kamis.or.kr/,TODO: 填真实零售价(本币)
pig,KR,2021-11,,,kg,0.4,韩国农水产食品流通公社(AT)·猪肉零售价,https://www.kamis.or.kr/,TODO: 填真实零售价(本币)
pig,KR,2021-12,,,kg,0.4,韩国农水产食品流通公社(AT)·猪肉零售价,https://www.kamis.or.kr/,TODO: 填真实零售价(本币)
pig,KR,2022-01,,,kg,0.4,韩国农水产食品流通公社(AT)·猪肉零售价,https://www.kamis.or.kr/,TODO: 填真实零售价(本币)
pig,KR,2022-02,,,kg,0.4,韩国农水产食品流通公社(AT)·猪肉零售价,https://www.kamis.or.kr/,TODO: 填真实零售价(本币)
pig,KR,2022-03,,,kg,0.4,韩国农水产食品流通公社(AT)·猪肉零售价,https://www.kamis.or.kr/,TODO: 填真实零售价(本币)
pig,KR,2022-04,,,kg,0.4,韩国农水产食品流通公社(AT)·猪肉零售价,https://www.kamis.or.kr/,TODO: 填真实零售价(本币)
pig,KR,2022-05,,,kg,0.4,韩国农水产食品流通公社(AT)·猪肉零售价,https://www.kamis.or.kr/,TODO: 填真实零售价(本币)
pig,KR,2022-06,,,kg,0.4,韩国农水产食品流通公社(AT)·猪肉零售价,https://www.kamis.or.kr/,TODO: 填真实零售价(本币)
pig,KR,2022-07,,,kg,0.4,韩国农水产食品流通公社(AT)·猪肉零售价,https://www.kamis.or.kr/,TODO: 填真实零售价(本币)
pig,KR,2022-08,,,kg,0.4,韩国农水产食品流通公社(AT)·猪肉零售价,https://www.kamis.or.kr/,TODO: 填真实零售价(本币)
pig,KR,2022-09,,,kg,0.4,韩国农水产食品流通公社(AT)·猪肉零售价,https://www.kamis.or.kr/,TODO: 填真实零售价(本币)
pig,KR,2022-10,,,kg,0.4,韩国农水产食品流通公社(AT)·猪肉零售价,https://www.kamis.or.kr/,TODO: 填真实零售价(本币)
pig,KR,2022-11,,,kg,0.4,韩国农水产食品流通公社(AT)·猪肉零售价,https://www.kamis.or.kr/,TODO: 填真实零售价(本币)
pig,KR,2022-12,,,kg,0.4,韩国农水产食品流通公社(AT)·猪肉零售价,https://www.kamis.or.kr/,TODO: 填真实零售价(本币)
pig,KR,2023-01,,,kg,0.4,韩国农水产食品流通公社(AT)·猪肉零售价,https://www.kamis.or.kr/,TODO: 填真实零售价(本币)
pig,KR,2023-02,,,kg,0.4,韩国农水产食品流通公社(AT)·猪肉零售价,https://www.kamis.or.kr/,TODO: 填真实零售价(本币)
pig,KR,2023-03,,,kg,0.4,韩国农水产食品流通公社(AT)·猪肉零售价,https://www.kamis.or.kr/,TODO: 填真实零售价(本币)
pig,KR,2023-04,,,kg,0.4,韩国农水产食品流通公社(AT)·猪肉零售价,https://www.kamis.or.kr/,TODO: 填真实零售价(本币)
pig,KR,2023-05,,,kg,0.4,韩国农水产食品流通公社(AT)·猪肉零售价,https://www.kamis.or.kr/,TODO: 填真实零售价(本币)
pig,KR,2023-06,,,kg,0.4,韩国农水产食品流通公社(AT)·猪肉零售价,https://www.kamis.or.kr/,TODO: 填真实零售价(本币)
pig,KR,2023-07,,,kg,0.4,韩国农水产食品流通公社(AT)·猪肉零售价,https://www.kamis.or.kr/,TODO: 填真实零售价(本币)
pig,KR,2023-08,,,kg,0.4,韩国农水产食品流通公社(AT)·猪肉零售价,https://www.kamis.or.kr/,TODO: 填真实零售价(本币)
pig,KR,2023-09,,,kg,0.4,韩国农水产食品流通公社(AT)·猪肉零售价,https://www.kamis.or.kr/,TODO: 填真实零售价(本币)
pig,KR,2023-10,,,kg,0.4,韩国农水产食品流通公社(AT)·猪肉零售价,https://www.kamis.or.kr/,TODO: 填真实零售价(本币)
pig,KR,2023-11,,,kg,0.4,韩国农水产食品流通公社(AT)·猪肉零售价,https://www.kamis.or.kr/,TODO: 填真实零售价(本币)
pig,KR,2023-12,,,kg,0.4,韩国农水产食品流通公社(AT)·猪肉零售价,https://www.kamis.or.kr/,TODO: 填真实零售价(本币)
pig,KR,2024-01,,,kg,0.4,韩国农水产食品流通公社(AT)·猪肉零售价,https://www.kamis.or.kr/,TODO: 填真实零售价(本币)
pig,KR,2024-02,,,kg,0.4,韩国农水产食品流通公社(AT)·猪肉零售价,https://www.kamis.or.kr/,TODO: 填真实零售价(本币)
pig,KR,2024-03,,,kg,0.4,韩国农水产食品流通公社(AT)·猪肉零售价,https://www.kamis.or.kr/,TODO: 填真实零售价(本币)
pig,KR,2024-04,,,kg,0.4,韩国农水产食品流通公社(AT)·猪肉零售价,https://www.kamis.or.kr/,TODO: 填真实零售价(本币)
pig,KR,2024-05,,,kg,0.4,韩国农水产食品流通公社(AT)·猪肉零售价,https://www.kamis.or.kr/,TODO: 填真实零售价(本币)
pig,KR,2024-06,,,kg,0.4,韩国农水产食品流通公社(AT)·猪肉零售价,https://www.kamis.or.kr/,TODO: 填真实零售价(本币)
pig,KR,2024-07,,,kg,0.4,韩国农水产食品流通公社(AT)·猪肉零售价,https://www.kamis.or.kr/,TODO: 填真实零售价(本币)
pig,KR,2024-08,,,kg,0.4,韩国农水产食品流通公社(AT)·猪肉零售价,https://www.kamis.or.kr/,TODO: 填真实零售价(本币)
pig,KR,2024-09,,,kg,0.4,韩国农水产食品流通公社(AT)·猪肉零售价,https://www.kamis.or.kr/,TODO: 填真实零售价(本币)
pig,KR,2024-10,,,kg,0.4,韩国农水产食品流通公社(AT)·猪肉零售价,https://www.kamis.or.kr/,TODO: 填真实零售价(本币)
pig,KR,2024-11,,,kg,0.4,韩国农水产食品流通公社(AT)·猪肉零售价,https://www.kamis.or.kr/,TODO: 填真实零售价(本币)
pig,KR,2024-12,,,kg,0.4,韩国农水产食品流通公社(AT)·猪肉零售价,https://www.kamis.or.kr/,TODO: 填真实零售价(本币)
pig,KR,2025-01,,,kg,0.4,韩国农水产食品流通公社(AT)·猪肉零售价,https://www.kamis.or.kr/,TODO: 填真实零售价(本币)
pig,KR,2025-02,,,kg,0.4,韩国农水产食品流通公社(AT)·猪肉零售价,https://www.kamis.or.kr/,TODO: 填真实零售价(本币)
pig,KR,2025-03,,,kg,0.4,韩国农水产食品流通公社(AT)·猪肉零售价,https://www.kamis.or.kr/,TODO: 填真实零售价(本币)
pig,KR,2025-04,,,kg,0.4,韩国农水产食品流通公社(AT)·猪肉零售价,https://www.kamis.or.kr/,TODO: 填真实零售价(本币)
pig,KR,2025-05,,,kg,0.4,韩国农水产食品流通公社(AT)·猪肉零售价,https://www.kamis.or.kr/,TODO: 填真实零售价(本币)
pig,KR,2025-06,,,kg,0.4,韩国农水产食品流通公社(AT)·猪肉零售价,https://www.kamis.or.kr/,TODO: 填真实零售价(本币)
pig,KR,2025-07,,,kg,0.4,韩国农水产食品流通公社(AT)·猪肉零售价,https://www.kamis.or.kr/,TODO: 填真实零售价(本币)
pig,KR,2025-08,,,kg,0.4,韩国农水产食品流通公社(AT)·猪肉零售价,https://www.kamis.or.kr/,TODO: 填真实零售价(本币)
pig,KR,2025-09,,,kg,0.4,韩国农水产食品流通公社(AT)·猪肉零售价,https://www.kamis.or.kr/,TODO: 填真实零售价(本币)
pig,KR,2025-10,,,kg,0.4,韩国农水产食品流通公社(AT)·猪肉零售价,https://www.kamis.or.kr/,TODO: 填真实零售价(本币)
pig,KR,2025-11,,,kg,0.4,韩国农水产食品流通公社(AT)·猪肉零售价,https://www.kamis.or.kr/,TODO: 填真实零售价(本币)
pig,KR,2025-12,,,kg,0.4,韩国农水产食品流通公社(AT)·猪肉零售价,https://www.kamis.or.kr/,TODO: 填真实零售价(本币)
pig,KR,2026-01,,,kg,0.4,韩国农水产食品流通公社(AT)·猪肉零售价,https://www.kamis.or.kr/,TODO: 填真实零售价(本币)
pig,KR,2026-02,,,kg,0.4,韩国农水产食品流通公社(AT)·猪肉零售价,https://www.kamis.or.kr/,TODO: 填真实零售价(本币)
pig,KR,2026-03,,,kg,0.4,韩国农水产食品流通公社(AT)·猪肉零售价,https://www.kamis.or.kr/,TODO: 填真实零售价(本币)
pig,KR,2026-04,,,kg,0.4,韩国农水产食品流通公社(AT)·猪肉零售价,https://www.kamis.or.kr/,TODO: 填真实零售价(本币)
pig,KR,2026-05,,,kg,0.4,韩国农水产食品流通公社(AT)·猪肉零售价,https://www.kamis.or.kr/,TODO: 填真实零售价(本币)
pig,KR,2026-06,,,kg,0.4,韩国农水产食品流通公社(AT)·猪肉零售价,https://www.kamis.or.kr/,TODO: 填真实零售价(本币)
pig,KR,2026-07,,,kg,0.4,韩国农水产食品流通公社(AT)·猪肉零售价,https://www.kamis.or.kr/,TODO: 填真实零售价(本币)
pig,KR,2026-08,,,kg,0.4,韩国农水产食品流通公社(AT)·猪肉零售价,https://www.kamis.or.kr/,TODO: 填真实零售价(本币)
pig,JP,2021-01,,,kg,0.4,日本e-Stat·CPI猪肉零售价,https://www.e-stat.go.jp/,TODO: 填真实零售价(本币)
pig,JP,2021-02,,,kg,0.4,日本e-Stat·CPI猪肉零售价,https://www.e-stat.go.jp/,TODO: 填真实零售价(本币)
pig,JP,2021-03,,,kg,0.4,日本e-Stat·CPI猪肉零售价,https://www.e-stat.go.jp/,TODO: 填真实零售价(本币)
pig,JP,2021-04,,,kg,0.4,日本e-Stat·CPI猪肉零售价,https://www.e-stat.go.jp/,TODO: 填真实零售价(本币)
pig,JP,2021-05,,,kg,0.4,日本e-Stat·CPI猪肉零售价,https://www.e-stat.go.jp/,TODO: 填真实零售价(本币)
pig,JP,2021-06,,,kg,0.4,日本e-Stat·CPI猪肉零售价,https://www.e-stat.go.jp/,TODO: 填真实零售价(本币)
pig,JP,2021-07,,,kg,0.4,日本e-Stat·CPI猪肉零售价,https://www.e-stat.go.jp/,TODO: 填真实零售价(本币)
pig,JP,2021-08,,,kg,0.4,日本e-Stat·CPI猪肉零售价,https://www.e-stat.go.jp/,TODO: 填真实零售价(本币)
pig,JP,2021-09,,,kg,0.4,日本e-Stat·CPI猪肉零售价,https://www.e-stat.go.jp/,TODO: 填真实零售价(本币)
pig,JP,2021-10,,,kg,0.4,日本e-Stat·CPI猪肉零售价,https://www.e-stat.go.jp/,TODO: 填真实零售价(本币)
pig,JP,2021-11,,,kg,0.4,日本e-Stat·CPI猪肉零售价,https://www.e-stat.go.jp/,TODO: 填真实零售价(本币)
pig,JP,2021-12,,,kg,0.4,日本e-Stat·CPI猪肉零售价,https://www.e-stat.go.jp/,TODO: 填真实零售价(本币)
pig,JP,2022-01,,,kg,0.4,日本e-Stat·CPI猪肉零售价,https://www.e-stat.go.jp/,TODO: 填真实零售价(本币)
pig,JP,2022-02,,,kg,0.4,日本e-Stat·CPI猪肉零售价,https://www.e-stat.go.jp/,TODO: 填真实零售价(本币)
pig,JP,2022-03,,,kg,0.4,日本e-Stat·CPI猪肉零售价,https://www.e-stat.go.jp/,TODO: 填真实零售价(本币)
pig,JP,2022-04,,,kg,0.4,日本e-Stat·CPI猪肉零售价,https://www.e-stat.go.jp/,TODO: 填真实零售价(本币)
pig,JP,2022-05,,,kg,0.4,日本e-Stat·CPI猪肉零售价,https://www.e-stat.go.jp/,TODO: 填真实零售价(本币)
pig,JP,2022-06,,,kg,0.4,日本e-Stat·CPI猪肉零售价,https://www.e-stat.go.jp/,TODO: 填真实零售价(本币)
pig,JP,2022-07,,,kg,0.4,日本e-Stat·CPI猪肉零售价,https://www.e-stat.go.jp/,TODO: 填真实零售价(本币)
pig,JP,2022-08,,,kg,0.4,日本e-Stat·CPI猪肉零售价,https://www.e-stat.go.jp/,TODO: 填真实零售价(本币)
pig,JP,2022-09,,,kg,0.4,日本e-Stat·CPI猪肉零售价,https://www.e-stat.go.jp/,TODO: 填真实零售价(本币)
pig,JP,2022-10,,,kg,0.4,日本e-Stat·CPI猪肉零售价,https://www.e-stat.go.jp/,TODO: 填真实零售价(本币)
pig,JP,2022-11,,,kg,0.4,日本e-Stat·CPI猪肉零售价,https://www.e-stat.go.jp/,TODO: 填真实零售价(本币)
pig,JP,2022-12,,,kg,0.4,日本e-Stat·CPI猪肉零售价,https://www.e-stat.go.jp/,TODO: 填真实零售价(本币)
pig,JP,2023-01,,,kg,0.4,日本e-Stat·CPI猪肉零售价,https://www.e-stat.go.jp/,TODO: 填真实零售价(本币)
pig,JP,2023-02,,,kg,0.4,日本e-Stat·CPI猪肉零售价,https://www.e-stat.go.jp/,TODO: 填真实零售价(本币)
pig,JP,2023-03,,,kg,0.4,日本e-Stat·CPI猪肉零售价,https://www.e-stat.go.jp/,TODO: 填真实零售价(本币)
pig,JP,2023-04,,,kg,0.4,日本e-Stat·CPI猪肉零售价,https://www.e-stat.go.jp/,TODO: 填真实零售价(本币)
pig,JP,2023-05,,,kg,0.4,日本e-Stat·CPI猪肉零售价,https://www.e-stat.go.jp/,TODO: 填真实零售价(本币)
pig,JP,2023-06,,,kg,0.4,日本e-Stat·CPI猪肉零售价,https://www.e-stat.go.jp/,TODO: 填真实零售价(本币)
pig,JP,2023-07,,,kg,0.4,日本e-Stat·CPI猪肉零售价,https://www.e-stat.go.jp/,TODO: 填真实零售价(本币)
pig,JP,2023-08,,,kg,0.4,日本e-Stat·CPI猪肉零售价,https://www.e-stat.go.jp/,TODO: 填真实零售价(本币)
pig,JP,2023-09,,,kg,0.4,日本e-Stat·CPI猪肉零售价,https://www.e-stat.go.jp/,TODO: 填真实零售价(本币)
pig,JP,2023-10,,,kg,0.4,日本e-Stat·CPI猪肉零售价,https://www.e-stat.go.jp/,TODO: 填真实零售价(本币)
pig,JP,2023-11,,,kg,0.4,日本e-Stat·CPI猪肉零售价,https://www.e-stat.go.jp/,TODO: 填真实零售价(本币)
pig,JP,2023-12,,,kg,0.4,日本e-Stat·CPI猪肉零售价,https://www.e-stat.go.jp/,TODO: 填真实零售价(本币)
pig,JP,2024-01,,,kg,0.4,日本e-Stat·CPI猪肉零售价,https://www.e-stat.go.jp/,TODO: 填真实零售价(本币)
pig,JP,2024-02,,,kg,0.4,日本e-Stat·CPI猪肉零售价,https://www.e-stat.go.jp/,TODO: 填真实零售价(本币)
pig,JP,2024-03,,,kg,0.4,日本e-Stat·CPI猪肉零售价,https://www.e-stat.go.jp/,TODO: 填真实零售价(本币)
pig,JP,2024-04,,,kg,0.4,日本e-Stat·CPI猪肉零售价,https://www.e-stat.go.jp/,TODO: 填真实零售价(本币)
pig,JP,2024-05,,,kg,0.4,日本e-Stat·CPI猪肉零售价,https://www.e-stat.go.jp/,TODO: 填真实零售价(本币)
pig,JP,2024-06,,,kg,0.4,日本e-Stat·CPI猪肉零售价,https://www.e-stat.go.jp/,TODO: 填真实零售价(本币)
pig,JP,2024-07,,,kg,0.4,日本e-Stat·CPI猪肉零售价,https://www.e-stat.go.jp/,TODO: 填真实零售价(本币)
pig,JP,2024-08,,,kg,0.4,日本e-Stat·CPI猪肉零售价,https://www.e-stat.go.jp/,TODO: 填真实零售价(本币)
pig,JP,2024-09,,,kg,0.4,日本e-Stat·CPI猪肉零售价,https://www.e-stat.go.jp/,TODO: 填真实零售价(本币)
pig,JP,2024-10,,,kg,0.4,日本e-Stat·CPI猪肉零售价,https://www.e-stat.go.jp/,TODO: 填真实零售价(本币)
pig,JP,2024-11,,,kg,0.4,日本e-Stat·CPI猪肉零售价,https://www.e-stat.go.jp/,TODO: 填真实零售价(本币)
pig,JP,2024-12,,,kg,0.4,日本e-Stat·CPI猪肉零售价,https://www.e-stat.go.jp/,TODO: 填真实零售价(本币)
pig,JP,2025-01,,,kg,0.4,日本e-Stat·CPI猪肉零售价,https://www.e-stat.go.jp/,TODO: 填真实零售价(本币)
pig,JP,2025-02,,,kg,0.4,日本e-Stat·CPI猪肉零售价,https://www.e-stat.go.jp/,TODO: 填真实零售价(本币)
pig,JP,2025-03,,,kg,0.4,日本e-Stat·CPI猪肉零售价,https://www.e-stat.go.jp/,TODO: 填真实零售价(本币)
pig,JP,2025-04,,,kg,0.4,日本e-Stat·CPI猪肉零售价,https://www.e-stat.go.jp/,TODO: 填真实零售价(本币)
pig,JP,2025-05,,,kg,0.4,日本e-Stat·CPI猪肉零售价,https://www.e-stat.go.jp/,TODO: 填真实零售价(本币)
pig,JP,2025-06,,,kg,0.4,日本e-Stat·CPI猪肉零售价,https://www.e-stat.go.jp/,TODO: 填真实零售价(本币)
pig,JP,2025-07,,,kg,0.4,日本e-Stat·CPI猪肉零售价,https://www.e-stat.go.jp/,TODO: 填真实零售价(本币)
pig,JP,2025-08,,,kg,0.4,日本e-Stat·CPI猪肉零售价,https://www.e-stat.go.jp/,TODO: 填真实零售价(本币)
pig,JP,2025-09,,,kg,0.4,日本e-Stat·CPI猪肉零售价,https://www.e-stat.go.jp/,TODO: 填真实零售价(本币)
pig,JP,2025-10,,,kg,0.4,日本e-Stat·CPI猪肉零售价,https://www.e-stat.go.jp/,TODO: 填真实零售价(本币)
pig,JP,2025-11,,,kg,0.4,日本e-Stat·CPI猪肉零售价,https://www.e-stat.go.jp/,TODO: 填真实零售价(本币)
pig,JP,2025-12,,,kg,0.4,日本e-Stat·CPI猪肉零售价,https://www.e-stat.go.jp/,TODO: 填真实零售价(本币)
pig,JP,2026-01,,,kg,0.4,日本e-Stat·CPI猪肉零售价,https://www.e-stat.go.jp/,TODO: 填真实零售价(本币)
pig,JP,2026-02,,,kg,0.4,日本e-Stat·CPI猪肉零售价,https://www.e-stat.go.jp/,TODO: 填真实零售价(本币)
pig,JP,2026-03,,,kg,0.4,日本e-Stat·CPI猪肉零售价,https://www.e-stat.go.jp/,TODO: 填真实零售价(本币)
pig,JP,2026-04,,,kg,0.4,日本e-Stat·CPI猪肉零售价,https://www.e-stat.go.jp/,TODO: 填真实零售价(本币)
pig,JP,2026-05,,,kg,0.4,日本e-Stat·CPI猪肉零售价,https://www.e-stat.go.jp/,TODO: 填真实零售价(本币)
pig,JP,2026-06,,,kg,0.4,日本e-Stat·CPI猪肉零售价,https://www.e-stat.go.jp/,TODO: 填真实零售价(本币)
pig,JP,2026-07,,,kg,0.4,日本e-Stat·CPI猪肉零售价,https://www.e-stat.go.jp/,TODO: 填真实零售价(本币)
pig,JP,2026-08,,,kg,0.4,日本e-Stat·CPI猪肉零售价,https://www.e-stat.go.jp/,TODO: 填真实零售价(本币)
pig,AU,2021-01,,,kg,0.4,澳大利亚ABS·CPI猪肉零售价,https://www.abs.gov.au/,TODO: 填真实零售价(本币)
pig,AU,2021-02,,,kg,0.4,澳大利亚ABS·CPI猪肉零售价,https://www.abs.gov.au/,TODO: 填真实零售价(本币)
pig,AU,2021-03,,,kg,0.4,澳大利亚ABS·CPI猪肉零售价,https://www.abs.gov.au/,TODO: 填真实零售价(本币)
pig,AU,2021-04,,,kg,0.4,澳大利亚ABS·CPI猪肉零售价,https://www.abs.gov.au/,TODO: 填真实零售价(本币)
pig,AU,2021-05,,,kg,0.4,澳大利亚ABS·CPI猪肉零售价,https://www.abs.gov.au/,TODO: 填真实零售价(本币)
pig,AU,2021-06,,,kg,0.4,澳大利亚ABS·CPI猪肉零售价,https://www.abs.gov.au/,TODO: 填真实零售价(本币)
pig,AU,2021-07,,,kg,0.4,澳大利亚ABS·CPI猪肉零售价,https://www.abs.gov.au/,TODO: 填真实零售价(本币)
pig,AU,2021-08,,,kg,0.4,澳大利亚ABS·CPI猪肉零售价,https://www.abs.gov.au/,TODO: 填真实零售价(本币)
pig,AU,2021-09,,,kg,0.4,澳大利亚ABS·CPI猪肉零售价,https://www.abs.gov.au/,TODO: 填真实零售价(本币)
pig,AU,2021-10,,,kg,0.4,澳大利亚ABS·CPI猪肉零售价,https://www.abs.gov.au/,TODO: 填真实零售价(本币)
pig,AU,2021-11,,,kg,0.4,澳大利亚ABS·CPI猪肉零售价,https://www.abs.gov.au/,TODO: 填真实零售价(本币)
pig,AU,2021-12,,,kg,0.4,澳大利亚ABS·CPI猪肉零售价,https://www.abs.gov.au/,TODO: 填真实零售价(本币)
pig,AU,2022-01,,,kg,0.4,澳大利亚ABS·CPI猪肉零售价,https://www.abs.gov.au/,TODO: 填真实零售价(本币)
pig,AU,2022-02,,,kg,0.4,澳大利亚ABS·CPI猪肉零售价,https://www.abs.gov.au/,TODO: 填真实零售价(本币)
pig,AU,2022-03,,,kg,0.4,澳大利亚ABS·CPI猪肉零售价,https://www.abs.gov.au/,TODO: 填真实零售价(本币)
pig,AU,2022-04,,,kg,0.4,澳大利亚ABS·CPI猪肉零售价,https://www.abs.gov.au/,TODO: 填真实零售价(本币)
pig,AU,2022-05,,,kg,0.4,澳大利亚ABS·CPI猪肉零售价,https://www.abs.gov.au/,TODO: 填真实零售价(本币)
pig,AU,2022-06,,,kg,0.4,澳大利亚ABS·CPI猪肉零售价,https://www.abs.gov.au/,TODO: 填真实零售价(本币)
pig,AU,2022-07,,,kg,0.4,澳大利亚ABS·CPI猪肉零售价,https://www.abs.gov.au/,TODO: 填真实零售价(本币)
pig,AU,2022-08,,,kg,0.4,澳大利亚ABS·CPI猪肉零售价,https://www.abs.gov.au/,TODO: 填真实零售价(本币)
pig,AU,2022-09,,,kg,0.4,澳大利亚ABS·CPI猪肉零售价,https://www.abs.gov.au/,TODO: 填真实零售价(本币)
pig,AU,2022-10,,,kg,0.4,澳大利亚ABS·CPI猪肉零售价,https://www.abs.gov.au/,TODO: 填真实零售价(本币)
pig,AU,2022-11,,,kg,0.4,澳大利亚ABS·CPI猪肉零售价,https://www.abs.gov.au/,TODO: 填真实零售价(本币)
pig,AU,2022-12,,,kg,0.4,澳大利亚ABS·CPI猪肉零售价,https://www.abs.gov.au/,TODO: 填真实零售价(本币)
pig,AU,2023-01,,,kg,0.4,澳大利亚ABS·CPI猪肉零售价,https://www.abs.gov.au/,TODO: 填真实零售价(本币)
pig,AU,2023-02,,,kg,0.4,澳大利亚ABS·CPI猪肉零售价,https://www.abs.gov.au/,TODO: 填真实零售价(本币)
pig,AU,2023-03,,,kg,0.4,澳大利亚ABS·CPI猪肉零售价,https://www.abs.gov.au/,TODO: 填真实零售价(本币)
pig,AU,2023-04,,,kg,0.4,澳大利亚ABS·CPI猪肉零售价,https://www.abs.gov.au/,TODO: 填真实零售价(本币)
pig,AU,2023-05,,,kg,0.4,澳大利亚ABS·CPI猪肉零售价,https://www.abs.gov.au/,TODO: 填真实零售价(本币)
pig,AU,2023-06,,,kg,0.4,澳大利亚ABS·CPI猪肉零售价,https://www.abs.gov.au/,TODO: 填真实零售价(本币)
pig,AU,2023-07,,,kg,0.4,澳大利亚ABS·CPI猪肉零售价,https://www.abs.gov.au/,TODO: 填真实零售价(本币)
pig,AU,2023-08,,,kg,0.4,澳大利亚ABS·CPI猪肉零售价,https://www.abs.gov.au/,TODO: 填真实零售价(本币)
pig,AU,2023-09,,,kg,0.4,澳大利亚ABS·CPI猪肉零售价,https://www.abs.gov.au/,TODO: 填真实零售价(本币)
pig,AU,2023-10,,,kg,0.4,澳大利亚ABS·CPI猪肉零售价,https://www.abs.gov.au/,TODO: 填真实零售价(本币)
pig,AU,2023-11,,,kg,0.4,澳大利亚ABS·CPI猪肉零售价,https://www.abs.gov.au/,TODO: 填真实零售价(本币)
pig,AU,2023-12,,,kg,0.4,澳大利亚ABS·CPI猪肉零售价,https://www.abs.gov.au/,TODO: 填真实零售价(本币)
pig,AU,2024-01,,,kg,0.4,澳大利亚ABS·CPI猪肉零售价,https://www.abs.gov.au/,TODO: 填真实零售价(本币)
pig,AU,2024-02,,,kg,0.4,澳大利亚ABS·CPI猪肉零售价,https://www.abs.gov.au/,TODO: 填真实零售价(本币)
pig,AU,2024-03,,,kg,0.4,澳大利亚ABS·CPI猪肉零售价,https://www.abs.gov.au/,TODO: 填真实零售价(本币)
pig,AU,2024-04,,,kg,0.4,澳大利亚ABS·CPI猪肉零售价,https://www.abs.gov.au/,TODO: 填真实零售价(本币)
pig,AU,2024-05,,,kg,0.4,澳大利亚ABS·CPI猪肉零售价,https://www.abs.gov.au/,TODO: 填真实零售价(本币)
pig,AU,2024-06,,,kg,0.4,澳大利亚ABS·CPI猪肉零售价,https://www.abs.gov.au/,TODO: 填真实零售价(本币)
pig,AU,2024-07,,,kg,0.4,澳大利亚ABS·CPI猪肉零售价,https://www.abs.gov.au/,TODO: 填真实零售价(本币)
pig,AU,2024-08,,,kg,0.4,澳大利亚ABS·CPI猪肉零售价,https://www.abs.gov.au/,TODO: 填真实零售价(本币)
pig,AU,2024-09,,,kg,0.4,澳大利亚ABS·CPI猪肉零售价,https://www.abs.gov.au/,TODO: 填真实零售价(本币)
pig,AU,2024-10,,,kg,0.4,澳大利亚ABS·CPI猪肉零售价,https://www.abs.gov.au/,TODO: 填真实零售价(本币)
pig,AU,2024-11,,,kg,0.4,澳大利亚ABS·CPI猪肉零售价,https://www.abs.gov.au/,TODO: 填真实零售价(本币)
pig,AU,2024-12,,,kg,0.4,澳大利亚ABS·CPI猪肉零售价,https://www.abs.gov.au/,TODO: 填真实零售价(本币)
pig,AU,2025-01,,,kg,0.4,澳大利亚ABS·CPI猪肉零售价,https://www.abs.gov.au/,TODO: 填真实零售价(本币)
pig,AU,2025-02,,,kg,0.4,澳大利亚ABS·CPI猪肉零售价,https://www.abs.gov.au/,TODO: 填真实零售价(本币)
pig,AU,2025-03,,,kg,0.4,澳大利亚ABS·CPI猪肉零售价,https://www.abs.gov.au/,TODO: 填真实零售价(本币)
pig,AU,2025-04,,,kg,0.4,澳大利亚ABS·CPI猪肉零售价,https://www.abs.gov.au/,TODO: 填真实零售价(本币)
pig,AU,2025-05,,,kg,0.4,澳大利亚ABS·CPI猪肉零售价,https://www.abs.gov.au/,TODO: 填真实零售价(本币)
pig,AU,2025-06,,,kg,0.4,澳大利亚ABS·CPI猪肉零售价,https://www.abs.gov.au/,TODO: 填真实零售价(本币)
pig,AU,2025-07,,,kg,0.4,澳大利亚ABS·CPI猪肉零售价,https://www.abs.gov.au/,TODO: 填真实零售价(本币)
pig,AU,2025-08,,,kg,0.4,澳大利亚ABS·CPI猪肉零售价,https://www.abs.gov.au/,TODO: 填真实零售价(本币)
pig,AU,2025-09,,,kg,0.4,澳大利亚ABS·CPI猪肉零售价,https://www.abs.gov.au/,TODO: 填真实零售价(本币)
pig,AU,2025-10,,,kg,0.4,澳大利亚ABS·CPI猪肉零售价,https://www.abs.gov.au/,TODO: 填真实零售价(本币)
pig,AU,2025-11,,,kg,0.4,澳大利亚ABS·CPI猪肉零售价,https://www.abs.gov.au/,TODO: 填真实零售价(本币)
pig,AU,2025-12,,,kg,0.4,澳大利亚ABS·CPI猪肉零售价,https://www.abs.gov.au/,TODO: 填真实零售价(本币)
pig,AU,2026-01,,,kg,0.4,澳大利亚ABS·CPI猪肉零售价,https://www.abs.gov.au/,TODO: 填真实零售价(本币)
pig,AU,2026-02,,,kg,0.4,澳大利亚ABS·CPI猪肉零售价,https://www.abs.gov.au/,TODO: 填真实零售价(本币)
pig,AU,2026-03,,,kg,0.4,澳大利亚ABS·CPI猪肉零售价,https://www.abs.gov.au/,TODO: 填真实零售价(本币)
pig,AU,2026-04,,,kg,0.4,澳大利亚ABS·CPI猪肉零售价,https://www.abs.gov.au/,TODO: 填真实零售价(本币)
pig,AU,2026-05,,,kg,0.4,澳大利亚ABS·CPI猪肉零售价,https://www.abs.gov.au/,TODO: 填真实零售价(本币)
pig,AU,2026-06,,,kg,0.4,澳大利亚ABS·CPI猪肉零售价,https://www.abs.gov.au/,TODO: 填真实零售价(本币)
pig,AU,2026-07,,,kg,0.4,澳大利亚ABS·CPI猪肉零售价,https://www.abs.gov.au/,TODO: 填真实零售价(本币)
pig,AU,2026-08,,,kg,0.4,澳大利亚ABS·CPI猪肉零售价,https://www.abs.gov.au/,TODO: 填真实零售价(本币)
egg,CN,2021-01,,,kg,0.3,农业农村部·鸡蛋月度均价,http://pfsc.agri.cn/,TODO: 填真实零售价(本币)
egg,CN,2021-02,,,kg,0.3,农业农村部·鸡蛋月度均价,http://pfsc.agri.cn/,TODO: 填真实零售价(本币)
egg,CN,2021-03,,,kg,0.3,农业农村部·鸡蛋月度均价,http://pfsc.agri.cn/,TODO: 填真实零售价(本币)
egg,CN,2021-04,,,kg,0.3,农业农村部·鸡蛋月度均价,http://pfsc.agri.cn/,TODO: 填真实零售价(本币)
egg,CN,2021-05,,,kg,0.3,农业农村部·鸡蛋月度均价,http://pfsc.agri.cn/,TODO: 填真实零售价(本币)
egg,CN,2021-06,,,kg,0.3,农业农村部·鸡蛋月度均价,http://pfsc.agri.cn/,TODO: 填真实零售价(本币)
egg,CN,2021-07,,,kg,0.3,农业农村部·鸡蛋月度均价,http://pfsc.agri.cn/,TODO: 填真实零售价(本币)
egg,CN,2021-08,,,kg,0.3,农业农村部·鸡蛋月度均价,http://pfsc.agri.cn/,TODO: 填真实零售价(本币)
egg,CN,2021-09,,,kg,0.3,农业农村部·鸡蛋月度均价,http://pfsc.agri.cn/,TODO: 填真实零售价(本币)
egg,CN,2021-10,,,kg,0.3,农业农村部·鸡蛋月度均价,http://pfsc.agri.cn/,TODO: 填真实零售价(本币)
egg,CN,2021-11,,,kg,0.3,农业农村部·鸡蛋月度均价,http://pfsc.agri.cn/,TODO: 填真实零售价(本币)
egg,CN,2021-12,,,kg,0.3,农业农村部·鸡蛋月度均价,http://pfsc.agri.cn/,TODO: 填真实零售价(本币)
egg,CN,2022-01,,,kg,0.3,农业农村部·鸡蛋月度均价,http://pfsc.agri.cn/,TODO: 填真实零售价(本币)
egg,CN,2022-02,,,kg,0.3,农业农村部·鸡蛋月度均价,http://pfsc.agri.cn/,TODO: 填真实零售价(本币)
egg,CN,2022-03,,,kg,0.3,农业农村部·鸡蛋月度均价,http://pfsc.agri.cn/,TODO: 填真实零售价(本币)
egg,CN,2022-04,,,kg,0.3,农业农村部·鸡蛋月度均价,http://pfsc.agri.cn/,TODO: 填真实零售价(本币)
egg,CN,2022-05,,,kg,0.3,农业农村部·鸡蛋月度均价,http://pfsc.agri.cn/,TODO: 填真实零售价(本币)
egg,CN,2022-06,,,kg,0.3,农业农村部·鸡蛋月度均价,http://pfsc.agri.cn/,TODO: 填真实零售价(本币)
egg,CN,2022-07,,,kg,0.3,农业农村部·鸡蛋月度均价,http://pfsc.agri.cn/,TODO: 填真实零售价(本币)
egg,CN,2022-08,,,kg,0.3,农业农村部·鸡蛋月度均价,http://pfsc.agri.cn/,TODO: 填真实零售价(本币)
egg,CN,2022-09,,,kg,0.3,农业农村部·鸡蛋月度均价,http://pfsc.agri.cn/,TODO: 填真实零售价(本币)
egg,CN,2022-10,,,kg,0.3,农业农村部·鸡蛋月度均价,http://pfsc.agri.cn/,TODO: 填真实零售价(本币)
egg,CN,2022-11,,,kg,0.3,农业农村部·鸡蛋月度均价,http://pfsc.agri.cn/,TODO: 填真实零售价(本币)
egg,CN,2022-12,,,kg,0.3,农业农村部·鸡蛋月度均价,http://pfsc.agri.cn/,TODO: 填真实零售价(本币)
egg,CN,2023-01,,,kg,0.3,农业农村部·鸡蛋月度均价,http://pfsc.agri.cn/,TODO: 填真实零售价(本币)
egg,CN,2023-02,,,kg,0.3,农业农村部·鸡蛋月度均价,http://pfsc.agri.cn/,TODO: 填真实零售价(本币)
egg,CN,2023-03,,,kg,0.3,农业农村部·鸡蛋月度均价,http://pfsc.agri.cn/,TODO: 填真实零售价(本币)
egg,CN,2023-04,,,kg,0.3,农业农村部·鸡蛋月度均价,http://pfsc.agri.cn/,TODO: 填真实零售价(本币)
egg,CN,2023-05,,,kg,0.3,农业农村部·鸡蛋月度均价,http://pfsc.agri.cn/,TODO: 填真实零售价(本币)
egg,CN,2023-06,,,kg,0.3,农业农村部·鸡蛋月度均价,http://pfsc.agri.cn/,TODO: 填真实零售价(本币)
egg,CN,2023-07,,,kg,0.3,农业农村部·鸡蛋月度均价,http://pfsc.agri.cn/,TODO: 填真实零售价(本币)
egg,CN,2023-08,,,kg,0.3,农业农村部·鸡蛋月度均价,http://pfsc.agri.cn/,TODO: 填真实零售价(本币)
egg,CN,2023-09,,,kg,0.3,农业农村部·鸡蛋月度均价,http://pfsc.agri.cn/,TODO: 填真实零售价(本币)
egg,CN,2023-10,,,kg,0.3,农业农村部·鸡蛋月度均价,http://pfsc.agri.cn/,TODO: 填真实零售价(本币)
egg,CN,2023-11,,,kg,0.3,农业农村部·鸡蛋月度均价,http://pfsc.agri.cn/,TODO: 填真实零售价(本币)
egg,CN,2023-12,,,kg,0.3,农业农村部·鸡蛋月度均价,http://pfsc.agri.cn/,TODO: 填真实零售价(本币)
egg,CN,2024-01,,,kg,0.3,农业农村部·鸡蛋月度均价,http://pfsc.agri.cn/,TODO: 填真实零售价(本币)
egg,CN,2024-02,,,kg,0.3,农业农村部·鸡蛋月度均价,http://pfsc.agri.cn/,TODO: 填真实零售价(本币)
egg,CN,2024-03,,,kg,0.3,农业农村部·鸡蛋月度均价,http://pfsc.agri.cn/,TODO: 填真实零售价(本币)
egg,CN,2024-04,,,kg,0.3,农业农村部·鸡蛋月度均价,http://pfsc.agri.cn/,TODO: 填真实零售价(本币)
egg,CN,2024-05,,,kg,0.3,农业农村部·鸡蛋月度均价,http://pfsc.agri.cn/,TODO: 填真实零售价(本币)
egg,CN,2024-06,,,kg,0.3,农业农村部·鸡蛋月度均价,http://pfsc.agri.cn/,TODO: 填真实零售价(本币)
egg,CN,2024-07,,,kg,0.3,农业农村部·鸡蛋月度均价,http://pfsc.agri.cn/,TODO: 填真实零售价(本币)
egg,CN,2024-08,,,kg,0.3,农业农村部·鸡蛋月度均价,http://pfsc.agri.cn/,TODO: 填真实零售价(本币)
egg,CN,2024-09,,,kg,0.3,农业农村部·鸡蛋月度均价,http://pfsc.agri.cn/,TODO: 填真实零售价(本币)
egg,CN,2024-10,,,kg,0.3,农业农村部·鸡蛋月度均价,http://pfsc.agri.cn/,TODO: 填真实零售价(本币)
egg,CN,2024-11,,,kg,0.3,农业农村部·鸡蛋月度均价,http://pfsc.agri.cn/,TODO: 填真实零售价(本币)
egg,CN,2024-12,,,kg,0.3,农业农村部·鸡蛋月度均价,http://pfsc.agri.cn/,TODO: 填真实零售价(本币)
egg,CN,2025-01,,,kg,0.3,农业农村部·鸡蛋月度均价,http://pfsc.agri.cn/,TODO: 填真实零售价(本币)
egg,CN,2025-02,,,kg,0.3,农业农村部·鸡蛋月度均价,http://pfsc.agri.cn/,TODO: 填真实零售价(本币)
egg,CN,2025-03,,,kg,0.3,农业农村部·鸡蛋月度均价,http://pfsc.agri.cn/,TODO: 填真实零售价(本币)
egg,CN,2025-04,,,kg,0.3,农业农村部·鸡蛋月度均价,http://pfsc.agri.cn/,TODO: 填真实零售价(本币)
egg,CN,2025-05,,,kg,0.3,农业农村部·鸡蛋月度均价,http://pfsc.agri.cn/,TODO: 填真实零售价(本币)
egg,CN,2025-06,,,kg,0.3,农业农村部·鸡蛋月度均价,http://pfsc.agri.cn/,TODO: 填真实零售价(本币)
egg,CN,2025-07,,,kg,0.3,农业农村部·鸡蛋月度均价,http://pfsc.agri.cn/,TODO: 填真实零售价(本币)
egg,CN,2025-08,,,kg,0.3,农业农村部·鸡蛋月度均价,http://pfsc.agri.cn/,TODO: 填真实零售价(本币)
egg,CN,2025-09,,,kg,0.3,农业农村部·鸡蛋月度均价,http://pfsc.agri.cn/,TODO: 填真实零售价(本币)
egg,CN,2025-10,,,kg,0.3,农业农村部·鸡蛋月度均价,http://pfsc.agri.cn/,TODO: 填真实零售价(本币)
egg,CN,2025-11,,,kg,0.3,农业农村部·鸡蛋月度均价,http://pfsc.agri.cn/,TODO: 填真实零售价(本币)
egg,CN,2025-12,,,kg,0.3,农业农村部·鸡蛋月度均价,http://pfsc.agri.cn/,TODO: 填真实零售价(本币)
egg,CN,2026-01,,,kg,0.3,农业农村部·鸡蛋月度均价,http://pfsc.agri.cn/,TODO: 填真实零售价(本币)
egg,CN,2026-02,,,kg,0.3,农业农村部·鸡蛋月度均价,http://pfsc.agri.cn/,TODO: 填真实零售价(本币)
egg,CN,2026-03,,,kg,0.3,农业农村部·鸡蛋月度均价,http://pfsc.agri.cn/,TODO: 填真实零售价(本币)
egg,CN,2026-04,,,kg,0.3,农业农村部·鸡蛋月度均价,http://pfsc.agri.cn/,TODO: 填真实零售价(本币)
egg,CN,2026-05,,,kg,0.3,农业农村部·鸡蛋月度均价,http://pfsc.agri.cn/,TODO: 填真实零售价(本币)
egg,CN,2026-06,,,kg,0.3,农业农村部·鸡蛋月度均价,http://pfsc.agri.cn/,TODO: 填真实零售价(本币)
egg,CN,2026-07,,,kg,0.3,农业农村部·鸡蛋月度均价,http://pfsc.agri.cn/,TODO: 填真实零售价(本币)
egg,CN,2026-08,,,kg,0.3,农业农村部·鸡蛋月度均价,http://pfsc.agri.cn/,TODO: 填真实零售价(本币)
egg,VN,2021-01,,,kg,0.3,越南工贸部/统计局·鸡蛋零售价,https://www.gso.gov.vn/,TODO: 填真实零售价(本币)
egg,VN,2021-02,,,kg,0.3,越南工贸部/统计局·鸡蛋零售价,https://www.gso.gov.vn/,TODO: 填真实零售价(本币)
egg,VN,2021-03,,,kg,0.3,越南工贸部/统计局·鸡蛋零售价,https://www.gso.gov.vn/,TODO: 填真实零售价(本币)
egg,VN,2021-04,,,kg,0.3,越南工贸部/统计局·鸡蛋零售价,https://www.gso.gov.vn/,TODO: 填真实零售价(本币)
egg,VN,2021-05,,,kg,0.3,越南工贸部/统计局·鸡蛋零售价,https://www.gso.gov.vn/,TODO: 填真实零售价(本币)
egg,VN,2021-06,,,kg,0.3,越南工贸部/统计局·鸡蛋零售价,https://www.gso.gov.vn/,TODO: 填真实零售价(本币)
egg,VN,2021-07,,,kg,0.3,越南工贸部/统计局·鸡蛋零售价,https://www.gso.gov.vn/,TODO: 填真实零售价(本币)
egg,VN,2021-08,,,kg,0.3,越南工贸部/统计局·鸡蛋零售价,https://www.gso.gov.vn/,TODO: 填真实零售价(本币)
egg,VN,2021-09,,,kg,0.3,越南工贸部/统计局·鸡蛋零售价,https://www.gso.gov.vn/,TODO: 填真实零售价(本币)
egg,VN,2021-10,,,kg,0.3,越南工贸部/统计局·鸡蛋零售价,https://www.gso.gov.vn/,TODO: 填真实零售价(本币)
egg,VN,2021-11,,,kg,0.3,越南工贸部/统计局·鸡蛋零售价,https://www.gso.gov.vn/,TODO: 填真实零售价(本币)
egg,VN,2021-12,,,kg,0.3,越南工贸部/统计局·鸡蛋零售价,https://www.gso.gov.vn/,TODO: 填真实零售价(本币)
egg,VN,2022-01,,,kg,0.3,越南工贸部/统计局·鸡蛋零售价,https://www.gso.gov.vn/,TODO: 填真实零售价(本币)
egg,VN,2022-02,,,kg,0.3,越南工贸部/统计局·鸡蛋零售价,https://www.gso.gov.vn/,TODO: 填真实零售价(本币)
egg,VN,2022-03,,,kg,0.3,越南工贸部/统计局·鸡蛋零售价,https://www.gso.gov.vn/,TODO: 填真实零售价(本币)
egg,VN,2022-04,,,kg,0.3,越南工贸部/统计局·鸡蛋零售价,https://www.gso.gov.vn/,TODO: 填真实零售价(本币)
egg,VN,2022-05,,,kg,0.3,越南工贸部/统计局·鸡蛋零售价,https://www.gso.gov.vn/,TODO: 填真实零售价(本币)
egg,VN,2022-06,,,kg,0.3,越南工贸部/统计局·鸡蛋零售价,https://www.gso.gov.vn/,TODO: 填真实零售价(本币)
egg,VN,2022-07,,,kg,0.3,越南工贸部/统计局·鸡蛋零售价,https://www.gso.gov.vn/,TODO: 填真实零售价(本币)
egg,VN,2022-08,,,kg,0.3,越南工贸部/统计局·鸡蛋零售价,https://www.gso.gov.vn/,TODO: 填真实零售价(本币)
egg,VN,2022-09,,,kg,0.3,越南工贸部/统计局·鸡蛋零售价,https://www.gso.gov.vn/,TODO: 填真实零售价(本币)
egg,VN,2022-10,,,kg,0.3,越南工贸部/统计局·鸡蛋零售价,https://www.gso.gov.vn/,TODO: 填真实零售价(本币)
egg,VN,2022-11,,,kg,0.3,越南工贸部/统计局·鸡蛋零售价,https://www.gso.gov.vn/,TODO: 填真实零售价(本币)
egg,VN,2022-12,,,kg,0.3,越南工贸部/统计局·鸡蛋零售价,https://www.gso.gov.vn/,TODO: 填真实零售价(本币)
egg,VN,2023-01,,,kg,0.3,越南工贸部/统计局·鸡蛋零售价,https://www.gso.gov.vn/,TODO: 填真实零售价(本币)
egg,VN,2023-02,,,kg,0.3,越南工贸部/统计局·鸡蛋零售价,https://www.gso.gov.vn/,TODO: 填真实零售价(本币)
egg,VN,2023-03,,,kg,0.3,越南工贸部/统计局·鸡蛋零售价,https://www.gso.gov.vn/,TODO: 填真实零售价(本币)
egg,VN,2023-04,,,kg,0.3,越南工贸部/统计局·鸡蛋零售价,https://www.gso.gov.vn/,TODO: 填真实零售价(本币)
egg,VN,2023-05,,,kg,0.3,越南工贸部/统计局·鸡蛋零售价,https://www.gso.gov.vn/,TODO: 填真实零售价(本币)
egg,VN,2023-06,,,kg,0.3,越南工贸部/统计局·鸡蛋零售价,https://www.gso.gov.vn/,TODO: 填真实零售价(本币)
egg,VN,2023-07,,,kg,0.3,越南工贸部/统计局·鸡蛋零售价,https://www.gso.gov.vn/,TODO: 填真实零售价(本币)
egg,VN,2023-08,,,kg,0.3,越南工贸部/统计局·鸡蛋零售价,https://www.gso.gov.vn/,TODO: 填真实零售价(本币)
egg,VN,2023-09,,,kg,0.3,越南工贸部/统计局·鸡蛋零售价,https://www.gso.gov.vn/,TODO: 填真实零售价(本币)
egg,VN,2023-10,,,kg,0.3,越南工贸部/统计局·鸡蛋零售价,https://www.gso.gov.vn/,TODO: 填真实零售价(本币)
egg,VN,2023-11,,,kg,0.3,越南工贸部/统计局·鸡蛋零售价,https://www.gso.gov.vn/,TODO: 填真实零售价(本币)
egg,VN,2023-12,,,kg,0.3,越南工贸部/统计局·鸡蛋零售价,https://www.gso.gov.vn/,TODO: 填真实零售价(本币)
egg,VN,2024-01,,,kg,0.3,越南工贸部/统计局·鸡蛋零售价,https://www.gso.gov.vn/,TODO: 填真实零售价(本币)
egg,VN,2024-02,,,kg,0.3,越南工贸部/统计局·鸡蛋零售价,https://www.gso.gov.vn/,TODO: 填真实零售价(本币)
egg,VN,2024-03,,,kg,0.3,越南工贸部/统计局·鸡蛋零售价,https://www.gso.gov.vn/,TODO: 填真实零售价(本币)
egg,VN,2024-04,,,kg,0.3,越南工贸部/统计局·鸡蛋零售价,https://www.gso.gov.vn/,TODO: 填真实零售价(本币)
egg,VN,2024-05,,,kg,0.3,越南工贸部/统计局·鸡蛋零售价,https://www.gso.gov.vn/,TODO: 填真实零售价(本币)
egg,VN,2024-06,,,kg,0.3,越南工贸部/统计局·鸡蛋零售价,https://www.gso.gov.vn/,TODO: 填真实零售价(本币)
egg,VN,2024-07,,,kg,0.3,越南工贸部/统计局·鸡蛋零售价,https://www.gso.gov.vn/,TODO: 填真实零售价(本币)
egg,VN,2024-08,,,kg,0.3,越南工贸部/统计局·鸡蛋零售价,https://www.gso.gov.vn/,TODO: 填真实零售价(本币)
egg,VN,2024-09,,,kg,0.3,越南工贸部/统计局·鸡蛋零售价,https://www.gso.gov.vn/,TODO: 填真实零售价(本币)
egg,VN,2024-10,,,kg,0.3,越南工贸部/统计局·鸡蛋零售价,https://www.gso.gov.vn/,TODO: 填真实零售价(本币)
egg,VN,2024-11,,,kg,0.3,越南工贸部/统计局·鸡蛋零售价,https://www.gso.gov.vn/,TODO: 填真实零售价(本币)
egg,VN,2024-12,,,kg,0.3,越南工贸部/统计局·鸡蛋零售价,https://www.gso.gov.vn/,TODO: 填真实零售价(本币)
egg,VN,2025-01,,,kg,0.3,越南工贸部/统计局·鸡蛋零售价,https://www.gso.gov.vn/,TODO: 填真实零售价(本币)
egg,VN,2025-02,,,kg,0.3,越南工贸部/统计局·鸡蛋零售价,https://www.gso.gov.vn/,TODO: 填真实零售价(本币)
egg,VN,2025-03,,,kg,0.3,越南工贸部/统计局·鸡蛋零售价,https://www.gso.gov.vn/,TODO: 填真实零售价(本币)
egg,VN,2025-04,,,kg,0.3,越南工贸部/统计局·鸡蛋零售价,https://www.gso.gov.vn/,TODO: 填真实零售价(本币)
egg,VN,2025-05,,,kg,0.3,越南工贸部/统计局·鸡蛋零售价,https://www.gso.gov.vn/,TODO: 填真实零售价(本币)
egg,VN,2025-06,,,kg,0.3,越南工贸部/统计局·鸡蛋零售价,https://www.gso.gov.vn/,TODO: 填真实零售价(本币)
egg,VN,2025-07,,,kg,0.3,越南工贸部/统计局·鸡蛋零售价,https://www.gso.gov.vn/,TODO: 填真实零售价(本币)
egg,VN,2025-08,,,kg,0.3,越南工贸部/统计局·鸡蛋零售价,https://www.gso.gov.vn/,TODO: 填真实零售价(本币)
egg,VN,2025-09,,,kg,0.3,越南工贸部/统计局·鸡蛋零售价,https://www.gso.gov.vn/,TODO: 填真实零售价(本币)
egg,VN,2025-10,,,kg,0.3,越南工贸部/统计局·鸡蛋零售价,https://www.gso.gov.vn/,TODO: 填真实零售价(本币)
egg,VN,2025-11,,,kg,0.3,越南工贸部/统计局·鸡蛋零售价,https://www.gso.gov.vn/,TODO: 填真实零售价(本币)
egg,VN,2025-12,,,kg,0.3,越南工贸部/统计局·鸡蛋零售价,https://www.gso.gov.vn/,TODO: 填真实零售价(本币)
egg,VN,2026-01,,,kg,0.3,越南工贸部/统计局·鸡蛋零售价,https://www.gso.gov.vn/,TODO: 填真实零售价(本币)
egg,VN,2026-02,,,kg,0.3,越南工贸部/统计局·鸡蛋零售价,https://www.gso.gov.vn/,TODO: 填真实零售价(本币)
egg,VN,2026-03,,,kg,0.3,越南工贸部/统计局·鸡蛋零售价,https://www.gso.gov.vn/,TODO: 填真实零售价(本币)
egg,VN,2026-04,,,kg,0.3,越南工贸部/统计局·鸡蛋零售价,https://www.gso.gov.vn/,TODO: 填真实零售价(本币)
egg,VN,2026-05,,,kg,0.3,越南工贸部/统计局·鸡蛋零售价,https://www.gso.gov.vn/,TODO: 填真实零售价(本币)
egg,VN,2026-06,,,kg,0.3,越南工贸部/统计局·鸡蛋零售价,https://www.gso.gov.vn/,TODO: 填真实零售价(本币)
egg,VN,2026-07,,,kg,0.3,越南工贸部/统计局·鸡蛋零售价,https://www.gso.gov.vn/,TODO: 填真实零售价(本币)
egg,VN,2026-08,,,kg,0.3,越南工贸部/统计局·鸡蛋零售价,https://www.gso.gov.vn/,TODO: 填真实零售价(本币)
egg,TH,2021-01,,,kg,0.3,该国统计局/农业部官网（待手动补）,,TODO: 填真实零售价(本币)
egg,TH,2021-02,,,kg,0.3,该国统计局/农业部官网（待手动补）,,TODO: 填真实零售价(本币)
egg,TH,2021-03,,,kg,0.3,该国统计局/农业部官网（待手动补）,,TODO: 填真实零售价(本币)
egg,TH,2021-04,,,kg,0.3,该国统计局/农业部官网（待手动补）,,TODO: 填真实零售价(本币)
egg,TH,2021-05,,,kg,0.3,该国统计局/农业部官网（待手动补）,,TODO: 填真实零售价(本币)
egg,TH,2021-06,,,kg,0.3,该国统计局/农业部官网（待手动补）,,TODO: 填真实零售价(本币)
egg,TH,2021-07,,,kg,0.3,该国统计局/农业部官网（待手动补）,,TODO: 填真实零售价(本币)
egg,TH,2021-08,,,kg,0.3,该国统计局/农业部官网（待手动补）,,TODO: 填真实零售价(本币)
egg,TH,2021-09,,,kg,0.3,该国统计局/农业部官网（待手动补）,,TODO: 填真实零售价(本币)
egg,TH,2021-10,,,kg,0.3,该国统计局/农业部官网（待手动补）,,TODO: 填真实零售价(本币)
egg,TH,2021-11,,,kg,0.3,该国统计局/农业部官网（待手动补）,,TODO: 填真实零售价(本币)
egg,TH,2021-12,,,kg,0.3,该国统计局/农业部官网（待手动补）,,TODO: 填真实零售价(本币)
egg,TH,2022-01,,,kg,0.3,该国统计局/农业部官网（待手动补）,,TODO: 填真实零售价(本币)
egg,TH,2022-02,,,kg,0.3,该国统计局/农业部官网（待手动补）,,TODO: 填真实零售价(本币)
egg,TH,2022-03,,,kg,0.3,该国统计局/农业部官网（待手动补）,,TODO: 填真实零售价(本币)
egg,TH,2022-04,,,kg,0.3,该国统计局/农业部官网（待手动补）,,TODO: 填真实零售价(本币)
egg,TH,2022-05,,,kg,0.3,该国统计局/农业部官网（待手动补）,,TODO: 填真实零售价(本币)
egg,TH,2022-06,,,kg,0.3,该国统计局/农业部官网（待手动补）,,TODO: 填真实零售价(本币)
egg,TH,2022-07,,,kg,0.3,该国统计局/农业部官网（待手动补）,,TODO: 填真实零售价(本币)
egg,TH,2022-08,,,kg,0.3,该国统计局/农业部官网（待手动补）,,TODO: 填真实零售价(本币)
egg,TH,2022-09,,,kg,0.3,该国统计局/农业部官网（待手动补）,,TODO: 填真实零售价(本币)
egg,TH,2022-10,,,kg,0.3,该国统计局/农业部官网（待手动补）,,TODO: 填真实零售价(本币)
egg,TH,2022-11,,,kg,0.3,该国统计局/农业部官网（待手动补）,,TODO: 填真实零售价(本币)
egg,TH,2022-12,,,kg,0.3,该国统计局/农业部官网（待手动补）,,TODO: 填真实零售价(本币)
egg,TH,2023-01,,,kg,0.3,该国统计局/农业部官网（待手动补）,,TODO: 填真实零售价(本币)
egg,TH,2023-02,,,kg,0.3,该国统计局/农业部官网（待手动补）,,TODO: 填真实零售价(本币)
egg,TH,2023-03,,,kg,0.3,该国统计局/农业部官网（待手动补）,,TODO: 填真实零售价(本币)
egg,TH,2023-04,,,kg,0.3,该国统计局/农业部官网（待手动补）,,TODO: 填真实零售价(本币)
egg,TH,2023-05,,,kg,0.3,该国统计局/农业部官网（待手动补）,,TODO: 填真实零售价(本币)
egg,TH,2023-06,,,kg,0.3,该国统计局/农业部官网（待手动补）,,TODO: 填真实零售价(本币)
egg,TH,2023-07,,,kg,0.3,该国统计局/农业部官网（待手动补）,,TODO: 填真实零售价(本币)
egg,TH,2023-08,,,kg,0.3,该国统计局/农业部官网（待手动补）,,TODO: 填真实零售价(本币)
egg,TH,2023-09,,,kg,0.3,该国统计局/农业部官网（待手动补）,,TODO: 填真实零售价(本币)
egg,TH,2023-10,,,kg,0.3,该国统计局/农业部官网（待手动补）,,TODO: 填真实零售价(本币)
egg,TH,2023-11,,,kg,0.3,该国统计局/农业部官网（待手动补）,,TODO: 填真实零售价(本币)
egg,TH,2023-12,,,kg,0.3,该国统计局/农业部官网（待手动补）,,TODO: 填真实零售价(本币)
egg,TH,2024-01,,,kg,0.3,该国统计局/农业部官网（待手动补）,,TODO: 填真实零售价(本币)
egg,TH,2024-02,,,kg,0.3,该国统计局/农业部官网（待手动补）,,TODO: 填真实零售价(本币)
egg,TH,2024-03,,,kg,0.3,该国统计局/农业部官网（待手动补）,,TODO: 填真实零售价(本币)
egg,TH,2024-04,,,kg,0.3,该国统计局/农业部官网（待手动补）,,TODO: 填真实零售价(本币)
egg,TH,2024-05,,,kg,0.3,该国统计局/农业部官网（待手动补）,,TODO: 填真实零售价(本币)
egg,TH,2024-06,,,kg,0.3,该国统计局/农业部官网（待手动补）,,TODO: 填真实零售价(本币)
egg,TH,2024-07,,,kg,0.3,该国统计局/农业部官网（待手动补）,,TODO: 填真实零售价(本币)
egg,TH,2024-08,,,kg,0.3,该国统计局/农业部官网（待手动补）,,TODO: 填真实零售价(本币)
egg,TH,2024-09,,,kg,0.3,该国统计局/农业部官网（待手动补）,,TODO: 填真实零售价(本币)
egg,TH,2024-10,,,kg,0.3,该国统计局/农业部官网（待手动补）,,TODO: 填真实零售价(本币)
egg,TH,2024-11,,,kg,0.3,该国统计局/农业部官网（待手动补）,,TODO: 填真实零售价(本币)
egg,TH,2024-12,,,kg,0.3,该国统计局/农业部官网（待手动补）,,TODO: 填真实零售价(本币)
egg,TH,2025-01,,,kg,0.3,该国统计局/农业部官网（待手动补）,,TODO: 填真实零售价(本币)
egg,TH,2025-02,,,kg,0.3,该国统计局/农业部官网（待手动补）,,TODO: 填真实零售价(本币)
egg,TH,2025-03,,,kg,0.3,该国统计局/农业部官网（待手动补）,,TODO: 填真实零售价(本币)
egg,TH,2025-04,,,kg,0.3,该国统计局/农业部官网（待手动补）,,TODO: 填真实零售价(本币)
egg,TH,2025-05,,,kg,0.3,该国统计局/农业部官网（待手动补）,,TODO: 填真实零售价(本币)
egg,TH,2025-06,,,kg,0.3,该国统计局/农业部官网（待手动补）,,TODO: 填真实零售价(本币)
egg,TH,2025-07,,,kg,0.3,该国统计局/农业部官网（待手动补）,,TODO: 填真实零售价(本币)
egg,TH,2025-08,,,kg,0.3,该国统计局/农业部官网（待手动补）,,TODO: 填真实零售价(本币)
egg,TH,2025-09,,,kg,0.3,该国统计局/农业部官网（待手动补）,,TODO: 填真实零售价(本币)
egg,TH,2025-10,,,kg,0.3,该国统计局/农业部官网（待手动补）,,TODO: 填真实零售价(本币)
egg,TH,2025-11,,,kg,0.3,该国统计局/农业部官网（待手动补）,,TODO: 填真实零售价(本币)
egg,TH,2025-12,,,kg,0.3,该国统计局/农业部官网（待手动补）,,TODO: 填真实零售价(本币)
egg,TH,2026-01,,,kg,0.3,该国统计局/农业部官网（待手动补）,,TODO: 填真实零售价(本币)
egg,TH,2026-02,,,kg,0.3,该国统计局/农业部官网（待手动补）,,TODO: 填真实零售价(本币)
egg,TH,2026-03,,,kg,0.3,该国统计局/农业部官网（待手动补）,,TODO: 填真实零售价(本币)
egg,TH,2026-04,,,kg,0.3,该国统计局/农业部官网（待手动补）,,TODO: 填真实零售价(本币)
egg,TH,2026-05,,,kg,0.3,该国统计局/农业部官网（待手动补）,,TODO: 填真实零售价(本币)
egg,TH,2026-06,,,kg,0.3,该国统计局/农业部官网（待手动补）,,TODO: 填真实零售价(本币)
egg,TH,2026-07,,,kg,0.3,该国统计局/农业部官网（待手动补）,,TODO: 填真实零售价(本币)
egg,TH,2026-08,,,kg,0.3,该国统计局/农业部官网（待手动补）,,TODO: 填真实零售价(本币)
egg,MM,2021-01,,,kg,0.3,该国统计局/农业部官网（待手动补）,,TODO: 填真实零售价(本币)
egg,MM,2021-02,,,kg,0.3,该国统计局/农业部官网（待手动补）,,TODO: 填真实零售价(本币)
egg,MM,2021-03,,,kg,0.3,该国统计局/农业部官网（待手动补）,,TODO: 填真实零售价(本币)
egg,MM,2021-04,,,kg,0.3,该国统计局/农业部官网（待手动补）,,TODO: 填真实零售价(本币)
egg,MM,2021-05,,,kg,0.3,该国统计局/农业部官网（待手动补）,,TODO: 填真实零售价(本币)
egg,MM,2021-06,,,kg,0.3,该国统计局/农业部官网（待手动补）,,TODO: 填真实零售价(本币)
egg,MM,2021-07,,,kg,0.3,该国统计局/农业部官网（待手动补）,,TODO: 填真实零售价(本币)
egg,MM,2021-08,,,kg,0.3,该国统计局/农业部官网（待手动补）,,TODO: 填真实零售价(本币)
egg,MM,2021-09,,,kg,0.3,该国统计局/农业部官网（待手动补）,,TODO: 填真实零售价(本币)
egg,MM,2021-10,,,kg,0.3,该国统计局/农业部官网（待手动补）,,TODO: 填真实零售价(本币)
egg,MM,2021-11,,,kg,0.3,该国统计局/农业部官网（待手动补）,,TODO: 填真实零售价(本币)
egg,MM,2021-12,,,kg,0.3,该国统计局/农业部官网（待手动补）,,TODO: 填真实零售价(本币)
egg,MM,2022-01,,,kg,0.3,该国统计局/农业部官网（待手动补）,,TODO: 填真实零售价(本币)
egg,MM,2022-02,,,kg,0.3,该国统计局/农业部官网（待手动补）,,TODO: 填真实零售价(本币)
egg,MM,2022-03,,,kg,0.3,该国统计局/农业部官网（待手动补）,,TODO: 填真实零售价(本币)
egg,MM,2022-04,,,kg,0.3,该国统计局/农业部官网（待手动补）,,TODO: 填真实零售价(本币)
egg,MM,2022-05,,,kg,0.3,该国统计局/农业部官网（待手动补）,,TODO: 填真实零售价(本币)
egg,MM,2022-06,,,kg,0.3,该国统计局/农业部官网（待手动补）,,TODO: 填真实零售价(本币)
egg,MM,2022-07,,,kg,0.3,该国统计局/农业部官网（待手动补）,,TODO: 填真实零售价(本币)
egg,MM,2022-08,,,kg,0.3,该国统计局/农业部官网（待手动补）,,TODO: 填真实零售价(本币)
egg,MM,2022-09,,,kg,0.3,该国统计局/农业部官网（待手动补）,,TODO: 填真实零售价(本币)
egg,MM,2022-10,,,kg,0.3,该国统计局/农业部官网（待手动补）,,TODO: 填真实零售价(本币)
egg,MM,2022-11,,,kg,0.3,该国统计局/农业部官网（待手动补）,,TODO: 填真实零售价(本币)
egg,MM,2022-12,,,kg,0.3,该国统计局/农业部官网（待手动补）,,TODO: 填真实零售价(本币)
egg,MM,2023-01,,,kg,0.3,该国统计局/农业部官网（待手动补）,,TODO: 填真实零售价(本币)
egg,MM,2023-02,,,kg,0.3,该国统计局/农业部官网（待手动补）,,TODO: 填真实零售价(本币)
egg,MM,2023-03,,,kg,0.3,该国统计局/农业部官网（待手动补）,,TODO: 填真实零售价(本币)
egg,MM,2023-04,,,kg,0.3,该国统计局/农业部官网（待手动补）,,TODO: 填真实零售价(本币)
egg,MM,2023-05,,,kg,0.3,该国统计局/农业部官网（待手动补）,,TODO: 填真实零售价(本币)
egg,MM,2023-06,,,kg,0.3,该国统计局/农业部官网（待手动补）,,TODO: 填真实零售价(本币)
egg,MM,2023-07,,,kg,0.3,该国统计局/农业部官网（待手动补）,,TODO: 填真实零售价(本币)
egg,MM,2023-08,,,kg,0.3,该国统计局/农业部官网（待手动补）,,TODO: 填真实零售价(本币)
egg,MM,2023-09,,,kg,0.3,该国统计局/农业部官网（待手动补）,,TODO: 填真实零售价(本币)
egg,MM,2023-10,,,kg,0.3,该国统计局/农业部官网（待手动补）,,TODO: 填真实零售价(本币)
egg,MM,2023-11,,,kg,0.3,该国统计局/农业部官网（待手动补）,,TODO: 填真实零售价(本币)
egg,MM,2023-12,,,kg,0.3,该国统计局/农业部官网（待手动补）,,TODO: 填真实零售价(本币)
egg,MM,2024-01,,,kg,0.3,该国统计局/农业部官网（待手动补）,,TODO: 填真实零售价(本币)
egg,MM,2024-02,,,kg,0.3,该国统计局/农业部官网（待手动补）,,TODO: 填真实零售价(本币)
egg,MM,2024-03,,,kg,0.3,该国统计局/农业部官网（待手动补）,,TODO: 填真实零售价(本币)
egg,MM,2024-04,,,kg,0.3,该国统计局/农业部官网（待手动补）,,TODO: 填真实零售价(本币)
egg,MM,2024-05,,,kg,0.3,该国统计局/农业部官网（待手动补）,,TODO: 填真实零售价(本币)
egg,MM,2024-06,,,kg,0.3,该国统计局/农业部官网（待手动补）,,TODO: 填真实零售价(本币)
egg,MM,2024-07,,,kg,0.3,该国统计局/农业部官网（待手动补）,,TODO: 填真实零售价(本币)
egg,MM,2024-08,,,kg,0.3,该国统计局/农业部官网（待手动补）,,TODO: 填真实零售价(本币)
egg,MM,2024-09,,,kg,0.3,该国统计局/农业部官网（待手动补）,,TODO: 填真实零售价(本币)
egg,MM,2024-10,,,kg,0.3,该国统计局/农业部官网（待手动补）,,TODO: 填真实零售价(本币)
egg,MM,2024-11,,,kg,0.3,该国统计局/农业部官网（待手动补）,,TODO: 填真实零售价(本币)
egg,MM,2024-12,,,kg,0.3,该国统计局/农业部官网（待手动补）,,TODO: 填真实零售价(本币)
egg,MM,2025-01,,,kg,0.3,该国统计局/农业部官网（待手动补）,,TODO: 填真实零售价(本币)
egg,MM,2025-02,,,kg,0.3,该国统计局/农业部官网（待手动补）,,TODO: 填真实零售价(本币)
egg,MM,2025-03,,,kg,0.3,该国统计局/农业部官网（待手动补）,,TODO: 填真实零售价(本币)
egg,MM,2025-04,,,kg,0.3,该国统计局/农业部官网（待手动补）,,TODO: 填真实零售价(本币)
egg,MM,2025-05,,,kg,0.3,该国统计局/农业部官网（待手动补）,,TODO: 填真实零售价(本币)
egg,MM,2025-06,,,kg,0.3,该国统计局/农业部官网（待手动补）,,TODO: 填真实零售价(本币)
egg,MM,2025-07,,,kg,0.3,该国统计局/农业部官网（待手动补）,,TODO: 填真实零售价(本币)
egg,MM,2025-08,,,kg,0.3,该国统计局/农业部官网（待手动补）,,TODO: 填真实零售价(本币)
egg,MM,2025-09,,,kg,0.3,该国统计局/农业部官网（待手动补）,,TODO: 填真实零售价(本币)
egg,MM,2025-10,,,kg,0.3,该国统计局/农业部官网（待手动补）,,TODO: 填真实零售价(本币)
egg,MM,2025-11,,,kg,0.3,该国统计局/农业部官网（待手动补）,,TODO: 填真实零售价(本币)
egg,MM,2025-12,,,kg,0.3,该国统计局/农业部官网（待手动补）,,TODO: 填真实零售价(本币)
egg,MM,2026-01,,,kg,0.3,该国统计局/农业部官网（待手动补）,,TODO: 填真实零售价(本币)
egg,MM,2026-02,,,kg,0.3,该国统计局/农业部官网（待手动补）,,TODO: 填真实零售价(本币)
egg,MM,2026-03,,,kg,0.3,该国统计局/农业部官网（待手动补）,,TODO: 填真实零售价(本币)
egg,MM,2026-04,,,kg,0.3,该国统计局/农业部官网（待手动补）,,TODO: 填真实零售价(本币)
egg,MM,2026-05,,,kg,0.3,该国统计局/农业部官网（待手动补）,,TODO: 填真实零售价(本币)
egg,MM,2026-06,,,kg,0.3,该国统计局/农业部官网（待手动补）,,TODO: 填真实零售价(本币)
egg,MM,2026-07,,,kg,0.3,该国统计局/农业部官网（待手动补）,,TODO: 填真实零售价(本币)
egg,MM,2026-08,,,kg,0.3,该国统计局/农业部官网（待手动补）,,TODO: 填真实零售价(本币)
egg,LA,2021-01,,,kg,0.3,该国统计局/农业部官网（待手动补）,,TODO: 填真实零售价(本币)
egg,LA,2021-02,,,kg,0.3,该国统计局/农业部官网（待手动补）,,TODO: 填真实零售价(本币)
egg,LA,2021-03,,,kg,0.3,该国统计局/农业部官网（待手动补）,,TODO: 填真实零售价(本币)
egg,LA,2021-04,,,kg,0.3,该国统计局/农业部官网（待手动补）,,TODO: 填真实零售价(本币)
egg,LA,2021-05,,,kg,0.3,该国统计局/农业部官网（待手动补）,,TODO: 填真实零售价(本币)
egg,LA,2021-06,,,kg,0.3,该国统计局/农业部官网（待手动补）,,TODO: 填真实零售价(本币)
egg,LA,2021-07,,,kg,0.3,该国统计局/农业部官网（待手动补）,,TODO: 填真实零售价(本币)
egg,LA,2021-08,,,kg,0.3,该国统计局/农业部官网（待手动补）,,TODO: 填真实零售价(本币)
egg,LA,2021-09,,,kg,0.3,该国统计局/农业部官网（待手动补）,,TODO: 填真实零售价(本币)
egg,LA,2021-10,,,kg,0.3,该国统计局/农业部官网（待手动补）,,TODO: 填真实零售价(本币)
egg,LA,2021-11,,,kg,0.3,该国统计局/农业部官网（待手动补）,,TODO: 填真实零售价(本币)
egg,LA,2021-12,,,kg,0.3,该国统计局/农业部官网（待手动补）,,TODO: 填真实零售价(本币)
egg,LA,2022-01,,,kg,0.3,该国统计局/农业部官网（待手动补）,,TODO: 填真实零售价(本币)
egg,LA,2022-02,,,kg,0.3,该国统计局/农业部官网（待手动补）,,TODO: 填真实零售价(本币)
egg,LA,2022-03,,,kg,0.3,该国统计局/农业部官网（待手动补）,,TODO: 填真实零售价(本币)
egg,LA,2022-04,,,kg,0.3,该国统计局/农业部官网（待手动补）,,TODO: 填真实零售价(本币)
egg,LA,2022-05,,,kg,0.3,该国统计局/农业部官网（待手动补）,,TODO: 填真实零售价(本币)
egg,LA,2022-06,,,kg,0.3,该国统计局/农业部官网（待手动补）,,TODO: 填真实零售价(本币)
egg,LA,2022-07,,,kg,0.3,该国统计局/农业部官网（待手动补）,,TODO: 填真实零售价(本币)
egg,LA,2022-08,,,kg,0.3,该国统计局/农业部官网（待手动补）,,TODO: 填真实零售价(本币)
egg,LA,2022-09,,,kg,0.3,该国统计局/农业部官网（待手动补）,,TODO: 填真实零售价(本币)
egg,LA,2022-10,,,kg,0.3,该国统计局/农业部官网（待手动补）,,TODO: 填真实零售价(本币)
egg,LA,2022-11,,,kg,0.3,该国统计局/农业部官网（待手动补）,,TODO: 填真实零售价(本币)
egg,LA,2022-12,,,kg,0.3,该国统计局/农业部官网（待手动补）,,TODO: 填真实零售价(本币)
egg,LA,2023-01,,,kg,0.3,该国统计局/农业部官网（待手动补）,,TODO: 填真实零售价(本币)
egg,LA,2023-02,,,kg,0.3,该国统计局/农业部官网（待手动补）,,TODO: 填真实零售价(本币)
egg,LA,2023-03,,,kg,0.3,该国统计局/农业部官网（待手动补）,,TODO: 填真实零售价(本币)
egg,LA,2023-04,,,kg,0.3,该国统计局/农业部官网（待手动补）,,TODO: 填真实零售价(本币)
egg,LA,2023-05,,,kg,0.3,该国统计局/农业部官网（待手动补）,,TODO: 填真实零售价(本币)
egg,LA,2023-06,,,kg,0.3,该国统计局/农业部官网（待手动补）,,TODO: 填真实零售价(本币)
egg,LA,2023-07,,,kg,0.3,该国统计局/农业部官网（待手动补）,,TODO: 填真实零售价(本币)
egg,LA,2023-08,,,kg,0.3,该国统计局/农业部官网（待手动补）,,TODO: 填真实零售价(本币)
egg,LA,2023-09,,,kg,0.3,该国统计局/农业部官网（待手动补）,,TODO: 填真实零售价(本币)
egg,LA,2023-10,,,kg,0.3,该国统计局/农业部官网（待手动补）,,TODO: 填真实零售价(本币)
egg,LA,2023-11,,,kg,0.3,该国统计局/农业部官网（待手动补）,,TODO: 填真实零售价(本币)
egg,LA,2023-12,,,kg,0.3,该国统计局/农业部官网（待手动补）,,TODO: 填真实零售价(本币)
egg,LA,2024-01,,,kg,0.3,该国统计局/农业部官网（待手动补）,,TODO: 填真实零售价(本币)
egg,LA,2024-02,,,kg,0.3,该国统计局/农业部官网（待手动补）,,TODO: 填真实零售价(本币)
egg,LA,2024-03,,,kg,0.3,该国统计局/农业部官网（待手动补）,,TODO: 填真实零售价(本币)
egg,LA,2024-04,,,kg,0.3,该国统计局/农业部官网（待手动补）,,TODO: 填真实零售价(本币)
egg,LA,2024-05,,,kg,0.3,该国统计局/农业部官网（待手动补）,,TODO: 填真实零售价(本币)
egg,LA,2024-06,,,kg,0.3,该国统计局/农业部官网（待手动补）,,TODO: 填真实零售价(本币)
egg,LA,2024-07,,,kg,0.3,该国统计局/农业部官网（待手动补）,,TODO: 填真实零售价(本币)
egg,LA,2024-08,,,kg,0.3,该国统计局/农业部官网（待手动补）,,TODO: 填真实零售价(本币)
egg,LA,2024-09,,,kg,0.3,该国统计局/农业部官网（待手动补）,,TODO: 填真实零售价(本币)
egg,LA,2024-10,,,kg,0.3,该国统计局/农业部官网（待手动补）,,TODO: 填真实零售价(本币)
egg,LA,2024-11,,,kg,0.3,该国统计局/农业部官网（待手动补）,,TODO: 填真实零售价(本币)
egg,LA,2024-12,,,kg,0.3,该国统计局/农业部官网（待手动补）,,TODO: 填真实零售价(本币)
egg,LA,2025-01,,,kg,0.3,该国统计局/农业部官网（待手动补）,,TODO: 填真实零售价(本币)
egg,LA,2025-02,,,kg,0.3,该国统计局/农业部官网（待手动补）,,TODO: 填真实零售价(本币)
egg,LA,2025-03,,,kg,0.3,该国统计局/农业部官网（待手动补）,,TODO: 填真实零售价(本币)
egg,LA,2025-04,,,kg,0.3,该国统计局/农业部官网（待手动补）,,TODO: 填真实零售价(本币)
egg,LA,2025-05,,,kg,0.3,该国统计局/农业部官网（待手动补）,,TODO: 填真实零售价(本币)
egg,LA,2025-06,,,kg,0.3,该国统计局/农业部官网（待手动补）,,TODO: 填真实零售价(本币)
egg,LA,2025-07,,,kg,0.3,该国统计局/农业部官网（待手动补）,,TODO: 填真实零售价(本币)
egg,LA,2025-08,,,kg,0.3,该国统计局/农业部官网（待手动补）,,TODO: 填真实零售价(本币)
egg,LA,2025-09,,,kg,0.3,该国统计局/农业部官网（待手动补）,,TODO: 填真实零售价(本币)
egg,LA,2025-10,,,kg,0.3,该国统计局/农业部官网（待手动补）,,TODO: 填真实零售价(本币)
egg,LA,2025-11,,,kg,0.3,该国统计局/农业部官网（待手动补）,,TODO: 填真实零售价(本币)
egg,LA,2025-12,,,kg,0.3,该国统计局/农业部官网（待手动补）,,TODO: 填真实零售价(本币)
egg,LA,2026-01,,,kg,0.3,该国统计局/农业部官网（待手动补）,,TODO: 填真实零售价(本币)
egg,LA,2026-02,,,kg,0.3,该国统计局/农业部官网（待手动补）,,TODO: 填真实零售价(本币)
egg,LA,2026-03,,,kg,0.3,该国统计局/农业部官网（待手动补）,,TODO: 填真实零售价(本币)
egg,LA,2026-04,,,kg,0.3,该国统计局/农业部官网（待手动补）,,TODO: 填真实零售价(本币)
egg,LA,2026-05,,,kg,0.3,该国统计局/农业部官网（待手动补）,,TODO: 填真实零售价(本币)
egg,LA,2026-06,,,kg,0.3,该国统计局/农业部官网（待手动补）,,TODO: 填真实零售价(本币)
egg,LA,2026-07,,,kg,0.3,该国统计局/农业部官网（待手动补）,,TODO: 填真实零售价(本币)
egg,LA,2026-08,,,kg,0.3,该国统计局/农业部官网（待手动补）,,TODO: 填真实零售价(本币)
egg,KH,2021-01,,,kg,0.3,该国统计局/农业部官网（待手动补）,,TODO: 填真实零售价(本币)
egg,KH,2021-02,,,kg,0.3,该国统计局/农业部官网（待手动补）,,TODO: 填真实零售价(本币)
egg,KH,2021-03,,,kg,0.3,该国统计局/农业部官网（待手动补）,,TODO: 填真实零售价(本币)
egg,KH,2021-04,,,kg,0.3,该国统计局/农业部官网（待手动补）,,TODO: 填真实零售价(本币)
egg,KH,2021-05,,,kg,0.3,该国统计局/农业部官网（待手动补）,,TODO: 填真实零售价(本币)
egg,KH,2021-06,,,kg,0.3,该国统计局/农业部官网（待手动补）,,TODO: 填真实零售价(本币)
egg,KH,2021-07,,,kg,0.3,该国统计局/农业部官网（待手动补）,,TODO: 填真实零售价(本币)
egg,KH,2021-08,,,kg,0.3,该国统计局/农业部官网（待手动补）,,TODO: 填真实零售价(本币)
egg,KH,2021-09,,,kg,0.3,该国统计局/农业部官网（待手动补）,,TODO: 填真实零售价(本币)
egg,KH,2021-10,,,kg,0.3,该国统计局/农业部官网（待手动补）,,TODO: 填真实零售价(本币)
egg,KH,2021-11,,,kg,0.3,该国统计局/农业部官网（待手动补）,,TODO: 填真实零售价(本币)
egg,KH,2021-12,,,kg,0.3,该国统计局/农业部官网（待手动补）,,TODO: 填真实零售价(本币)
egg,KH,2022-01,,,kg,0.3,该国统计局/农业部官网（待手动补）,,TODO: 填真实零售价(本币)
egg,KH,2022-02,,,kg,0.3,该国统计局/农业部官网（待手动补）,,TODO: 填真实零售价(本币)
egg,KH,2022-03,,,kg,0.3,该国统计局/农业部官网（待手动补）,,TODO: 填真实零售价(本币)
egg,KH,2022-04,,,kg,0.3,该国统计局/农业部官网（待手动补）,,TODO: 填真实零售价(本币)
egg,KH,2022-05,,,kg,0.3,该国统计局/农业部官网（待手动补）,,TODO: 填真实零售价(本币)
egg,KH,2022-06,,,kg,0.3,该国统计局/农业部官网（待手动补）,,TODO: 填真实零售价(本币)
egg,KH,2022-07,,,kg,0.3,该国统计局/农业部官网（待手动补）,,TODO: 填真实零售价(本币)
egg,KH,2022-08,,,kg,0.3,该国统计局/农业部官网（待手动补）,,TODO: 填真实零售价(本币)
egg,KH,2022-09,,,kg,0.3,该国统计局/农业部官网（待手动补）,,TODO: 填真实零售价(本币)
egg,KH,2022-10,,,kg,0.3,该国统计局/农业部官网（待手动补）,,TODO: 填真实零售价(本币)
egg,KH,2022-11,,,kg,0.3,该国统计局/农业部官网（待手动补）,,TODO: 填真实零售价(本币)
egg,KH,2022-12,,,kg,0.3,该国统计局/农业部官网（待手动补）,,TODO: 填真实零售价(本币)
egg,KH,2023-01,,,kg,0.3,该国统计局/农业部官网（待手动补）,,TODO: 填真实零售价(本币)
egg,KH,2023-02,,,kg,0.3,该国统计局/农业部官网（待手动补）,,TODO: 填真实零售价(本币)
egg,KH,2023-03,,,kg,0.3,该国统计局/农业部官网（待手动补）,,TODO: 填真实零售价(本币)
egg,KH,2023-04,,,kg,0.3,该国统计局/农业部官网（待手动补）,,TODO: 填真实零售价(本币)
egg,KH,2023-05,,,kg,0.3,该国统计局/农业部官网（待手动补）,,TODO: 填真实零售价(本币)
egg,KH,2023-06,,,kg,0.3,该国统计局/农业部官网（待手动补）,,TODO: 填真实零售价(本币)
egg,KH,2023-07,,,kg,0.3,该国统计局/农业部官网（待手动补）,,TODO: 填真实零售价(本币)
egg,KH,2023-08,,,kg,0.3,该国统计局/农业部官网（待手动补）,,TODO: 填真实零售价(本币)
egg,KH,2023-09,,,kg,0.3,该国统计局/农业部官网（待手动补）,,TODO: 填真实零售价(本币)
egg,KH,2023-10,,,kg,0.3,该国统计局/农业部官网（待手动补）,,TODO: 填真实零售价(本币)
egg,KH,2023-11,,,kg,0.3,该国统计局/农业部官网（待手动补）,,TODO: 填真实零售价(本币)
egg,KH,2023-12,,,kg,0.3,该国统计局/农业部官网（待手动补）,,TODO: 填真实零售价(本币)
egg,KH,2024-01,,,kg,0.3,该国统计局/农业部官网（待手动补）,,TODO: 填真实零售价(本币)
egg,KH,2024-02,,,kg,0.3,该国统计局/农业部官网（待手动补）,,TODO: 填真实零售价(本币)
egg,KH,2024-03,,,kg,0.3,该国统计局/农业部官网（待手动补）,,TODO: 填真实零售价(本币)
egg,KH,2024-04,,,kg,0.3,该国统计局/农业部官网（待手动补）,,TODO: 填真实零售价(本币)
egg,KH,2024-05,,,kg,0.3,该国统计局/农业部官网（待手动补）,,TODO: 填真实零售价(本币)
egg,KH,2024-06,,,kg,0.3,该国统计局/农业部官网（待手动补）,,TODO: 填真实零售价(本币)
egg,KH,2024-07,,,kg,0.3,该国统计局/农业部官网（待手动补）,,TODO: 填真实零售价(本币)
egg,KH,2024-08,,,kg,0.3,该国统计局/农业部官网（待手动补）,,TODO: 填真实零售价(本币)
egg,KH,2024-09,,,kg,0.3,该国统计局/农业部官网（待手动补）,,TODO: 填真实零售价(本币)
egg,KH,2024-10,,,kg,0.3,该国统计局/农业部官网（待手动补）,,TODO: 填真实零售价(本币)
egg,KH,2024-11,,,kg,0.3,该国统计局/农业部官网（待手动补）,,TODO: 填真实零售价(本币)
egg,KH,2024-12,,,kg,0.3,该国统计局/农业部官网（待手动补）,,TODO: 填真实零售价(本币)
egg,KH,2025-01,,,kg,0.3,该国统计局/农业部官网（待手动补）,,TODO: 填真实零售价(本币)
egg,KH,2025-02,,,kg,0.3,该国统计局/农业部官网（待手动补）,,TODO: 填真实零售价(本币)
egg,KH,2025-03,,,kg,0.3,该国统计局/农业部官网（待手动补）,,TODO: 填真实零售价(本币)
egg,KH,2025-04,,,kg,0.3,该国统计局/农业部官网（待手动补）,,TODO: 填真实零售价(本币)
egg,KH,2025-05,,,kg,0.3,该国统计局/农业部官网（待手动补）,,TODO: 填真实零售价(本币)
egg,KH,2025-06,,,kg,0.3,该国统计局/农业部官网（待手动补）,,TODO: 填真实零售价(本币)
egg,KH,2025-07,,,kg,0.3,该国统计局/农业部官网（待手动补）,,TODO: 填真实零售价(本币)
egg,KH,2025-08,,,kg,0.3,该国统计局/农业部官网（待手动补）,,TODO: 填真实零售价(本币)
egg,KH,2025-09,,,kg,0.3,该国统计局/农业部官网（待手动补）,,TODO: 填真实零售价(本币)
egg,KH,2025-10,,,kg,0.3,该国统计局/农业部官网（待手动补）,,TODO: 填真实零售价(本币)
egg,KH,2025-11,,,kg,0.3,该国统计局/农业部官网（待手动补）,,TODO: 填真实零售价(本币)
egg,KH,2025-12,,,kg,0.3,该国统计局/农业部官网（待手动补）,,TODO: 填真实零售价(本币)
egg,KH,2026-01,,,kg,0.3,该国统计局/农业部官网（待手动补）,,TODO: 填真实零售价(本币)
egg,KH,2026-02,,,kg,0.3,该国统计局/农业部官网（待手动补）,,TODO: 填真实零售价(本币)
egg,KH,2026-03,,,kg,0.3,该国统计局/农业部官网（待手动补）,,TODO: 填真实零售价(本币)
egg,KH,2026-04,,,kg,0.3,该国统计局/农业部官网（待手动补）,,TODO: 填真实零售价(本币)
egg,KH,2026-05,,,kg,0.3,该国统计局/农业部官网（待手动补）,,TODO: 填真实零售价(本币)
egg,KH,2026-06,,,kg,0.3,该国统计局/农业部官网（待手动补）,,TODO: 填真实零售价(本币)
egg,KH,2026-07,,,kg,0.3,该国统计局/农业部官网（待手动补）,,TODO: 填真实零售价(本币)
egg,KH,2026-08,,,kg,0.3,该国统计局/农业部官网（待手动补）,,TODO: 填真实零售价(本币)
egg,IN,2021-01,,,kg,0.3,该国统计局/农业部官网（待手动补）,,TODO: 填真实零售价(本币)
egg,IN,2021-02,,,kg,0.3,该国统计局/农业部官网（待手动补）,,TODO: 填真实零售价(本币)
egg,IN,2021-03,,,kg,0.3,该国统计局/农业部官网（待手动补）,,TODO: 填真实零售价(本币)
egg,IN,2021-04,,,kg,0.3,该国统计局/农业部官网（待手动补）,,TODO: 填真实零售价(本币)
egg,IN,2021-05,,,kg,0.3,该国统计局/农业部官网（待手动补）,,TODO: 填真实零售价(本币)
egg,IN,2021-06,,,kg,0.3,该国统计局/农业部官网（待手动补）,,TODO: 填真实零售价(本币)
egg,IN,2021-07,,,kg,0.3,该国统计局/农业部官网（待手动补）,,TODO: 填真实零售价(本币)
egg,IN,2021-08,,,kg,0.3,该国统计局/农业部官网（待手动补）,,TODO: 填真实零售价(本币)
egg,IN,2021-09,,,kg,0.3,该国统计局/农业部官网（待手动补）,,TODO: 填真实零售价(本币)
egg,IN,2021-10,,,kg,0.3,该国统计局/农业部官网（待手动补）,,TODO: 填真实零售价(本币)
egg,IN,2021-11,,,kg,0.3,该国统计局/农业部官网（待手动补）,,TODO: 填真实零售价(本币)
egg,IN,2021-12,,,kg,0.3,该国统计局/农业部官网（待手动补）,,TODO: 填真实零售价(本币)
egg,IN,2022-01,,,kg,0.3,该国统计局/农业部官网（待手动补）,,TODO: 填真实零售价(本币)
egg,IN,2022-02,,,kg,0.3,该国统计局/农业部官网（待手动补）,,TODO: 填真实零售价(本币)
egg,IN,2022-03,,,kg,0.3,该国统计局/农业部官网（待手动补）,,TODO: 填真实零售价(本币)
egg,IN,2022-04,,,kg,0.3,该国统计局/农业部官网（待手动补）,,TODO: 填真实零售价(本币)
egg,IN,2022-05,,,kg,0.3,该国统计局/农业部官网（待手动补）,,TODO: 填真实零售价(本币)
egg,IN,2022-06,,,kg,0.3,该国统计局/农业部官网（待手动补）,,TODO: 填真实零售价(本币)
egg,IN,2022-07,,,kg,0.3,该国统计局/农业部官网（待手动补）,,TODO: 填真实零售价(本币)
egg,IN,2022-08,,,kg,0.3,该国统计局/农业部官网（待手动补）,,TODO: 填真实零售价(本币)
egg,IN,2022-09,,,kg,0.3,该国统计局/农业部官网（待手动补）,,TODO: 填真实零售价(本币)
egg,IN,2022-10,,,kg,0.3,该国统计局/农业部官网（待手动补）,,TODO: 填真实零售价(本币)
egg,IN,2022-11,,,kg,0.3,该国统计局/农业部官网（待手动补）,,TODO: 填真实零售价(本币)
egg,IN,2022-12,,,kg,0.3,该国统计局/农业部官网（待手动补）,,TODO: 填真实零售价(本币)
egg,IN,2023-01,,,kg,0.3,该国统计局/农业部官网（待手动补）,,TODO: 填真实零售价(本币)
egg,IN,2023-02,,,kg,0.3,该国统计局/农业部官网（待手动补）,,TODO: 填真实零售价(本币)
egg,IN,2023-03,,,kg,0.3,该国统计局/农业部官网（待手动补）,,TODO: 填真实零售价(本币)
egg,IN,2023-04,,,kg,0.3,该国统计局/农业部官网（待手动补）,,TODO: 填真实零售价(本币)
egg,IN,2023-05,,,kg,0.3,该国统计局/农业部官网（待手动补）,,TODO: 填真实零售价(本币)
egg,IN,2023-06,,,kg,0.3,该国统计局/农业部官网（待手动补）,,TODO: 填真实零售价(本币)
egg,IN,2023-07,,,kg,0.3,该国统计局/农业部官网（待手动补）,,TODO: 填真实零售价(本币)
egg,IN,2023-08,,,kg,0.3,该国统计局/农业部官网（待手动补）,,TODO: 填真实零售价(本币)
egg,IN,2023-09,,,kg,0.3,该国统计局/农业部官网（待手动补）,,TODO: 填真实零售价(本币)
egg,IN,2023-10,,,kg,0.3,该国统计局/农业部官网（待手动补）,,TODO: 填真实零售价(本币)
egg,IN,2023-11,,,kg,0.3,该国统计局/农业部官网（待手动补）,,TODO: 填真实零售价(本币)
egg,IN,2023-12,,,kg,0.3,该国统计局/农业部官网（待手动补）,,TODO: 填真实零售价(本币)
egg,IN,2024-01,,,kg,0.3,该国统计局/农业部官网（待手动补）,,TODO: 填真实零售价(本币)
egg,IN,2024-02,,,kg,0.3,该国统计局/农业部官网（待手动补）,,TODO: 填真实零售价(本币)
egg,IN,2024-03,,,kg,0.3,该国统计局/农业部官网（待手动补）,,TODO: 填真实零售价(本币)
egg,IN,2024-04,,,kg,0.3,该国统计局/农业部官网（待手动补）,,TODO: 填真实零售价(本币)
egg,IN,2024-05,,,kg,0.3,该国统计局/农业部官网（待手动补）,,TODO: 填真实零售价(本币)
egg,IN,2024-06,,,kg,0.3,该国统计局/农业部官网（待手动补）,,TODO: 填真实零售价(本币)
egg,IN,2024-07,,,kg,0.3,该国统计局/农业部官网（待手动补）,,TODO: 填真实零售价(本币)
egg,IN,2024-08,,,kg,0.3,该国统计局/农业部官网（待手动补）,,TODO: 填真实零售价(本币)
egg,IN,2024-09,,,kg,0.3,该国统计局/农业部官网（待手动补）,,TODO: 填真实零售价(本币)
egg,IN,2024-10,,,kg,0.3,该国统计局/农业部官网（待手动补）,,TODO: 填真实零售价(本币)
egg,IN,2024-11,,,kg,0.3,该国统计局/农业部官网（待手动补）,,TODO: 填真实零售价(本币)
egg,IN,2024-12,,,kg,0.3,该国统计局/农业部官网（待手动补）,,TODO: 填真实零售价(本币)
egg,IN,2025-01,,,kg,0.3,该国统计局/农业部官网（待手动补）,,TODO: 填真实零售价(本币)
egg,IN,2025-02,,,kg,0.3,该国统计局/农业部官网（待手动补）,,TODO: 填真实零售价(本币)
egg,IN,2025-03,,,kg,0.3,该国统计局/农业部官网（待手动补）,,TODO: 填真实零售价(本币)
egg,IN,2025-04,,,kg,0.3,该国统计局/农业部官网（待手动补）,,TODO: 填真实零售价(本币)
egg,IN,2025-05,,,kg,0.3,该国统计局/农业部官网（待手动补）,,TODO: 填真实零售价(本币)
egg,IN,2025-06,,,kg,0.3,该国统计局/农业部官网（待手动补）,,TODO: 填真实零售价(本币)
egg,IN,2025-07,,,kg,0.3,该国统计局/农业部官网（待手动补）,,TODO: 填真实零售价(本币)
egg,IN,2025-08,,,kg,0.3,该国统计局/农业部官网（待手动补）,,TODO: 填真实零售价(本币)
egg,IN,2025-09,,,kg,0.3,该国统计局/农业部官网（待手动补）,,TODO: 填真实零售价(本币)
egg,IN,2025-10,,,kg,0.3,该国统计局/农业部官网（待手动补）,,TODO: 填真实零售价(本币)
egg,IN,2025-11,,,kg,0.3,该国统计局/农业部官网（待手动补）,,TODO: 填真实零售价(本币)
egg,IN,2025-12,,,kg,0.3,该国统计局/农业部官网（待手动补）,,TODO: 填真实零售价(本币)
egg,IN,2026-01,,,kg,0.3,该国统计局/农业部官网（待手动补）,,TODO: 填真实零售价(本币)
egg,IN,2026-02,,,kg,0.3,该国统计局/农业部官网（待手动补）,,TODO: 填真实零售价(本币)
egg,IN,2026-03,,,kg,0.3,该国统计局/农业部官网（待手动补）,,TODO: 填真实零售价(本币)
egg,IN,2026-04,,,kg,0.3,该国统计局/农业部官网（待手动补）,,TODO: 填真实零售价(本币)
egg,IN,2026-05,,,kg,0.3,该国统计局/农业部官网（待手动补）,,TODO: 填真实零售价(本币)
egg,IN,2026-06,,,kg,0.3,该国统计局/农业部官网（待手动补）,,TODO: 填真实零售价(本币)
egg,IN,2026-07,,,kg,0.3,该国统计局/农业部官网（待手动补）,,TODO: 填真实零售价(本币)
egg,IN,2026-08,,,kg,0.3,该国统计局/农业部官网（待手动补）,,TODO: 填真实零售价(本币)
egg,BD,2021-01,,,kg,0.3,该国统计局/农业部官网（待手动补）,,TODO: 填真实零售价(本币)
egg,BD,2021-02,,,kg,0.3,该国统计局/农业部官网（待手动补）,,TODO: 填真实零售价(本币)
egg,BD,2021-03,,,kg,0.3,该国统计局/农业部官网（待手动补）,,TODO: 填真实零售价(本币)
egg,BD,2021-04,,,kg,0.3,该国统计局/农业部官网（待手动补）,,TODO: 填真实零售价(本币)
egg,BD,2021-05,,,kg,0.3,该国统计局/农业部官网（待手动补）,,TODO: 填真实零售价(本币)
egg,BD,2021-06,,,kg,0.3,该国统计局/农业部官网（待手动补）,,TODO: 填真实零售价(本币)
egg,BD,2021-07,,,kg,0.3,该国统计局/农业部官网（待手动补）,,TODO: 填真实零售价(本币)
egg,BD,2021-08,,,kg,0.3,该国统计局/农业部官网（待手动补）,,TODO: 填真实零售价(本币)
egg,BD,2021-09,,,kg,0.3,该国统计局/农业部官网（待手动补）,,TODO: 填真实零售价(本币)
egg,BD,2021-10,,,kg,0.3,该国统计局/农业部官网（待手动补）,,TODO: 填真实零售价(本币)
egg,BD,2021-11,,,kg,0.3,该国统计局/农业部官网（待手动补）,,TODO: 填真实零售价(本币)
egg,BD,2021-12,,,kg,0.3,该国统计局/农业部官网（待手动补）,,TODO: 填真实零售价(本币)
egg,BD,2022-01,,,kg,0.3,该国统计局/农业部官网（待手动补）,,TODO: 填真实零售价(本币)
egg,BD,2022-02,,,kg,0.3,该国统计局/农业部官网（待手动补）,,TODO: 填真实零售价(本币)
egg,BD,2022-03,,,kg,0.3,该国统计局/农业部官网（待手动补）,,TODO: 填真实零售价(本币)
egg,BD,2022-04,,,kg,0.3,该国统计局/农业部官网（待手动补）,,TODO: 填真实零售价(本币)
egg,BD,2022-05,,,kg,0.3,该国统计局/农业部官网（待手动补）,,TODO: 填真实零售价(本币)
egg,BD,2022-06,,,kg,0.3,该国统计局/农业部官网（待手动补）,,TODO: 填真实零售价(本币)
egg,BD,2022-07,,,kg,0.3,该国统计局/农业部官网（待手动补）,,TODO: 填真实零售价(本币)
egg,BD,2022-08,,,kg,0.3,该国统计局/农业部官网（待手动补）,,TODO: 填真实零售价(本币)
egg,BD,2022-09,,,kg,0.3,该国统计局/农业部官网（待手动补）,,TODO: 填真实零售价(本币)
egg,BD,2022-10,,,kg,0.3,该国统计局/农业部官网（待手动补）,,TODO: 填真实零售价(本币)
egg,BD,2022-11,,,kg,0.3,该国统计局/农业部官网（待手动补）,,TODO: 填真实零售价(本币)
egg,BD,2022-12,,,kg,0.3,该国统计局/农业部官网（待手动补）,,TODO: 填真实零售价(本币)
egg,BD,2023-01,,,kg,0.3,该国统计局/农业部官网（待手动补）,,TODO: 填真实零售价(本币)
egg,BD,2023-02,,,kg,0.3,该国统计局/农业部官网（待手动补）,,TODO: 填真实零售价(本币)
egg,BD,2023-03,,,kg,0.3,该国统计局/农业部官网（待手动补）,,TODO: 填真实零售价(本币)
egg,BD,2023-04,,,kg,0.3,该国统计局/农业部官网（待手动补）,,TODO: 填真实零售价(本币)
egg,BD,2023-05,,,kg,0.3,该国统计局/农业部官网（待手动补）,,TODO: 填真实零售价(本币)
egg,BD,2023-06,,,kg,0.3,该国统计局/农业部官网（待手动补）,,TODO: 填真实零售价(本币)
egg,BD,2023-07,,,kg,0.3,该国统计局/农业部官网（待手动补）,,TODO: 填真实零售价(本币)
egg,BD,2023-08,,,kg,0.3,该国统计局/农业部官网（待手动补）,,TODO: 填真实零售价(本币)
egg,BD,2023-09,,,kg,0.3,该国统计局/农业部官网（待手动补）,,TODO: 填真实零售价(本币)
egg,BD,2023-10,,,kg,0.3,该国统计局/农业部官网（待手动补）,,TODO: 填真实零售价(本币)
egg,BD,2023-11,,,kg,0.3,该国统计局/农业部官网（待手动补）,,TODO: 填真实零售价(本币)
egg,BD,2023-12,,,kg,0.3,该国统计局/农业部官网（待手动补）,,TODO: 填真实零售价(本币)
egg,BD,2024-01,,,kg,0.3,该国统计局/农业部官网（待手动补）,,TODO: 填真实零售价(本币)
egg,BD,2024-02,,,kg,0.3,该国统计局/农业部官网（待手动补）,,TODO: 填真实零售价(本币)
egg,BD,2024-03,,,kg,0.3,该国统计局/农业部官网（待手动补）,,TODO: 填真实零售价(本币)
egg,BD,2024-04,,,kg,0.3,该国统计局/农业部官网（待手动补）,,TODO: 填真实零售价(本币)
egg,BD,2024-05,,,kg,0.3,该国统计局/农业部官网（待手动补）,,TODO: 填真实零售价(本币)
egg,BD,2024-06,,,kg,0.3,该国统计局/农业部官网（待手动补）,,TODO: 填真实零售价(本币)
egg,BD,2024-07,,,kg,0.3,该国统计局/农业部官网（待手动补）,,TODO: 填真实零售价(本币)
egg,BD,2024-08,,,kg,0.3,该国统计局/农业部官网（待手动补）,,TODO: 填真实零售价(本币)
egg,BD,2024-09,,,kg,0.3,该国统计局/农业部官网（待手动补）,,TODO: 填真实零售价(本币)
egg,BD,2024-10,,,kg,0.3,该国统计局/农业部官网（待手动补）,,TODO: 填真实零售价(本币)
egg,BD,2024-11,,,kg,0.3,该国统计局/农业部官网（待手动补）,,TODO: 填真实零售价(本币)
egg,BD,2024-12,,,kg,0.3,该国统计局/农业部官网（待手动补）,,TODO: 填真实零售价(本币)
egg,BD,2025-01,,,kg,0.3,该国统计局/农业部官网（待手动补）,,TODO: 填真实零售价(本币)
egg,BD,2025-02,,,kg,0.3,该国统计局/农业部官网（待手动补）,,TODO: 填真实零售价(本币)
egg,BD,2025-03,,,kg,0.3,该国统计局/农业部官网（待手动补）,,TODO: 填真实零售价(本币)
egg,BD,2025-04,,,kg,0.3,该国统计局/农业部官网（待手动补）,,TODO: 填真实零售价(本币)
egg,BD,2025-05,,,kg,0.3,该国统计局/农业部官网（待手动补）,,TODO: 填真实零售价(本币)
egg,BD,2025-06,,,kg,0.3,该国统计局/农业部官网（待手动补）,,TODO: 填真实零售价(本币)
egg,BD,2025-07,,,kg,0.3,该国统计局/农业部官网（待手动补）,,TODO: 填真实零售价(本币)
egg,BD,2025-08,,,kg,0.3,该国统计局/农业部官网（待手动补）,,TODO: 填真实零售价(本币)
egg,BD,2025-09,,,kg,0.3,该国统计局/农业部官网（待手动补）,,TODO: 填真实零售价(本币)
egg,BD,2025-10,,,kg,0.3,该国统计局/农业部官网（待手动补）,,TODO: 填真实零售价(本币)
egg,BD,2025-11,,,kg,0.3,该国统计局/农业部官网（待手动补）,,TODO: 填真实零售价(本币)
egg,BD,2025-12,,,kg,0.3,该国统计局/农业部官网（待手动补）,,TODO: 填真实零售价(本币)
egg,BD,2026-01,,,kg,0.3,该国统计局/农业部官网（待手动补）,,TODO: 填真实零售价(本币)
egg,BD,2026-02,,,kg,0.3,该国统计局/农业部官网（待手动补）,,TODO: 填真实零售价(本币)
egg,BD,2026-03,,,kg,0.3,该国统计局/农业部官网（待手动补）,,TODO: 填真实零售价(本币)
egg,BD,2026-04,,,kg,0.3,该国统计局/农业部官网（待手动补）,,TODO: 填真实零售价(本币)
egg,BD,2026-05,,,kg,0.3,该国统计局/农业部官网（待手动补）,,TODO: 填真实零售价(本币)
egg,BD,2026-06,,,kg,0.3,该国统计局/农业部官网（待手动补）,,TODO: 填真实零售价(本币)
egg,BD,2026-07,,,kg,0.3,该国统计局/农业部官网（待手动补）,,TODO: 填真实零售价(本币)
egg,BD,2026-08,,,kg,0.3,该国统计局/农业部官网（待手动补）,,TODO: 填真实零售价(本币)
egg,ID,2021-01,,,kg,0.3,该国统计局/农业部官网（待手动补）,,TODO: 填真实零售价(本币)
egg,ID,2021-02,,,kg,0.3,该国统计局/农业部官网（待手动补）,,TODO: 填真实零售价(本币)
egg,ID,2021-03,,,kg,0.3,该国统计局/农业部官网（待手动补）,,TODO: 填真实零售价(本币)
egg,ID,2021-04,,,kg,0.3,该国统计局/农业部官网（待手动补）,,TODO: 填真实零售价(本币)
egg,ID,2021-05,,,kg,0.3,该国统计局/农业部官网（待手动补）,,TODO: 填真实零售价(本币)
egg,ID,2021-06,,,kg,0.3,该国统计局/农业部官网（待手动补）,,TODO: 填真实零售价(本币)
egg,ID,2021-07,,,kg,0.3,该国统计局/农业部官网（待手动补）,,TODO: 填真实零售价(本币)
egg,ID,2021-08,,,kg,0.3,该国统计局/农业部官网（待手动补）,,TODO: 填真实零售价(本币)
egg,ID,2021-09,,,kg,0.3,该国统计局/农业部官网（待手动补）,,TODO: 填真实零售价(本币)
egg,ID,2021-10,,,kg,0.3,该国统计局/农业部官网（待手动补）,,TODO: 填真实零售价(本币)
egg,ID,2021-11,,,kg,0.3,该国统计局/农业部官网（待手动补）,,TODO: 填真实零售价(本币)
egg,ID,2021-12,,,kg,0.3,该国统计局/农业部官网（待手动补）,,TODO: 填真实零售价(本币)
egg,ID,2022-01,,,kg,0.3,该国统计局/农业部官网（待手动补）,,TODO: 填真实零售价(本币)
egg,ID,2022-02,,,kg,0.3,该国统计局/农业部官网（待手动补）,,TODO: 填真实零售价(本币)
egg,ID,2022-03,,,kg,0.3,该国统计局/农业部官网（待手动补）,,TODO: 填真实零售价(本币)
egg,ID,2022-04,,,kg,0.3,该国统计局/农业部官网（待手动补）,,TODO: 填真实零售价(本币)
egg,ID,2022-05,,,kg,0.3,该国统计局/农业部官网（待手动补）,,TODO: 填真实零售价(本币)
egg,ID,2022-06,,,kg,0.3,该国统计局/农业部官网（待手动补）,,TODO: 填真实零售价(本币)
egg,ID,2022-07,,,kg,0.3,该国统计局/农业部官网（待手动补）,,TODO: 填真实零售价(本币)
egg,ID,2022-08,,,kg,0.3,该国统计局/农业部官网（待手动补）,,TODO: 填真实零售价(本币)
egg,ID,2022-09,,,kg,0.3,该国统计局/农业部官网（待手动补）,,TODO: 填真实零售价(本币)
egg,ID,2022-10,,,kg,0.3,该国统计局/农业部官网（待手动补）,,TODO: 填真实零售价(本币)
egg,ID,2022-11,,,kg,0.3,该国统计局/农业部官网（待手动补）,,TODO: 填真实零售价(本币)
egg,ID,2022-12,,,kg,0.3,该国统计局/农业部官网（待手动补）,,TODO: 填真实零售价(本币)
egg,ID,2023-01,,,kg,0.3,该国统计局/农业部官网（待手动补）,,TODO: 填真实零售价(本币)
egg,ID,2023-02,,,kg,0.3,该国统计局/农业部官网（待手动补）,,TODO: 填真实零售价(本币)
egg,ID,2023-03,,,kg,0.3,该国统计局/农业部官网（待手动补）,,TODO: 填真实零售价(本币)
egg,ID,2023-04,,,kg,0.3,该国统计局/农业部官网（待手动补）,,TODO: 填真实零售价(本币)
egg,ID,2023-05,,,kg,0.3,该国统计局/农业部官网（待手动补）,,TODO: 填真实零售价(本币)
egg,ID,2023-06,,,kg,0.3,该国统计局/农业部官网（待手动补）,,TODO: 填真实零售价(本币)
egg,ID,2023-07,,,kg,0.3,该国统计局/农业部官网（待手动补）,,TODO: 填真实零售价(本币)
egg,ID,2023-08,,,kg,0.3,该国统计局/农业部官网（待手动补）,,TODO: 填真实零售价(本币)
egg,ID,2023-09,,,kg,0.3,该国统计局/农业部官网（待手动补）,,TODO: 填真实零售价(本币)
egg,ID,2023-10,,,kg,0.3,该国统计局/农业部官网（待手动补）,,TODO: 填真实零售价(本币)
egg,ID,2023-11,,,kg,0.3,该国统计局/农业部官网（待手动补）,,TODO: 填真实零售价(本币)
egg,ID,2023-12,,,kg,0.3,该国统计局/农业部官网（待手动补）,,TODO: 填真实零售价(本币)
egg,ID,2024-01,,,kg,0.3,该国统计局/农业部官网（待手动补）,,TODO: 填真实零售价(本币)
egg,ID,2024-02,,,kg,0.3,该国统计局/农业部官网（待手动补）,,TODO: 填真实零售价(本币)
egg,ID,2024-03,,,kg,0.3,该国统计局/农业部官网（待手动补）,,TODO: 填真实零售价(本币)
egg,ID,2024-04,,,kg,0.3,该国统计局/农业部官网（待手动补）,,TODO: 填真实零售价(本币)
egg,ID,2024-05,,,kg,0.3,该国统计局/农业部官网（待手动补）,,TODO: 填真实零售价(本币)
egg,ID,2024-06,,,kg,0.3,该国统计局/农业部官网（待手动补）,,TODO: 填真实零售价(本币)
egg,ID,2024-07,,,kg,0.3,该国统计局/农业部官网（待手动补）,,TODO: 填真实零售价(本币)
egg,ID,2024-08,,,kg,0.3,该国统计局/农业部官网（待手动补）,,TODO: 填真实零售价(本币)
egg,ID,2024-09,,,kg,0.3,该国统计局/农业部官网（待手动补）,,TODO: 填真实零售价(本币)
egg,ID,2024-10,,,kg,0.3,该国统计局/农业部官网（待手动补）,,TODO: 填真实零售价(本币)
egg,ID,2024-11,,,kg,0.3,该国统计局/农业部官网（待手动补）,,TODO: 填真实零售价(本币)
egg,ID,2024-12,,,kg,0.3,该国统计局/农业部官网（待手动补）,,TODO: 填真实零售价(本币)
egg,ID,2025-01,,,kg,0.3,该国统计局/农业部官网（待手动补）,,TODO: 填真实零售价(本币)
egg,ID,2025-02,,,kg,0.3,该国统计局/农业部官网（待手动补）,,TODO: 填真实零售价(本币)
egg,ID,2025-03,,,kg,0.3,该国统计局/农业部官网（待手动补）,,TODO: 填真实零售价(本币)
egg,ID,2025-04,,,kg,0.3,该国统计局/农业部官网（待手动补）,,TODO: 填真实零售价(本币)
egg,ID,2025-05,,,kg,0.3,该国统计局/农业部官网（待手动补）,,TODO: 填真实零售价(本币)
egg,ID,2025-06,,,kg,0.3,该国统计局/农业部官网（待手动补）,,TODO: 填真实零售价(本币)
egg,ID,2025-07,,,kg,0.3,该国统计局/农业部官网（待手动补）,,TODO: 填真实零售价(本币)
egg,ID,2025-08,,,kg,0.3,该国统计局/农业部官网（待手动补）,,TODO: 填真实零售价(本币)
egg,ID,2025-09,,,kg,0.3,该国统计局/农业部官网（待手动补）,,TODO: 填真实零售价(本币)
egg,ID,2025-10,,,kg,0.3,该国统计局/农业部官网（待手动补）,,TODO: 填真实零售价(本币)
egg,ID,2025-11,,,kg,0.3,该国统计局/农业部官网（待手动补）,,TODO: 填真实零售价(本币)
egg,ID,2025-12,,,kg,0.3,该国统计局/农业部官网（待手动补）,,TODO: 填真实零售价(本币)
egg,ID,2026-01,,,kg,0.3,该国统计局/农业部官网（待手动补）,,TODO: 填真实零售价(本币)
egg,ID,2026-02,,,kg,0.3,该国统计局/农业部官网（待手动补）,,TODO: 填真实零售价(本币)
egg,ID,2026-03,,,kg,0.3,该国统计局/农业部官网（待手动补）,,TODO: 填真实零售价(本币)
egg,ID,2026-04,,,kg,0.3,该国统计局/农业部官网（待手动补）,,TODO: 填真实零售价(本币)
egg,ID,2026-05,,,kg,0.3,该国统计局/农业部官网（待手动补）,,TODO: 填真实零售价(本币)
egg,ID,2026-06,,,kg,0.3,该国统计局/农业部官网（待手动补）,,TODO: 填真实零售价(本币)
egg,ID,2026-07,,,kg,0.3,该国统计局/农业部官网（待手动补）,,TODO: 填真实零售价(本币)
egg,ID,2026-08,,,kg,0.3,该国统计局/农业部官网（待手动补）,,TODO: 填真实零售价(本币)
egg,MY,2021-01,,,kg,0.3,该国统计局/农业部官网（待手动补）,,TODO: 填真实零售价(本币)
egg,MY,2021-02,,,kg,0.3,该国统计局/农业部官网（待手动补）,,TODO: 填真实零售价(本币)
egg,MY,2021-03,,,kg,0.3,该国统计局/农业部官网（待手动补）,,TODO: 填真实零售价(本币)
egg,MY,2021-04,,,kg,0.3,该国统计局/农业部官网（待手动补）,,TODO: 填真实零售价(本币)
egg,MY,2021-05,,,kg,0.3,该国统计局/农业部官网（待手动补）,,TODO: 填真实零售价(本币)
egg,MY,2021-06,,,kg,0.3,该国统计局/农业部官网（待手动补）,,TODO: 填真实零售价(本币)
egg,MY,2021-07,,,kg,0.3,该国统计局/农业部官网（待手动补）,,TODO: 填真实零售价(本币)
egg,MY,2021-08,,,kg,0.3,该国统计局/农业部官网（待手动补）,,TODO: 填真实零售价(本币)
egg,MY,2021-09,,,kg,0.3,该国统计局/农业部官网（待手动补）,,TODO: 填真实零售价(本币)
egg,MY,2021-10,,,kg,0.3,该国统计局/农业部官网（待手动补）,,TODO: 填真实零售价(本币)
egg,MY,2021-11,,,kg,0.3,该国统计局/农业部官网（待手动补）,,TODO: 填真实零售价(本币)
egg,MY,2021-12,,,kg,0.3,该国统计局/农业部官网（待手动补）,,TODO: 填真实零售价(本币)
egg,MY,2022-01,,,kg,0.3,该国统计局/农业部官网（待手动补）,,TODO: 填真实零售价(本币)
egg,MY,2022-02,,,kg,0.3,该国统计局/农业部官网（待手动补）,,TODO: 填真实零售价(本币)
egg,MY,2022-03,,,kg,0.3,该国统计局/农业部官网（待手动补）,,TODO: 填真实零售价(本币)
egg,MY,2022-04,,,kg,0.3,该国统计局/农业部官网（待手动补）,,TODO: 填真实零售价(本币)
egg,MY,2022-05,,,kg,0.3,该国统计局/农业部官网（待手动补）,,TODO: 填真实零售价(本币)
egg,MY,2022-06,,,kg,0.3,该国统计局/农业部官网（待手动补）,,TODO: 填真实零售价(本币)
egg,MY,2022-07,,,kg,0.3,该国统计局/农业部官网（待手动补）,,TODO: 填真实零售价(本币)
egg,MY,2022-08,,,kg,0.3,该国统计局/农业部官网（待手动补）,,TODO: 填真实零售价(本币)
egg,MY,2022-09,,,kg,0.3,该国统计局/农业部官网（待手动补）,,TODO: 填真实零售价(本币)
egg,MY,2022-10,,,kg,0.3,该国统计局/农业部官网（待手动补）,,TODO: 填真实零售价(本币)
egg,MY,2022-11,,,kg,0.3,该国统计局/农业部官网（待手动补）,,TODO: 填真实零售价(本币)
egg,MY,2022-12,,,kg,0.3,该国统计局/农业部官网（待手动补）,,TODO: 填真实零售价(本币)
egg,MY,2023-01,,,kg,0.3,该国统计局/农业部官网（待手动补）,,TODO: 填真实零售价(本币)
egg,MY,2023-02,,,kg,0.3,该国统计局/农业部官网（待手动补）,,TODO: 填真实零售价(本币)
egg,MY,2023-03,,,kg,0.3,该国统计局/农业部官网（待手动补）,,TODO: 填真实零售价(本币)
egg,MY,2023-04,,,kg,0.3,该国统计局/农业部官网（待手动补）,,TODO: 填真实零售价(本币)
egg,MY,2023-05,,,kg,0.3,该国统计局/农业部官网（待手动补）,,TODO: 填真实零售价(本币)
egg,MY,2023-06,,,kg,0.3,该国统计局/农业部官网（待手动补）,,TODO: 填真实零售价(本币)
egg,MY,2023-07,,,kg,0.3,该国统计局/农业部官网（待手动补）,,TODO: 填真实零售价(本币)
egg,MY,2023-08,,,kg,0.3,该国统计局/农业部官网（待手动补）,,TODO: 填真实零售价(本币)
egg,MY,2023-09,,,kg,0.3,该国统计局/农业部官网（待手动补）,,TODO: 填真实零售价(本币)
egg,MY,2023-10,,,kg,0.3,该国统计局/农业部官网（待手动补）,,TODO: 填真实零售价(本币)
egg,MY,2023-11,,,kg,0.3,该国统计局/农业部官网（待手动补）,,TODO: 填真实零售价(本币)
egg,MY,2023-12,,,kg,0.3,该国统计局/农业部官网（待手动补）,,TODO: 填真实零售价(本币)
egg,MY,2024-01,,,kg,0.3,该国统计局/农业部官网（待手动补）,,TODO: 填真实零售价(本币)
egg,MY,2024-02,,,kg,0.3,该国统计局/农业部官网（待手动补）,,TODO: 填真实零售价(本币)
egg,MY,2024-03,,,kg,0.3,该国统计局/农业部官网（待手动补）,,TODO: 填真实零售价(本币)
egg,MY,2024-04,,,kg,0.3,该国统计局/农业部官网（待手动补）,,TODO: 填真实零售价(本币)
egg,MY,2024-05,,,kg,0.3,该国统计局/农业部官网（待手动补）,,TODO: 填真实零售价(本币)
egg,MY,2024-06,,,kg,0.3,该国统计局/农业部官网（待手动补）,,TODO: 填真实零售价(本币)
egg,MY,2024-07,,,kg,0.3,该国统计局/农业部官网（待手动补）,,TODO: 填真实零售价(本币)
egg,MY,2024-08,,,kg,0.3,该国统计局/农业部官网（待手动补）,,TODO: 填真实零售价(本币)
egg,MY,2024-09,,,kg,0.3,该国统计局/农业部官网（待手动补）,,TODO: 填真实零售价(本币)
egg,MY,2024-10,,,kg,0.3,该国统计局/农业部官网（待手动补）,,TODO: 填真实零售价(本币)
egg,MY,2024-11,,,kg,0.3,该国统计局/农业部官网（待手动补）,,TODO: 填真实零售价(本币)
egg,MY,2024-12,,,kg,0.3,该国统计局/农业部官网（待手动补）,,TODO: 填真实零售价(本币)
egg,MY,2025-01,,,kg,0.3,该国统计局/农业部官网（待手动补）,,TODO: 填真实零售价(本币)
egg,MY,2025-02,,,kg,0.3,该国统计局/农业部官网（待手动补）,,TODO: 填真实零售价(本币)
egg,MY,2025-03,,,kg,0.3,该国统计局/农业部官网（待手动补）,,TODO: 填真实零售价(本币)
egg,MY,2025-04,,,kg,0.3,该国统计局/农业部官网（待手动补）,,TODO: 填真实零售价(本币)
egg,MY,2025-05,,,kg,0.3,该国统计局/农业部官网（待手动补）,,TODO: 填真实零售价(本币)
egg,MY,2025-06,,,kg,0.3,该国统计局/农业部官网（待手动补）,,TODO: 填真实零售价(本币)
egg,MY,2025-07,,,kg,0.3,该国统计局/农业部官网（待手动补）,,TODO: 填真实零售价(本币)
egg,MY,2025-08,,,kg,0.3,该国统计局/农业部官网（待手动补）,,TODO: 填真实零售价(本币)
egg,MY,2025-09,,,kg,0.3,该国统计局/农业部官网（待手动补）,,TODO: 填真实零售价(本币)
egg,MY,2025-10,,,kg,0.3,该国统计局/农业部官网（待手动补）,,TODO: 填真实零售价(本币)
egg,MY,2025-11,,,kg,0.3,该国统计局/农业部官网（待手动补）,,TODO: 填真实零售价(本币)
egg,MY,2025-12,,,kg,0.3,该国统计局/农业部官网（待手动补）,,TODO: 填真实零售价(本币)
egg,MY,2026-01,,,kg,0.3,该国统计局/农业部官网（待手动补）,,TODO: 填真实零售价(本币)
egg,MY,2026-02,,,kg,0.3,该国统计局/农业部官网（待手动补）,,TODO: 填真实零售价(本币)
egg,MY,2026-03,,,kg,0.3,该国统计局/农业部官网（待手动补）,,TODO: 填真实零售价(本币)
egg,MY,2026-04,,,kg,0.3,该国统计局/农业部官网（待手动补）,,TODO: 填真实零售价(本币)
egg,MY,2026-05,,,kg,0.3,该国统计局/农业部官网（待手动补）,,TODO: 填真实零售价(本币)
egg,MY,2026-06,,,kg,0.3,该国统计局/农业部官网（待手动补）,,TODO: 填真实零售价(本币)
egg,MY,2026-07,,,kg,0.3,该国统计局/农业部官网（待手动补）,,TODO: 填真实零售价(本币)
egg,MY,2026-08,,,kg,0.3,该国统计局/农业部官网（待手动补）,,TODO: 填真实零售价(本币)
egg,PH,2021-01,,,kg,0.3,该国统计局/农业部官网（待手动补）,,TODO: 填真实零售价(本币)
egg,PH,2021-02,,,kg,0.3,该国统计局/农业部官网（待手动补）,,TODO: 填真实零售价(本币)
egg,PH,2021-03,,,kg,0.3,该国统计局/农业部官网（待手动补）,,TODO: 填真实零售价(本币)
egg,PH,2021-04,,,kg,0.3,该国统计局/农业部官网（待手动补）,,TODO: 填真实零售价(本币)
egg,PH,2021-05,,,kg,0.3,该国统计局/农业部官网（待手动补）,,TODO: 填真实零售价(本币)
egg,PH,2021-06,,,kg,0.3,该国统计局/农业部官网（待手动补）,,TODO: 填真实零售价(本币)
egg,PH,2021-07,,,kg,0.3,该国统计局/农业部官网（待手动补）,,TODO: 填真实零售价(本币)
egg,PH,2021-08,,,kg,0.3,该国统计局/农业部官网（待手动补）,,TODO: 填真实零售价(本币)
egg,PH,2021-09,,,kg,0.3,该国统计局/农业部官网（待手动补）,,TODO: 填真实零售价(本币)
egg,PH,2021-10,,,kg,0.3,该国统计局/农业部官网（待手动补）,,TODO: 填真实零售价(本币)
egg,PH,2021-11,,,kg,0.3,该国统计局/农业部官网（待手动补）,,TODO: 填真实零售价(本币)
egg,PH,2021-12,,,kg,0.3,该国统计局/农业部官网（待手动补）,,TODO: 填真实零售价(本币)
egg,PH,2022-01,,,kg,0.3,该国统计局/农业部官网（待手动补）,,TODO: 填真实零售价(本币)
egg,PH,2022-02,,,kg,0.3,该国统计局/农业部官网（待手动补）,,TODO: 填真实零售价(本币)
egg,PH,2022-03,,,kg,0.3,该国统计局/农业部官网（待手动补）,,TODO: 填真实零售价(本币)
egg,PH,2022-04,,,kg,0.3,该国统计局/农业部官网（待手动补）,,TODO: 填真实零售价(本币)
egg,PH,2022-05,,,kg,0.3,该国统计局/农业部官网（待手动补）,,TODO: 填真实零售价(本币)
egg,PH,2022-06,,,kg,0.3,该国统计局/农业部官网（待手动补）,,TODO: 填真实零售价(本币)
egg,PH,2022-07,,,kg,0.3,该国统计局/农业部官网（待手动补）,,TODO: 填真实零售价(本币)
egg,PH,2022-08,,,kg,0.3,该国统计局/农业部官网（待手动补）,,TODO: 填真实零售价(本币)
egg,PH,2022-09,,,kg,0.3,该国统计局/农业部官网（待手动补）,,TODO: 填真实零售价(本币)
egg,PH,2022-10,,,kg,0.3,该国统计局/农业部官网（待手动补）,,TODO: 填真实零售价(本币)
egg,PH,2022-11,,,kg,0.3,该国统计局/农业部官网（待手动补）,,TODO: 填真实零售价(本币)
egg,PH,2022-12,,,kg,0.3,该国统计局/农业部官网（待手动补）,,TODO: 填真实零售价(本币)
egg,PH,2023-01,,,kg,0.3,该国统计局/农业部官网（待手动补）,,TODO: 填真实零售价(本币)
egg,PH,2023-02,,,kg,0.3,该国统计局/农业部官网（待手动补）,,TODO: 填真实零售价(本币)
egg,PH,2023-03,,,kg,0.3,该国统计局/农业部官网（待手动补）,,TODO: 填真实零售价(本币)
egg,PH,2023-04,,,kg,0.3,该国统计局/农业部官网（待手动补）,,TODO: 填真实零售价(本币)
egg,PH,2023-05,,,kg,0.3,该国统计局/农业部官网（待手动补）,,TODO: 填真实零售价(本币)
egg,PH,2023-06,,,kg,0.3,该国统计局/农业部官网（待手动补）,,TODO: 填真实零售价(本币)
egg,PH,2023-07,,,kg,0.3,该国统计局/农业部官网（待手动补）,,TODO: 填真实零售价(本币)
egg,PH,2023-08,,,kg,0.3,该国统计局/农业部官网（待手动补）,,TODO: 填真实零售价(本币)
egg,PH,2023-09,,,kg,0.3,该国统计局/农业部官网（待手动补）,,TODO: 填真实零售价(本币)
egg,PH,2023-10,,,kg,0.3,该国统计局/农业部官网（待手动补）,,TODO: 填真实零售价(本币)
egg,PH,2023-11,,,kg,0.3,该国统计局/农业部官网（待手动补）,,TODO: 填真实零售价(本币)
egg,PH,2023-12,,,kg,0.3,该国统计局/农业部官网（待手动补）,,TODO: 填真实零售价(本币)
egg,PH,2024-01,,,kg,0.3,该国统计局/农业部官网（待手动补）,,TODO: 填真实零售价(本币)
egg,PH,2024-02,,,kg,0.3,该国统计局/农业部官网（待手动补）,,TODO: 填真实零售价(本币)
egg,PH,2024-03,,,kg,0.3,该国统计局/农业部官网（待手动补）,,TODO: 填真实零售价(本币)
egg,PH,2024-04,,,kg,0.3,该国统计局/农业部官网（待手动补）,,TODO: 填真实零售价(本币)
egg,PH,2024-05,,,kg,0.3,该国统计局/农业部官网（待手动补）,,TODO: 填真实零售价(本币)
egg,PH,2024-06,,,kg,0.3,该国统计局/农业部官网（待手动补）,,TODO: 填真实零售价(本币)
egg,PH,2024-07,,,kg,0.3,该国统计局/农业部官网（待手动补）,,TODO: 填真实零售价(本币)
egg,PH,2024-08,,,kg,0.3,该国统计局/农业部官网（待手动补）,,TODO: 填真实零售价(本币)
egg,PH,2024-09,,,kg,0.3,该国统计局/农业部官网（待手动补）,,TODO: 填真实零售价(本币)
egg,PH,2024-10,,,kg,0.3,该国统计局/农业部官网（待手动补）,,TODO: 填真实零售价(本币)
egg,PH,2024-11,,,kg,0.3,该国统计局/农业部官网（待手动补）,,TODO: 填真实零售价(本币)
egg,PH,2024-12,,,kg,0.3,该国统计局/农业部官网（待手动补）,,TODO: 填真实零售价(本币)
egg,PH,2025-01,,,kg,0.3,该国统计局/农业部官网（待手动补）,,TODO: 填真实零售价(本币)
egg,PH,2025-02,,,kg,0.3,该国统计局/农业部官网（待手动补）,,TODO: 填真实零售价(本币)
egg,PH,2025-03,,,kg,0.3,该国统计局/农业部官网（待手动补）,,TODO: 填真实零售价(本币)
egg,PH,2025-04,,,kg,0.3,该国统计局/农业部官网（待手动补）,,TODO: 填真实零售价(本币)
egg,PH,2025-05,,,kg,0.3,该国统计局/农业部官网（待手动补）,,TODO: 填真实零售价(本币)
egg,PH,2025-06,,,kg,0.3,该国统计局/农业部官网（待手动补）,,TODO: 填真实零售价(本币)
egg,PH,2025-07,,,kg,0.3,该国统计局/农业部官网（待手动补）,,TODO: 填真实零售价(本币)
egg,PH,2025-08,,,kg,0.3,该国统计局/农业部官网（待手动补）,,TODO: 填真实零售价(本币)
egg,PH,2025-09,,,kg,0.3,该国统计局/农业部官网（待手动补）,,TODO: 填真实零售价(本币)
egg,PH,2025-10,,,kg,0.3,该国统计局/农业部官网（待手动补）,,TODO: 填真实零售价(本币)
egg,PH,2025-11,,,kg,0.3,该国统计局/农业部官网（待手动补）,,TODO: 填真实零售价(本币)
egg,PH,2025-12,,,kg,0.3,该国统计局/农业部官网（待手动补）,,TODO: 填真实零售价(本币)
egg,PH,2026-01,,,kg,0.3,该国统计局/农业部官网（待手动补）,,TODO: 填真实零售价(本币)
egg,PH,2026-02,,,kg,0.3,该国统计局/农业部官网（待手动补）,,TODO: 填真实零售价(本币)
egg,PH,2026-03,,,kg,0.3,该国统计局/农业部官网（待手动补）,,TODO: 填真实零售价(本币)
egg,PH,2026-04,,,kg,0.3,该国统计局/农业部官网（待手动补）,,TODO: 填真实零售价(本币)
egg,PH,2026-05,,,kg,0.3,该国统计局/农业部官网（待手动补）,,TODO: 填真实零售价(本币)
egg,PH,2026-06,,,kg,0.3,该国统计局/农业部官网（待手动补）,,TODO: 填真实零售价(本币)
egg,PH,2026-07,,,kg,0.3,该国统计局/农业部官网（待手动补）,,TODO: 填真实零售价(本币)
egg,PH,2026-08,,,kg,0.3,该国统计局/农业部官网（待手动补）,,TODO: 填真实零售价(本币)
egg,NP,2021-01,,,kg,0.3,该国统计局/农业部官网（待手动补）,,TODO: 填真实零售价(本币)
egg,NP,2021-02,,,kg,0.3,该国统计局/农业部官网（待手动补）,,TODO: 填真实零售价(本币)
egg,NP,2021-03,,,kg,0.3,该国统计局/农业部官网（待手动补）,,TODO: 填真实零售价(本币)
egg,NP,2021-04,,,kg,0.3,该国统计局/农业部官网（待手动补）,,TODO: 填真实零售价(本币)
egg,NP,2021-05,,,kg,0.3,该国统计局/农业部官网（待手动补）,,TODO: 填真实零售价(本币)
egg,NP,2021-06,,,kg,0.3,该国统计局/农业部官网（待手动补）,,TODO: 填真实零售价(本币)
egg,NP,2021-07,,,kg,0.3,该国统计局/农业部官网（待手动补）,,TODO: 填真实零售价(本币)
egg,NP,2021-08,,,kg,0.3,该国统计局/农业部官网（待手动补）,,TODO: 填真实零售价(本币)
egg,NP,2021-09,,,kg,0.3,该国统计局/农业部官网（待手动补）,,TODO: 填真实零售价(本币)
egg,NP,2021-10,,,kg,0.3,该国统计局/农业部官网（待手动补）,,TODO: 填真实零售价(本币)
egg,NP,2021-11,,,kg,0.3,该国统计局/农业部官网（待手动补）,,TODO: 填真实零售价(本币)
egg,NP,2021-12,,,kg,0.3,该国统计局/农业部官网（待手动补）,,TODO: 填真实零售价(本币)
egg,NP,2022-01,,,kg,0.3,该国统计局/农业部官网（待手动补）,,TODO: 填真实零售价(本币)
egg,NP,2022-02,,,kg,0.3,该国统计局/农业部官网（待手动补）,,TODO: 填真实零售价(本币)
egg,NP,2022-03,,,kg,0.3,该国统计局/农业部官网（待手动补）,,TODO: 填真实零售价(本币)
egg,NP,2022-04,,,kg,0.3,该国统计局/农业部官网（待手动补）,,TODO: 填真实零售价(本币)
egg,NP,2022-05,,,kg,0.3,该国统计局/农业部官网（待手动补）,,TODO: 填真实零售价(本币)
egg,NP,2022-06,,,kg,0.3,该国统计局/农业部官网（待手动补）,,TODO: 填真实零售价(本币)
egg,NP,2022-07,,,kg,0.3,该国统计局/农业部官网（待手动补）,,TODO: 填真实零售价(本币)
egg,NP,2022-08,,,kg,0.3,该国统计局/农业部官网（待手动补）,,TODO: 填真实零售价(本币)
egg,NP,2022-09,,,kg,0.3,该国统计局/农业部官网（待手动补）,,TODO: 填真实零售价(本币)
egg,NP,2022-10,,,kg,0.3,该国统计局/农业部官网（待手动补）,,TODO: 填真实零售价(本币)
egg,NP,2022-11,,,kg,0.3,该国统计局/农业部官网（待手动补）,,TODO: 填真实零售价(本币)
egg,NP,2022-12,,,kg,0.3,该国统计局/农业部官网（待手动补）,,TODO: 填真实零售价(本币)
egg,NP,2023-01,,,kg,0.3,该国统计局/农业部官网（待手动补）,,TODO: 填真实零售价(本币)
egg,NP,2023-02,,,kg,0.3,该国统计局/农业部官网（待手动补）,,TODO: 填真实零售价(本币)
egg,NP,2023-03,,,kg,0.3,该国统计局/农业部官网（待手动补）,,TODO: 填真实零售价(本币)
egg,NP,2023-04,,,kg,0.3,该国统计局/农业部官网（待手动补）,,TODO: 填真实零售价(本币)
egg,NP,2023-05,,,kg,0.3,该国统计局/农业部官网（待手动补）,,TODO: 填真实零售价(本币)
egg,NP,2023-06,,,kg,0.3,该国统计局/农业部官网（待手动补）,,TODO: 填真实零售价(本币)
egg,NP,2023-07,,,kg,0.3,该国统计局/农业部官网（待手动补）,,TODO: 填真实零售价(本币)
egg,NP,2023-08,,,kg,0.3,该国统计局/农业部官网（待手动补）,,TODO: 填真实零售价(本币)
egg,NP,2023-09,,,kg,0.3,该国统计局/农业部官网（待手动补）,,TODO: 填真实零售价(本币)
egg,NP,2023-10,,,kg,0.3,该国统计局/农业部官网（待手动补）,,TODO: 填真实零售价(本币)
egg,NP,2023-11,,,kg,0.3,该国统计局/农业部官网（待手动补）,,TODO: 填真实零售价(本币)
egg,NP,2023-12,,,kg,0.3,该国统计局/农业部官网（待手动补）,,TODO: 填真实零售价(本币)
egg,NP,2024-01,,,kg,0.3,该国统计局/农业部官网（待手动补）,,TODO: 填真实零售价(本币)
egg,NP,2024-02,,,kg,0.3,该国统计局/农业部官网（待手动补）,,TODO: 填真实零售价(本币)
egg,NP,2024-03,,,kg,0.3,该国统计局/农业部官网（待手动补）,,TODO: 填真实零售价(本币)
egg,NP,2024-04,,,kg,0.3,该国统计局/农业部官网（待手动补）,,TODO: 填真实零售价(本币)
egg,NP,2024-05,,,kg,0.3,该国统计局/农业部官网（待手动补）,,TODO: 填真实零售价(本币)
egg,NP,2024-06,,,kg,0.3,该国统计局/农业部官网（待手动补）,,TODO: 填真实零售价(本币)
egg,NP,2024-07,,,kg,0.3,该国统计局/农业部官网（待手动补）,,TODO: 填真实零售价(本币)
egg,NP,2024-08,,,kg,0.3,该国统计局/农业部官网（待手动补）,,TODO: 填真实零售价(本币)
egg,NP,2024-09,,,kg,0.3,该国统计局/农业部官网（待手动补）,,TODO: 填真实零售价(本币)
egg,NP,2024-10,,,kg,0.3,该国统计局/农业部官网（待手动补）,,TODO: 填真实零售价(本币)
egg,NP,2024-11,,,kg,0.3,该国统计局/农业部官网（待手动补）,,TODO: 填真实零售价(本币)
egg,NP,2024-12,,,kg,0.3,该国统计局/农业部官网（待手动补）,,TODO: 填真实零售价(本币)
egg,NP,2025-01,,,kg,0.3,该国统计局/农业部官网（待手动补）,,TODO: 填真实零售价(本币)
egg,NP,2025-02,,,kg,0.3,该国统计局/农业部官网（待手动补）,,TODO: 填真实零售价(本币)
egg,NP,2025-03,,,kg,0.3,该国统计局/农业部官网（待手动补）,,TODO: 填真实零售价(本币)
egg,NP,2025-04,,,kg,0.3,该国统计局/农业部官网（待手动补）,,TODO: 填真实零售价(本币)
egg,NP,2025-05,,,kg,0.3,该国统计局/农业部官网（待手动补）,,TODO: 填真实零售价(本币)
egg,NP,2025-06,,,kg,0.3,该国统计局/农业部官网（待手动补）,,TODO: 填真实零售价(本币)
egg,NP,2025-07,,,kg,0.3,该国统计局/农业部官网（待手动补）,,TODO: 填真实零售价(本币)
egg,NP,2025-08,,,kg,0.3,该国统计局/农业部官网（待手动补）,,TODO: 填真实零售价(本币)
egg,NP,2025-09,,,kg,0.3,该国统计局/农业部官网（待手动补）,,TODO: 填真实零售价(本币)
egg,NP,2025-10,,,kg,0.3,该国统计局/农业部官网（待手动补）,,TODO: 填真实零售价(本币)
egg,NP,2025-11,,,kg,0.3,该国统计局/农业部官网（待手动补）,,TODO: 填真实零售价(本币)
egg,NP,2025-12,,,kg,0.3,该国统计局/农业部官网（待手动补）,,TODO: 填真实零售价(本币)
egg,NP,2026-01,,,kg,0.3,该国统计局/农业部官网（待手动补）,,TODO: 填真实零售价(本币)
egg,NP,2026-02,,,kg,0.3,该国统计局/农业部官网（待手动补）,,TODO: 填真实零售价(本币)
egg,NP,2026-03,,,kg,0.3,该国统计局/农业部官网（待手动补）,,TODO: 填真实零售价(本币)
egg,NP,2026-04,,,kg,0.3,该国统计局/农业部官网（待手动补）,,TODO: 填真实零售价(本币)
egg,NP,2026-05,,,kg,0.3,该国统计局/农业部官网（待手动补）,,TODO: 填真实零售价(本币)
egg,NP,2026-06,,,kg,0.3,该国统计局/农业部官网（待手动补）,,TODO: 填真实零售价(本币)
egg,NP,2026-07,,,kg,0.3,该国统计局/农业部官网（待手动补）,,TODO: 填真实零售价(本币)
egg,NP,2026-08,,,kg,0.3,该国统计局/农业部官网（待手动补）,,TODO: 填真实零售价(本币)
egg,LK,2021-01,,,kg,0.3,该国统计局/农业部官网（待手动补）,,TODO: 填真实零售价(本币)
egg,LK,2021-02,,,kg,0.3,该国统计局/农业部官网（待手动补）,,TODO: 填真实零售价(本币)
egg,LK,2021-03,,,kg,0.3,该国统计局/农业部官网（待手动补）,,TODO: 填真实零售价(本币)
egg,LK,2021-04,,,kg,0.3,该国统计局/农业部官网（待手动补）,,TODO: 填真实零售价(本币)
egg,LK,2021-05,,,kg,0.3,该国统计局/农业部官网（待手动补）,,TODO: 填真实零售价(本币)
egg,LK,2021-06,,,kg,0.3,该国统计局/农业部官网（待手动补）,,TODO: 填真实零售价(本币)
egg,LK,2021-07,,,kg,0.3,该国统计局/农业部官网（待手动补）,,TODO: 填真实零售价(本币)
egg,LK,2021-08,,,kg,0.3,该国统计局/农业部官网（待手动补）,,TODO: 填真实零售价(本币)
egg,LK,2021-09,,,kg,0.3,该国统计局/农业部官网（待手动补）,,TODO: 填真实零售价(本币)
egg,LK,2021-10,,,kg,0.3,该国统计局/农业部官网（待手动补）,,TODO: 填真实零售价(本币)
egg,LK,2021-11,,,kg,0.3,该国统计局/农业部官网（待手动补）,,TODO: 填真实零售价(本币)
egg,LK,2021-12,,,kg,0.3,该国统计局/农业部官网（待手动补）,,TODO: 填真实零售价(本币)
egg,LK,2022-01,,,kg,0.3,该国统计局/农业部官网（待手动补）,,TODO: 填真实零售价(本币)
egg,LK,2022-02,,,kg,0.3,该国统计局/农业部官网（待手动补）,,TODO: 填真实零售价(本币)
egg,LK,2022-03,,,kg,0.3,该国统计局/农业部官网（待手动补）,,TODO: 填真实零售价(本币)
egg,LK,2022-04,,,kg,0.3,该国统计局/农业部官网（待手动补）,,TODO: 填真实零售价(本币)
egg,LK,2022-05,,,kg,0.3,该国统计局/农业部官网（待手动补）,,TODO: 填真实零售价(本币)
egg,LK,2022-06,,,kg,0.3,该国统计局/农业部官网（待手动补）,,TODO: 填真实零售价(本币)
egg,LK,2022-07,,,kg,0.3,该国统计局/农业部官网（待手动补）,,TODO: 填真实零售价(本币)
egg,LK,2022-08,,,kg,0.3,该国统计局/农业部官网（待手动补）,,TODO: 填真实零售价(本币)
egg,LK,2022-09,,,kg,0.3,该国统计局/农业部官网（待手动补）,,TODO: 填真实零售价(本币)
egg,LK,2022-10,,,kg,0.3,该国统计局/农业部官网（待手动补）,,TODO: 填真实零售价(本币)
egg,LK,2022-11,,,kg,0.3,该国统计局/农业部官网（待手动补）,,TODO: 填真实零售价(本币)
egg,LK,2022-12,,,kg,0.3,该国统计局/农业部官网（待手动补）,,TODO: 填真实零售价(本币)
egg,LK,2023-01,,,kg,0.3,该国统计局/农业部官网（待手动补）,,TODO: 填真实零售价(本币)
egg,LK,2023-02,,,kg,0.3,该国统计局/农业部官网（待手动补）,,TODO: 填真实零售价(本币)
egg,LK,2023-03,,,kg,0.3,该国统计局/农业部官网（待手动补）,,TODO: 填真实零售价(本币)
egg,LK,2023-04,,,kg,0.3,该国统计局/农业部官网（待手动补）,,TODO: 填真实零售价(本币)
egg,LK,2023-05,,,kg,0.3,该国统计局/农业部官网（待手动补）,,TODO: 填真实零售价(本币)
egg,LK,2023-06,,,kg,0.3,该国统计局/农业部官网（待手动补）,,TODO: 填真实零售价(本币)
egg,LK,2023-07,,,kg,0.3,该国统计局/农业部官网（待手动补）,,TODO: 填真实零售价(本币)
egg,LK,2023-08,,,kg,0.3,该国统计局/农业部官网（待手动补）,,TODO: 填真实零售价(本币)
egg,LK,2023-09,,,kg,0.3,该国统计局/农业部官网（待手动补）,,TODO: 填真实零售价(本币)
egg,LK,2023-10,,,kg,0.3,该国统计局/农业部官网（待手动补）,,TODO: 填真实零售价(本币)
egg,LK,2023-11,,,kg,0.3,该国统计局/农业部官网（待手动补）,,TODO: 填真实零售价(本币)
egg,LK,2023-12,,,kg,0.3,该国统计局/农业部官网（待手动补）,,TODO: 填真实零售价(本币)
egg,LK,2024-01,,,kg,0.3,该国统计局/农业部官网（待手动补）,,TODO: 填真实零售价(本币)
egg,LK,2024-02,,,kg,0.3,该国统计局/农业部官网（待手动补）,,TODO: 填真实零售价(本币)
egg,LK,2024-03,,,kg,0.3,该国统计局/农业部官网（待手动补）,,TODO: 填真实零售价(本币)
egg,LK,2024-04,,,kg,0.3,该国统计局/农业部官网（待手动补）,,TODO: 填真实零售价(本币)
egg,LK,2024-05,,,kg,0.3,该国统计局/农业部官网（待手动补）,,TODO: 填真实零售价(本币)
egg,LK,2024-06,,,kg,0.3,该国统计局/农业部官网（待手动补）,,TODO: 填真实零售价(本币)
egg,LK,2024-07,,,kg,0.3,该国统计局/农业部官网（待手动补）,,TODO: 填真实零售价(本币)
egg,LK,2024-08,,,kg,0.3,该国统计局/农业部官网（待手动补）,,TODO: 填真实零售价(本币)
egg,LK,2024-09,,,kg,0.3,该国统计局/农业部官网（待手动补）,,TODO: 填真实零售价(本币)
egg,LK,2024-10,,,kg,0.3,该国统计局/农业部官网（待手动补）,,TODO: 填真实零售价(本币)
egg,LK,2024-11,,,kg,0.3,该国统计局/农业部官网（待手动补）,,TODO: 填真实零售价(本币)
egg,LK,2024-12,,,kg,0.3,该国统计局/农业部官网（待手动补）,,TODO: 填真实零售价(本币)
egg,LK,2025-01,,,kg,0.3,该国统计局/农业部官网（待手动补）,,TODO: 填真实零售价(本币)
egg,LK,2025-02,,,kg,0.3,该国统计局/农业部官网（待手动补）,,TODO: 填真实零售价(本币)
egg,LK,2025-03,,,kg,0.3,该国统计局/农业部官网（待手动补）,,TODO: 填真实零售价(本币)
egg,LK,2025-04,,,kg,0.3,该国统计局/农业部官网（待手动补）,,TODO: 填真实零售价(本币)
egg,LK,2025-05,,,kg,0.3,该国统计局/农业部官网（待手动补）,,TODO: 填真实零售价(本币)
egg,LK,2025-06,,,kg,0.3,该国统计局/农业部官网（待手动补）,,TODO: 填真实零售价(本币)
egg,LK,2025-07,,,kg,0.3,该国统计局/农业部官网（待手动补）,,TODO: 填真实零售价(本币)
egg,LK,2025-08,,,kg,0.3,该国统计局/农业部官网（待手动补）,,TODO: 填真实零售价(本币)
egg,LK,2025-09,,,kg,0.3,该国统计局/农业部官网（待手动补）,,TODO: 填真实零售价(本币)
egg,LK,2025-10,,,kg,0.3,该国统计局/农业部官网（待手动补）,,TODO: 填真实零售价(本币)
egg,LK,2025-11,,,kg,0.3,该国统计局/农业部官网（待手动补）,,TODO: 填真实零售价(本币)
egg,LK,2025-12,,,kg,0.3,该国统计局/农业部官网（待手动补）,,TODO: 填真实零售价(本币)
egg,LK,2026-01,,,kg,0.3,该国统计局/农业部官网（待手动补）,,TODO: 填真实零售价(本币)
egg,LK,2026-02,,,kg,0.3,该国统计局/农业部官网（待手动补）,,TODO: 填真实零售价(本币)
egg,LK,2026-03,,,kg,0.3,该国统计局/农业部官网（待手动补）,,TODO: 填真实零售价(本币)
egg,LK,2026-04,,,kg,0.3,该国统计局/农业部官网（待手动补）,,TODO: 填真实零售价(本币)
egg,LK,2026-05,,,kg,0.3,该国统计局/农业部官网（待手动补）,,TODO: 填真实零售价(本币)
egg,LK,2026-06,,,kg,0.3,该国统计局/农业部官网（待手动补）,,TODO: 填真实零售价(本币)
egg,LK,2026-07,,,kg,0.3,该国统计局/农业部官网（待手动补）,,TODO: 填真实零售价(本币)
egg,LK,2026-08,,,kg,0.3,该国统计局/农业部官网（待手动补）,,TODO: 填真实零售价(本币)
egg,KR,2021-01,,,kg,0.3,韩国农水产食品流通公社(AT)·鸡蛋零售价,https://www.kamis.or.kr/,TODO: 填真实零售价(本币)
egg,KR,2021-02,,,kg,0.3,韩国农水产食品流通公社(AT)·鸡蛋零售价,https://www.kamis.or.kr/,TODO: 填真实零售价(本币)
egg,KR,2021-03,,,kg,0.3,韩国农水产食品流通公社(AT)·鸡蛋零售价,https://www.kamis.or.kr/,TODO: 填真实零售价(本币)
egg,KR,2021-04,,,kg,0.3,韩国农水产食品流通公社(AT)·鸡蛋零售价,https://www.kamis.or.kr/,TODO: 填真实零售价(本币)
egg,KR,2021-05,,,kg,0.3,韩国农水产食品流通公社(AT)·鸡蛋零售价,https://www.kamis.or.kr/,TODO: 填真实零售价(本币)
egg,KR,2021-06,,,kg,0.3,韩国农水产食品流通公社(AT)·鸡蛋零售价,https://www.kamis.or.kr/,TODO: 填真实零售价(本币)
egg,KR,2021-07,,,kg,0.3,韩国农水产食品流通公社(AT)·鸡蛋零售价,https://www.kamis.or.kr/,TODO: 填真实零售价(本币)
egg,KR,2021-08,,,kg,0.3,韩国农水产食品流通公社(AT)·鸡蛋零售价,https://www.kamis.or.kr/,TODO: 填真实零售价(本币)
egg,KR,2021-09,,,kg,0.3,韩国农水产食品流通公社(AT)·鸡蛋零售价,https://www.kamis.or.kr/,TODO: 填真实零售价(本币)
egg,KR,2021-10,,,kg,0.3,韩国农水产食品流通公社(AT)·鸡蛋零售价,https://www.kamis.or.kr/,TODO: 填真实零售价(本币)
egg,KR,2021-11,,,kg,0.3,韩国农水产食品流通公社(AT)·鸡蛋零售价,https://www.kamis.or.kr/,TODO: 填真实零售价(本币)
egg,KR,2021-12,,,kg,0.3,韩国农水产食品流通公社(AT)·鸡蛋零售价,https://www.kamis.or.kr/,TODO: 填真实零售价(本币)
egg,KR,2022-01,,,kg,0.3,韩国农水产食品流通公社(AT)·鸡蛋零售价,https://www.kamis.or.kr/,TODO: 填真实零售价(本币)
egg,KR,2022-02,,,kg,0.3,韩国农水产食品流通公社(AT)·鸡蛋零售价,https://www.kamis.or.kr/,TODO: 填真实零售价(本币)
egg,KR,2022-03,,,kg,0.3,韩国农水产食品流通公社(AT)·鸡蛋零售价,https://www.kamis.or.kr/,TODO: 填真实零售价(本币)
egg,KR,2022-04,,,kg,0.3,韩国农水产食品流通公社(AT)·鸡蛋零售价,https://www.kamis.or.kr/,TODO: 填真实零售价(本币)
egg,KR,2022-05,,,kg,0.3,韩国农水产食品流通公社(AT)·鸡蛋零售价,https://www.kamis.or.kr/,TODO: 填真实零售价(本币)
egg,KR,2022-06,,,kg,0.3,韩国农水产食品流通公社(AT)·鸡蛋零售价,https://www.kamis.or.kr/,TODO: 填真实零售价(本币)
egg,KR,2022-07,,,kg,0.3,韩国农水产食品流通公社(AT)·鸡蛋零售价,https://www.kamis.or.kr/,TODO: 填真实零售价(本币)
egg,KR,2022-08,,,kg,0.3,韩国农水产食品流通公社(AT)·鸡蛋零售价,https://www.kamis.or.kr/,TODO: 填真实零售价(本币)
egg,KR,2022-09,,,kg,0.3,韩国农水产食品流通公社(AT)·鸡蛋零售价,https://www.kamis.or.kr/,TODO: 填真实零售价(本币)
egg,KR,2022-10,,,kg,0.3,韩国农水产食品流通公社(AT)·鸡蛋零售价,https://www.kamis.or.kr/,TODO: 填真实零售价(本币)
egg,KR,2022-11,,,kg,0.3,韩国农水产食品流通公社(AT)·鸡蛋零售价,https://www.kamis.or.kr/,TODO: 填真实零售价(本币)
egg,KR,2022-12,,,kg,0.3,韩国农水产食品流通公社(AT)·鸡蛋零售价,https://www.kamis.or.kr/,TODO: 填真实零售价(本币)
egg,KR,2023-01,,,kg,0.3,韩国农水产食品流通公社(AT)·鸡蛋零售价,https://www.kamis.or.kr/,TODO: 填真实零售价(本币)
egg,KR,2023-02,,,kg,0.3,韩国农水产食品流通公社(AT)·鸡蛋零售价,https://www.kamis.or.kr/,TODO: 填真实零售价(本币)
egg,KR,2023-03,,,kg,0.3,韩国农水产食品流通公社(AT)·鸡蛋零售价,https://www.kamis.or.kr/,TODO: 填真实零售价(本币)
egg,KR,2023-04,,,kg,0.3,韩国农水产食品流通公社(AT)·鸡蛋零售价,https://www.kamis.or.kr/,TODO: 填真实零售价(本币)
egg,KR,2023-05,,,kg,0.3,韩国农水产食品流通公社(AT)·鸡蛋零售价,https://www.kamis.or.kr/,TODO: 填真实零售价(本币)
egg,KR,2023-06,,,kg,0.3,韩国农水产食品流通公社(AT)·鸡蛋零售价,https://www.kamis.or.kr/,TODO: 填真实零售价(本币)
egg,KR,2023-07,,,kg,0.3,韩国农水产食品流通公社(AT)·鸡蛋零售价,https://www.kamis.or.kr/,TODO: 填真实零售价(本币)
egg,KR,2023-08,,,kg,0.3,韩国农水产食品流通公社(AT)·鸡蛋零售价,https://www.kamis.or.kr/,TODO: 填真实零售价(本币)
egg,KR,2023-09,,,kg,0.3,韩国农水产食品流通公社(AT)·鸡蛋零售价,https://www.kamis.or.kr/,TODO: 填真实零售价(本币)
egg,KR,2023-10,,,kg,0.3,韩国农水产食品流通公社(AT)·鸡蛋零售价,https://www.kamis.or.kr/,TODO: 填真实零售价(本币)
egg,KR,2023-11,,,kg,0.3,韩国农水产食品流通公社(AT)·鸡蛋零售价,https://www.kamis.or.kr/,TODO: 填真实零售价(本币)
egg,KR,2023-12,,,kg,0.3,韩国农水产食品流通公社(AT)·鸡蛋零售价,https://www.kamis.or.kr/,TODO: 填真实零售价(本币)
egg,KR,2024-01,,,kg,0.3,韩国农水产食品流通公社(AT)·鸡蛋零售价,https://www.kamis.or.kr/,TODO: 填真实零售价(本币)
egg,KR,2024-02,,,kg,0.3,韩国农水产食品流通公社(AT)·鸡蛋零售价,https://www.kamis.or.kr/,TODO: 填真实零售价(本币)
egg,KR,2024-03,,,kg,0.3,韩国农水产食品流通公社(AT)·鸡蛋零售价,https://www.kamis.or.kr/,TODO: 填真实零售价(本币)
egg,KR,2024-04,,,kg,0.3,韩国农水产食品流通公社(AT)·鸡蛋零售价,https://www.kamis.or.kr/,TODO: 填真实零售价(本币)
egg,KR,2024-05,,,kg,0.3,韩国农水产食品流通公社(AT)·鸡蛋零售价,https://www.kamis.or.kr/,TODO: 填真实零售价(本币)
egg,KR,2024-06,,,kg,0.3,韩国农水产食品流通公社(AT)·鸡蛋零售价,https://www.kamis.or.kr/,TODO: 填真实零售价(本币)
egg,KR,2024-07,,,kg,0.3,韩国农水产食品流通公社(AT)·鸡蛋零售价,https://www.kamis.or.kr/,TODO: 填真实零售价(本币)
egg,KR,2024-08,,,kg,0.3,韩国农水产食品流通公社(AT)·鸡蛋零售价,https://www.kamis.or.kr/,TODO: 填真实零售价(本币)
egg,KR,2024-09,,,kg,0.3,韩国农水产食品流通公社(AT)·鸡蛋零售价,https://www.kamis.or.kr/,TODO: 填真实零售价(本币)
egg,KR,2024-10,,,kg,0.3,韩国农水产食品流通公社(AT)·鸡蛋零售价,https://www.kamis.or.kr/,TODO: 填真实零售价(本币)
egg,KR,2024-11,,,kg,0.3,韩国农水产食品流通公社(AT)·鸡蛋零售价,https://www.kamis.or.kr/,TODO: 填真实零售价(本币)
egg,KR,2024-12,,,kg,0.3,韩国农水产食品流通公社(AT)·鸡蛋零售价,https://www.kamis.or.kr/,TODO: 填真实零售价(本币)
egg,KR,2025-01,,,kg,0.3,韩国农水产食品流通公社(AT)·鸡蛋零售价,https://www.kamis.or.kr/,TODO: 填真实零售价(本币)
egg,KR,2025-02,,,kg,0.3,韩国农水产食品流通公社(AT)·鸡蛋零售价,https://www.kamis.or.kr/,TODO: 填真实零售价(本币)
egg,KR,2025-03,,,kg,0.3,韩国农水产食品流通公社(AT)·鸡蛋零售价,https://www.kamis.or.kr/,TODO: 填真实零售价(本币)
egg,KR,2025-04,,,kg,0.3,韩国农水产食品流通公社(AT)·鸡蛋零售价,https://www.kamis.or.kr/,TODO: 填真实零售价(本币)
egg,KR,2025-05,,,kg,0.3,韩国农水产食品流通公社(AT)·鸡蛋零售价,https://www.kamis.or.kr/,TODO: 填真实零售价(本币)
egg,KR,2025-06,,,kg,0.3,韩国农水产食品流通公社(AT)·鸡蛋零售价,https://www.kamis.or.kr/,TODO: 填真实零售价(本币)
egg,KR,2025-07,,,kg,0.3,韩国农水产食品流通公社(AT)·鸡蛋零售价,https://www.kamis.or.kr/,TODO: 填真实零售价(本币)
egg,KR,2025-08,,,kg,0.3,韩国农水产食品流通公社(AT)·鸡蛋零售价,https://www.kamis.or.kr/,TODO: 填真实零售价(本币)
egg,KR,2025-09,,,kg,0.3,韩国农水产食品流通公社(AT)·鸡蛋零售价,https://www.kamis.or.kr/,TODO: 填真实零售价(本币)
egg,KR,2025-10,,,kg,0.3,韩国农水产食品流通公社(AT)·鸡蛋零售价,https://www.kamis.or.kr/,TODO: 填真实零售价(本币)
egg,KR,2025-11,,,kg,0.3,韩国农水产食品流通公社(AT)·鸡蛋零售价,https://www.kamis.or.kr/,TODO: 填真实零售价(本币)
egg,KR,2025-12,,,kg,0.3,韩国农水产食品流通公社(AT)·鸡蛋零售价,https://www.kamis.or.kr/,TODO: 填真实零售价(本币)
egg,KR,2026-01,,,kg,0.3,韩国农水产食品流通公社(AT)·鸡蛋零售价,https://www.kamis.or.kr/,TODO: 填真实零售价(本币)
egg,KR,2026-02,,,kg,0.3,韩国农水产食品流通公社(AT)·鸡蛋零售价,https://www.kamis.or.kr/,TODO: 填真实零售价(本币)
egg,KR,2026-03,,,kg,0.3,韩国农水产食品流通公社(AT)·鸡蛋零售价,https://www.kamis.or.kr/,TODO: 填真实零售价(本币)
egg,KR,2026-04,,,kg,0.3,韩国农水产食品流通公社(AT)·鸡蛋零售价,https://www.kamis.or.kr/,TODO: 填真实零售价(本币)
egg,KR,2026-05,,,kg,0.3,韩国农水产食品流通公社(AT)·鸡蛋零售价,https://www.kamis.or.kr/,TODO: 填真实零售价(本币)
egg,KR,2026-06,,,kg,0.3,韩国农水产食品流通公社(AT)·鸡蛋零售价,https://www.kamis.or.kr/,TODO: 填真实零售价(本币)
egg,KR,2026-07,,,kg,0.3,韩国农水产食品流通公社(AT)·鸡蛋零售价,https://www.kamis.or.kr/,TODO: 填真实零售价(本币)
egg,KR,2026-08,,,kg,0.3,韩国农水产食品流通公社(AT)·鸡蛋零售价,https://www.kamis.or.kr/,TODO: 填真实零售价(本币)
egg,JP,2021-01,,,kg,0.3,日本e-Stat·CPI鸡蛋零售价,https://www.e-stat.go.jp/,TODO: 填真实零售价(本币)
egg,JP,2021-02,,,kg,0.3,日本e-Stat·CPI鸡蛋零售价,https://www.e-stat.go.jp/,TODO: 填真实零售价(本币)
egg,JP,2021-03,,,kg,0.3,日本e-Stat·CPI鸡蛋零售价,https://www.e-stat.go.jp/,TODO: 填真实零售价(本币)
egg,JP,2021-04,,,kg,0.3,日本e-Stat·CPI鸡蛋零售价,https://www.e-stat.go.jp/,TODO: 填真实零售价(本币)
egg,JP,2021-05,,,kg,0.3,日本e-Stat·CPI鸡蛋零售价,https://www.e-stat.go.jp/,TODO: 填真实零售价(本币)
egg,JP,2021-06,,,kg,0.3,日本e-Stat·CPI鸡蛋零售价,https://www.e-stat.go.jp/,TODO: 填真实零售价(本币)
egg,JP,2021-07,,,kg,0.3,日本e-Stat·CPI鸡蛋零售价,https://www.e-stat.go.jp/,TODO: 填真实零售价(本币)
egg,JP,2021-08,,,kg,0.3,日本e-Stat·CPI鸡蛋零售价,https://www.e-stat.go.jp/,TODO: 填真实零售价(本币)
egg,JP,2021-09,,,kg,0.3,日本e-Stat·CPI鸡蛋零售价,https://www.e-stat.go.jp/,TODO: 填真实零售价(本币)
egg,JP,2021-10,,,kg,0.3,日本e-Stat·CPI鸡蛋零售价,https://www.e-stat.go.jp/,TODO: 填真实零售价(本币)
egg,JP,2021-11,,,kg,0.3,日本e-Stat·CPI鸡蛋零售价,https://www.e-stat.go.jp/,TODO: 填真实零售价(本币)
egg,JP,2021-12,,,kg,0.3,日本e-Stat·CPI鸡蛋零售价,https://www.e-stat.go.jp/,TODO: 填真实零售价(本币)
egg,JP,2022-01,,,kg,0.3,日本e-Stat·CPI鸡蛋零售价,https://www.e-stat.go.jp/,TODO: 填真实零售价(本币)
egg,JP,2022-02,,,kg,0.3,日本e-Stat·CPI鸡蛋零售价,https://www.e-stat.go.jp/,TODO: 填真实零售价(本币)
egg,JP,2022-03,,,kg,0.3,日本e-Stat·CPI鸡蛋零售价,https://www.e-stat.go.jp/,TODO: 填真实零售价(本币)
egg,JP,2022-04,,,kg,0.3,日本e-Stat·CPI鸡蛋零售价,https://www.e-stat.go.jp/,TODO: 填真实零售价(本币)
egg,JP,2022-05,,,kg,0.3,日本e-Stat·CPI鸡蛋零售价,https://www.e-stat.go.jp/,TODO: 填真实零售价(本币)
egg,JP,2022-06,,,kg,0.3,日本e-Stat·CPI鸡蛋零售价,https://www.e-stat.go.jp/,TODO: 填真实零售价(本币)
egg,JP,2022-07,,,kg,0.3,日本e-Stat·CPI鸡蛋零售价,https://www.e-stat.go.jp/,TODO: 填真实零售价(本币)
egg,JP,2022-08,,,kg,0.3,日本e-Stat·CPI鸡蛋零售价,https://www.e-stat.go.jp/,TODO: 填真实零售价(本币)
egg,JP,2022-09,,,kg,0.3,日本e-Stat·CPI鸡蛋零售价,https://www.e-stat.go.jp/,TODO: 填真实零售价(本币)
egg,JP,2022-10,,,kg,0.3,日本e-Stat·CPI鸡蛋零售价,https://www.e-stat.go.jp/,TODO: 填真实零售价(本币)
egg,JP,2022-11,,,kg,0.3,日本e-Stat·CPI鸡蛋零售价,https://www.e-stat.go.jp/,TODO: 填真实零售价(本币)
egg,JP,2022-12,,,kg,0.3,日本e-Stat·CPI鸡蛋零售价,https://www.e-stat.go.jp/,TODO: 填真实零售价(本币)
egg,JP,2023-01,,,kg,0.3,日本e-Stat·CPI鸡蛋零售价,https://www.e-stat.go.jp/,TODO: 填真实零售价(本币)
egg,JP,2023-02,,,kg,0.3,日本e-Stat·CPI鸡蛋零售价,https://www.e-stat.go.jp/,TODO: 填真实零售价(本币)
egg,JP,2023-03,,,kg,0.3,日本e-Stat·CPI鸡蛋零售价,https://www.e-stat.go.jp/,TODO: 填真实零售价(本币)
egg,JP,2023-04,,,kg,0.3,日本e-Stat·CPI鸡蛋零售价,https://www.e-stat.go.jp/,TODO: 填真实零售价(本币)
egg,JP,2023-05,,,kg,0.3,日本e-Stat·CPI鸡蛋零售价,https://www.e-stat.go.jp/,TODO: 填真实零售价(本币)
egg,JP,2023-06,,,kg,0.3,日本e-Stat·CPI鸡蛋零售价,https://www.e-stat.go.jp/,TODO: 填真实零售价(本币)
egg,JP,2023-07,,,kg,0.3,日本e-Stat·CPI鸡蛋零售价,https://www.e-stat.go.jp/,TODO: 填真实零售价(本币)
egg,JP,2023-08,,,kg,0.3,日本e-Stat·CPI鸡蛋零售价,https://www.e-stat.go.jp/,TODO: 填真实零售价(本币)
egg,JP,2023-09,,,kg,0.3,日本e-Stat·CPI鸡蛋零售价,https://www.e-stat.go.jp/,TODO: 填真实零售价(本币)
egg,JP,2023-10,,,kg,0.3,日本e-Stat·CPI鸡蛋零售价,https://www.e-stat.go.jp/,TODO: 填真实零售价(本币)
egg,JP,2023-11,,,kg,0.3,日本e-Stat·CPI鸡蛋零售价,https://www.e-stat.go.jp/,TODO: 填真实零售价(本币)
egg,JP,2023-12,,,kg,0.3,日本e-Stat·CPI鸡蛋零售价,https://www.e-stat.go.jp/,TODO: 填真实零售价(本币)
egg,JP,2024-01,,,kg,0.3,日本e-Stat·CPI鸡蛋零售价,https://www.e-stat.go.jp/,TODO: 填真实零售价(本币)
egg,JP,2024-02,,,kg,0.3,日本e-Stat·CPI鸡蛋零售价,https://www.e-stat.go.jp/,TODO: 填真实零售价(本币)
egg,JP,2024-03,,,kg,0.3,日本e-Stat·CPI鸡蛋零售价,https://www.e-stat.go.jp/,TODO: 填真实零售价(本币)
egg,JP,2024-04,,,kg,0.3,日本e-Stat·CPI鸡蛋零售价,https://www.e-stat.go.jp/,TODO: 填真实零售价(本币)
egg,JP,2024-05,,,kg,0.3,日本e-Stat·CPI鸡蛋零售价,https://www.e-stat.go.jp/,TODO: 填真实零售价(本币)
egg,JP,2024-06,,,kg,0.3,日本e-Stat·CPI鸡蛋零售价,https://www.e-stat.go.jp/,TODO: 填真实零售价(本币)
egg,JP,2024-07,,,kg,0.3,日本e-Stat·CPI鸡蛋零售价,https://www.e-stat.go.jp/,TODO: 填真实零售价(本币)
egg,JP,2024-08,,,kg,0.3,日本e-Stat·CPI鸡蛋零售价,https://www.e-stat.go.jp/,TODO: 填真实零售价(本币)
egg,JP,2024-09,,,kg,0.3,日本e-Stat·CPI鸡蛋零售价,https://www.e-stat.go.jp/,TODO: 填真实零售价(本币)
egg,JP,2024-10,,,kg,0.3,日本e-Stat·CPI鸡蛋零售价,https://www.e-stat.go.jp/,TODO: 填真实零售价(本币)
egg,JP,2024-11,,,kg,0.3,日本e-Stat·CPI鸡蛋零售价,https://www.e-stat.go.jp/,TODO: 填真实零售价(本币)
egg,JP,2024-12,,,kg,0.3,日本e-Stat·CPI鸡蛋零售价,https://www.e-stat.go.jp/,TODO: 填真实零售价(本币)
egg,JP,2025-01,,,kg,0.3,日本e-Stat·CPI鸡蛋零售价,https://www.e-stat.go.jp/,TODO: 填真实零售价(本币)
egg,JP,2025-02,,,kg,0.3,日本e-Stat·CPI鸡蛋零售价,https://www.e-stat.go.jp/,TODO: 填真实零售价(本币)
egg,JP,2025-03,,,kg,0.3,日本e-Stat·CPI鸡蛋零售价,https://www.e-stat.go.jp/,TODO: 填真实零售价(本币)
egg,JP,2025-04,,,kg,0.3,日本e-Stat·CPI鸡蛋零售价,https://www.e-stat.go.jp/,TODO: 填真实零售价(本币)
egg,JP,2025-05,,,kg,0.3,日本e-Stat·CPI鸡蛋零售价,https://www.e-stat.go.jp/,TODO: 填真实零售价(本币)
egg,JP,2025-06,,,kg,0.3,日本e-Stat·CPI鸡蛋零售价,https://www.e-stat.go.jp/,TODO: 填真实零售价(本币)
egg,JP,2025-07,,,kg,0.3,日本e-Stat·CPI鸡蛋零售价,https://www.e-stat.go.jp/,TODO: 填真实零售价(本币)
egg,JP,2025-08,,,kg,0.3,日本e-Stat·CPI鸡蛋零售价,https://www.e-stat.go.jp/,TODO: 填真实零售价(本币)
egg,JP,2025-09,,,kg,0.3,日本e-Stat·CPI鸡蛋零售价,https://www.e-stat.go.jp/,TODO: 填真实零售价(本币)
egg,JP,2025-10,,,kg,0.3,日本e-Stat·CPI鸡蛋零售价,https://www.e-stat.go.jp/,TODO: 填真实零售价(本币)
egg,JP,2025-11,,,kg,0.3,日本e-Stat·CPI鸡蛋零售价,https://www.e-stat.go.jp/,TODO: 填真实零售价(本币)
egg,JP,2025-12,,,kg,0.3,日本e-Stat·CPI鸡蛋零售价,https://www.e-stat.go.jp/,TODO: 填真实零售价(本币)
egg,JP,2026-01,,,kg,0.3,日本e-Stat·CPI鸡蛋零售价,https://www.e-stat.go.jp/,TODO: 填真实零售价(本币)
egg,JP,2026-02,,,kg,0.3,日本e-Stat·CPI鸡蛋零售价,https://www.e-stat.go.jp/,TODO: 填真实零售价(本币)
egg,JP,2026-03,,,kg,0.3,日本e-Stat·CPI鸡蛋零售价,https://www.e-stat.go.jp/,TODO: 填真实零售价(本币)
egg,JP,2026-04,,,kg,0.3,日本e-Stat·CPI鸡蛋零售价,https://www.e-stat.go.jp/,TODO: 填真实零售价(本币)
egg,JP,2026-05,,,kg,0.3,日本e-Stat·CPI鸡蛋零售价,https://www.e-stat.go.jp/,TODO: 填真实零售价(本币)
egg,JP,2026-06,,,kg,0.3,日本e-Stat·CPI鸡蛋零售价,https://www.e-stat.go.jp/,TODO: 填真实零售价(本币)
egg,JP,2026-07,,,kg,0.3,日本e-Stat·CPI鸡蛋零售价,https://www.e-stat.go.jp/,TODO: 填真实零售价(本币)
egg,JP,2026-08,,,kg,0.3,日本e-Stat·CPI鸡蛋零售价,https://www.e-stat.go.jp/,TODO: 填真实零售价(本币)
egg,AU,2021-01,,,kg,0.3,澳大利亚ABS·CPI鸡蛋零售价,https://www.abs.gov.au/,TODO: 填真实零售价(本币)
egg,AU,2021-02,,,kg,0.3,澳大利亚ABS·CPI鸡蛋零售价,https://www.abs.gov.au/,TODO: 填真实零售价(本币)
egg,AU,2021-03,,,kg,0.3,澳大利亚ABS·CPI鸡蛋零售价,https://www.abs.gov.au/,TODO: 填真实零售价(本币)
egg,AU,2021-04,,,kg,0.3,澳大利亚ABS·CPI鸡蛋零售价,https://www.abs.gov.au/,TODO: 填真实零售价(本币)
egg,AU,2021-05,,,kg,0.3,澳大利亚ABS·CPI鸡蛋零售价,https://www.abs.gov.au/,TODO: 填真实零售价(本币)
egg,AU,2021-06,,,kg,0.3,澳大利亚ABS·CPI鸡蛋零售价,https://www.abs.gov.au/,TODO: 填真实零售价(本币)
egg,AU,2021-07,,,kg,0.3,澳大利亚ABS·CPI鸡蛋零售价,https://www.abs.gov.au/,TODO: 填真实零售价(本币)
egg,AU,2021-08,,,kg,0.3,澳大利亚ABS·CPI鸡蛋零售价,https://www.abs.gov.au/,TODO: 填真实零售价(本币)
egg,AU,2021-09,,,kg,0.3,澳大利亚ABS·CPI鸡蛋零售价,https://www.abs.gov.au/,TODO: 填真实零售价(本币)
egg,AU,2021-10,,,kg,0.3,澳大利亚ABS·CPI鸡蛋零售价,https://www.abs.gov.au/,TODO: 填真实零售价(本币)
egg,AU,2021-11,,,kg,0.3,澳大利亚ABS·CPI鸡蛋零售价,https://www.abs.gov.au/,TODO: 填真实零售价(本币)
egg,AU,2021-12,,,kg,0.3,澳大利亚ABS·CPI鸡蛋零售价,https://www.abs.gov.au/,TODO: 填真实零售价(本币)
egg,AU,2022-01,,,kg,0.3,澳大利亚ABS·CPI鸡蛋零售价,https://www.abs.gov.au/,TODO: 填真实零售价(本币)
egg,AU,2022-02,,,kg,0.3,澳大利亚ABS·CPI鸡蛋零售价,https://www.abs.gov.au/,TODO: 填真实零售价(本币)
egg,AU,2022-03,,,kg,0.3,澳大利亚ABS·CPI鸡蛋零售价,https://www.abs.gov.au/,TODO: 填真实零售价(本币)
egg,AU,2022-04,,,kg,0.3,澳大利亚ABS·CPI鸡蛋零售价,https://www.abs.gov.au/,TODO: 填真实零售价(本币)
egg,AU,2022-05,,,kg,0.3,澳大利亚ABS·CPI鸡蛋零售价,https://www.abs.gov.au/,TODO: 填真实零售价(本币)
egg,AU,2022-06,,,kg,0.3,澳大利亚ABS·CPI鸡蛋零售价,https://www.abs.gov.au/,TODO: 填真实零售价(本币)
egg,AU,2022-07,,,kg,0.3,澳大利亚ABS·CPI鸡蛋零售价,https://www.abs.gov.au/,TODO: 填真实零售价(本币)
egg,AU,2022-08,,,kg,0.3,澳大利亚ABS·CPI鸡蛋零售价,https://www.abs.gov.au/,TODO: 填真实零售价(本币)
egg,AU,2022-09,,,kg,0.3,澳大利亚ABS·CPI鸡蛋零售价,https://www.abs.gov.au/,TODO: 填真实零售价(本币)
egg,AU,2022-10,,,kg,0.3,澳大利亚ABS·CPI鸡蛋零售价,https://www.abs.gov.au/,TODO: 填真实零售价(本币)
egg,AU,2022-11,,,kg,0.3,澳大利亚ABS·CPI鸡蛋零售价,https://www.abs.gov.au/,TODO: 填真实零售价(本币)
egg,AU,2022-12,,,kg,0.3,澳大利亚ABS·CPI鸡蛋零售价,https://www.abs.gov.au/,TODO: 填真实零售价(本币)
egg,AU,2023-01,,,kg,0.3,澳大利亚ABS·CPI鸡蛋零售价,https://www.abs.gov.au/,TODO: 填真实零售价(本币)
egg,AU,2023-02,,,kg,0.3,澳大利亚ABS·CPI鸡蛋零售价,https://www.abs.gov.au/,TODO: 填真实零售价(本币)
egg,AU,2023-03,,,kg,0.3,澳大利亚ABS·CPI鸡蛋零售价,https://www.abs.gov.au/,TODO: 填真实零售价(本币)
egg,AU,2023-04,,,kg,0.3,澳大利亚ABS·CPI鸡蛋零售价,https://www.abs.gov.au/,TODO: 填真实零售价(本币)
egg,AU,2023-05,,,kg,0.3,澳大利亚ABS·CPI鸡蛋零售价,https://www.abs.gov.au/,TODO: 填真实零售价(本币)
egg,AU,2023-06,,,kg,0.3,澳大利亚ABS·CPI鸡蛋零售价,https://www.abs.gov.au/,TODO: 填真实零售价(本币)
egg,AU,2023-07,,,kg,0.3,澳大利亚ABS·CPI鸡蛋零售价,https://www.abs.gov.au/,TODO: 填真实零售价(本币)
egg,AU,2023-08,,,kg,0.3,澳大利亚ABS·CPI鸡蛋零售价,https://www.abs.gov.au/,TODO: 填真实零售价(本币)
egg,AU,2023-09,,,kg,0.3,澳大利亚ABS·CPI鸡蛋零售价,https://www.abs.gov.au/,TODO: 填真实零售价(本币)
egg,AU,2023-10,,,kg,0.3,澳大利亚ABS·CPI鸡蛋零售价,https://www.abs.gov.au/,TODO: 填真实零售价(本币)
egg,AU,2023-11,,,kg,0.3,澳大利亚ABS·CPI鸡蛋零售价,https://www.abs.gov.au/,TODO: 填真实零售价(本币)
egg,AU,2023-12,,,kg,0.3,澳大利亚ABS·CPI鸡蛋零售价,https://www.abs.gov.au/,TODO: 填真实零售价(本币)
egg,AU,2024-01,,,kg,0.3,澳大利亚ABS·CPI鸡蛋零售价,https://www.abs.gov.au/,TODO: 填真实零售价(本币)
egg,AU,2024-02,,,kg,0.3,澳大利亚ABS·CPI鸡蛋零售价,https://www.abs.gov.au/,TODO: 填真实零售价(本币)
egg,AU,2024-03,,,kg,0.3,澳大利亚ABS·CPI鸡蛋零售价,https://www.abs.gov.au/,TODO: 填真实零售价(本币)
egg,AU,2024-04,,,kg,0.3,澳大利亚ABS·CPI鸡蛋零售价,https://www.abs.gov.au/,TODO: 填真实零售价(本币)
egg,AU,2024-05,,,kg,0.3,澳大利亚ABS·CPI鸡蛋零售价,https://www.abs.gov.au/,TODO: 填真实零售价(本币)
egg,AU,2024-06,,,kg,0.3,澳大利亚ABS·CPI鸡蛋零售价,https://www.abs.gov.au/,TODO: 填真实零售价(本币)
egg,AU,2024-07,,,kg,0.3,澳大利亚ABS·CPI鸡蛋零售价,https://www.abs.gov.au/,TODO: 填真实零售价(本币)
egg,AU,2024-08,,,kg,0.3,澳大利亚ABS·CPI鸡蛋零售价,https://www.abs.gov.au/,TODO: 填真实零售价(本币)
egg,AU,2024-09,,,kg,0.3,澳大利亚ABS·CPI鸡蛋零售价,https://www.abs.gov.au/,TODO: 填真实零售价(本币)
egg,AU,2024-10,,,kg,0.3,澳大利亚ABS·CPI鸡蛋零售价,https://www.abs.gov.au/,TODO: 填真实零售价(本币)
egg,AU,2024-11,,,kg,0.3,澳大利亚ABS·CPI鸡蛋零售价,https://www.abs.gov.au/,TODO: 填真实零售价(本币)
egg,AU,2024-12,,,kg,0.3,澳大利亚ABS·CPI鸡蛋零售价,https://www.abs.gov.au/,TODO: 填真实零售价(本币)
egg,AU,2025-01,,,kg,0.3,澳大利亚ABS·CPI鸡蛋零售价,https://www.abs.gov.au/,TODO: 填真实零售价(本币)
egg,AU,2025-02,,,kg,0.3,澳大利亚ABS·CPI鸡蛋零售价,https://www.abs.gov.au/,TODO: 填真实零售价(本币)
egg,AU,2025-03,,,kg,0.3,澳大利亚ABS·CPI鸡蛋零售价,https://www.abs.gov.au/,TODO: 填真实零售价(本币)
egg,AU,2025-04,,,kg,0.3,澳大利亚ABS·CPI鸡蛋零售价,https://www.abs.gov.au/,TODO: 填真实零售价(本币)
egg,AU,2025-05,,,kg,0.3,澳大利亚ABS·CPI鸡蛋零售价,https://www.abs.gov.au/,TODO: 填真实零售价(本币)
egg,AU,2025-06,,,kg,0.3,澳大利亚ABS·CPI鸡蛋零售价,https://www.abs.gov.au/,TODO: 填真实零售价(本币)
egg,AU,2025-07,,,kg,0.3,澳大利亚ABS·CPI鸡蛋零售价,https://www.abs.gov.au/,TODO: 填真实零售价(本币)
egg,AU,2025-08,,,kg,0.3,澳大利亚ABS·CPI鸡蛋零售价,https://www.abs.gov.au/,TODO: 填真实零售价(本币)
egg,AU,2025-09,,,kg,0.3,澳大利亚ABS·CPI鸡蛋零售价,https://www.abs.gov.au/,TODO: 填真实零售价(本币)
egg,AU,2025-10,,,kg,0.3,澳大利亚ABS·CPI鸡蛋零售价,https://www.abs.gov.au/,TODO: 填真实零售价(本币)
egg,AU,2025-11,,,kg,0.3,澳大利亚ABS·CPI鸡蛋零售价,https://www.abs.gov.au/,TODO: 填真实零售价(本币)
egg,AU,2025-12,,,kg,0.3,澳大利亚ABS·CPI鸡蛋零售价,https://www.abs.gov.au/,TODO: 填真实零售价(本币)
egg,AU,2026-01,,,kg,0.3,澳大利亚ABS·CPI鸡蛋零售价,https://www.abs.gov.au/,TODO: 填真实零售价(本币)
egg,AU,2026-02,,,kg,0.3,澳大利亚ABS·CPI鸡蛋零售价,https://www.abs.gov.au/,TODO: 填真实零售价(本币)
egg,AU,2026-03,,,kg,0.3,澳大利亚ABS·CPI鸡蛋零售价,https://www.abs.gov.au/,TODO: 填真实零售价(本币)
egg,AU,2026-04,,,kg,0.3,澳大利亚ABS·CPI鸡蛋零售价,https://www.abs.gov.au/,TODO: 填真实零售价(本币)
egg,AU,2026-05,,,kg,0.3,澳大利亚ABS·CPI鸡蛋零售价,https://www.abs.gov.au/,TODO: 填真实零售价(本币)
egg,AU,2026-06,,,kg,0.3,澳大利亚ABS·CPI鸡蛋零售价,https://www.abs.gov.au/,TODO: 填真实零售价(本币)
egg,AU,2026-07,,,kg,0.3,澳大利亚ABS·CPI鸡蛋零售价,https://www.abs.gov.au/,TODO: 填真实零售价(本币)
egg,AU,2026-08,,,kg,0.3,澳大利亚ABS·CPI鸡蛋零售价,https://www.abs.gov.au/,TODO: 填真实零售价(本币)
chicken,CN,2021-01,,,kg,0.35,农业农村部·白羽肉鸡（活鸡）月度均价,http://pfsc.agri.cn/,TODO: 填真实零售价(本币)
chicken,CN,2021-02,,,kg,0.35,农业农村部·白羽肉鸡（活鸡）月度均价,http://pfsc.agri.cn/,TODO: 填真实零售价(本币)
chicken,CN,2021-03,,,kg,0.35,农业农村部·白羽肉鸡（活鸡）月度均价,http://pfsc.agri.cn/,TODO: 填真实零售价(本币)
chicken,CN,2021-04,,,kg,0.35,农业农村部·白羽肉鸡（活鸡）月度均价,http://pfsc.agri.cn/,TODO: 填真实零售价(本币)
chicken,CN,2021-05,,,kg,0.35,农业农村部·白羽肉鸡（活鸡）月度均价,http://pfsc.agri.cn/,TODO: 填真实零售价(本币)
chicken,CN,2021-06,,,kg,0.35,农业农村部·白羽肉鸡（活鸡）月度均价,http://pfsc.agri.cn/,TODO: 填真实零售价(本币)
chicken,CN,2021-07,,,kg,0.35,农业农村部·白羽肉鸡（活鸡）月度均价,http://pfsc.agri.cn/,TODO: 填真实零售价(本币)
chicken,CN,2021-08,,,kg,0.35,农业农村部·白羽肉鸡（活鸡）月度均价,http://pfsc.agri.cn/,TODO: 填真实零售价(本币)
chicken,CN,2021-09,,,kg,0.35,农业农村部·白羽肉鸡（活鸡）月度均价,http://pfsc.agri.cn/,TODO: 填真实零售价(本币)
chicken,CN,2021-10,,,kg,0.35,农业农村部·白羽肉鸡（活鸡）月度均价,http://pfsc.agri.cn/,TODO: 填真实零售价(本币)
chicken,CN,2021-11,,,kg,0.35,农业农村部·白羽肉鸡（活鸡）月度均价,http://pfsc.agri.cn/,TODO: 填真实零售价(本币)
chicken,CN,2021-12,,,kg,0.35,农业农村部·白羽肉鸡（活鸡）月度均价,http://pfsc.agri.cn/,TODO: 填真实零售价(本币)
chicken,CN,2022-01,,,kg,0.35,农业农村部·白羽肉鸡（活鸡）月度均价,http://pfsc.agri.cn/,TODO: 填真实零售价(本币)
chicken,CN,2022-02,,,kg,0.35,农业农村部·白羽肉鸡（活鸡）月度均价,http://pfsc.agri.cn/,TODO: 填真实零售价(本币)
chicken,CN,2022-03,,,kg,0.35,农业农村部·白羽肉鸡（活鸡）月度均价,http://pfsc.agri.cn/,TODO: 填真实零售价(本币)
chicken,CN,2022-04,,,kg,0.35,农业农村部·白羽肉鸡（活鸡）月度均价,http://pfsc.agri.cn/,TODO: 填真实零售价(本币)
chicken,CN,2022-05,,,kg,0.35,农业农村部·白羽肉鸡（活鸡）月度均价,http://pfsc.agri.cn/,TODO: 填真实零售价(本币)
chicken,CN,2022-06,,,kg,0.35,农业农村部·白羽肉鸡（活鸡）月度均价,http://pfsc.agri.cn/,TODO: 填真实零售价(本币)
chicken,CN,2022-07,,,kg,0.35,农业农村部·白羽肉鸡（活鸡）月度均价,http://pfsc.agri.cn/,TODO: 填真实零售价(本币)
chicken,CN,2022-08,,,kg,0.35,农业农村部·白羽肉鸡（活鸡）月度均价,http://pfsc.agri.cn/,TODO: 填真实零售价(本币)
chicken,CN,2022-09,,,kg,0.35,农业农村部·白羽肉鸡（活鸡）月度均价,http://pfsc.agri.cn/,TODO: 填真实零售价(本币)
chicken,CN,2022-10,,,kg,0.35,农业农村部·白羽肉鸡（活鸡）月度均价,http://pfsc.agri.cn/,TODO: 填真实零售价(本币)
chicken,CN,2022-11,,,kg,0.35,农业农村部·白羽肉鸡（活鸡）月度均价,http://pfsc.agri.cn/,TODO: 填真实零售价(本币)
chicken,CN,2022-12,,,kg,0.35,农业农村部·白羽肉鸡（活鸡）月度均价,http://pfsc.agri.cn/,TODO: 填真实零售价(本币)
chicken,CN,2023-01,,,kg,0.35,农业农村部·白羽肉鸡（活鸡）月度均价,http://pfsc.agri.cn/,TODO: 填真实零售价(本币)
chicken,CN,2023-02,,,kg,0.35,农业农村部·白羽肉鸡（活鸡）月度均价,http://pfsc.agri.cn/,TODO: 填真实零售价(本币)
chicken,CN,2023-03,,,kg,0.35,农业农村部·白羽肉鸡（活鸡）月度均价,http://pfsc.agri.cn/,TODO: 填真实零售价(本币)
chicken,CN,2023-04,,,kg,0.35,农业农村部·白羽肉鸡（活鸡）月度均价,http://pfsc.agri.cn/,TODO: 填真实零售价(本币)
chicken,CN,2023-05,,,kg,0.35,农业农村部·白羽肉鸡（活鸡）月度均价,http://pfsc.agri.cn/,TODO: 填真实零售价(本币)
chicken,CN,2023-06,,,kg,0.35,农业农村部·白羽肉鸡（活鸡）月度均价,http://pfsc.agri.cn/,TODO: 填真实零售价(本币)
chicken,CN,2023-07,,,kg,0.35,农业农村部·白羽肉鸡（活鸡）月度均价,http://pfsc.agri.cn/,TODO: 填真实零售价(本币)
chicken,CN,2023-08,,,kg,0.35,农业农村部·白羽肉鸡（活鸡）月度均价,http://pfsc.agri.cn/,TODO: 填真实零售价(本币)
chicken,CN,2023-09,,,kg,0.35,农业农村部·白羽肉鸡（活鸡）月度均价,http://pfsc.agri.cn/,TODO: 填真实零售价(本币)
chicken,CN,2023-10,,,kg,0.35,农业农村部·白羽肉鸡（活鸡）月度均价,http://pfsc.agri.cn/,TODO: 填真实零售价(本币)
chicken,CN,2023-11,,,kg,0.35,农业农村部·白羽肉鸡（活鸡）月度均价,http://pfsc.agri.cn/,TODO: 填真实零售价(本币)
chicken,CN,2023-12,,,kg,0.35,农业农村部·白羽肉鸡（活鸡）月度均价,http://pfsc.agri.cn/,TODO: 填真实零售价(本币)
chicken,CN,2024-01,,,kg,0.35,农业农村部·白羽肉鸡（活鸡）月度均价,http://pfsc.agri.cn/,TODO: 填真实零售价(本币)
chicken,CN,2024-02,,,kg,0.35,农业农村部·白羽肉鸡（活鸡）月度均价,http://pfsc.agri.cn/,TODO: 填真实零售价(本币)
chicken,CN,2024-03,,,kg,0.35,农业农村部·白羽肉鸡（活鸡）月度均价,http://pfsc.agri.cn/,TODO: 填真实零售价(本币)
chicken,CN,2024-04,,,kg,0.35,农业农村部·白羽肉鸡（活鸡）月度均价,http://pfsc.agri.cn/,TODO: 填真实零售价(本币)
chicken,CN,2024-05,,,kg,0.35,农业农村部·白羽肉鸡（活鸡）月度均价,http://pfsc.agri.cn/,TODO: 填真实零售价(本币)
chicken,CN,2024-06,,,kg,0.35,农业农村部·白羽肉鸡（活鸡）月度均价,http://pfsc.agri.cn/,TODO: 填真实零售价(本币)
chicken,CN,2024-07,,,kg,0.35,农业农村部·白羽肉鸡（活鸡）月度均价,http://pfsc.agri.cn/,TODO: 填真实零售价(本币)
chicken,CN,2024-08,,,kg,0.35,农业农村部·白羽肉鸡（活鸡）月度均价,http://pfsc.agri.cn/,TODO: 填真实零售价(本币)
chicken,CN,2024-09,,,kg,0.35,农业农村部·白羽肉鸡（活鸡）月度均价,http://pfsc.agri.cn/,TODO: 填真实零售价(本币)
chicken,CN,2024-10,,,kg,0.35,农业农村部·白羽肉鸡（活鸡）月度均价,http://pfsc.agri.cn/,TODO: 填真实零售价(本币)
chicken,CN,2024-11,,,kg,0.35,农业农村部·白羽肉鸡（活鸡）月度均价,http://pfsc.agri.cn/,TODO: 填真实零售价(本币)
chicken,CN,2024-12,,,kg,0.35,农业农村部·白羽肉鸡（活鸡）月度均价,http://pfsc.agri.cn/,TODO: 填真实零售价(本币)
chicken,CN,2025-01,,,kg,0.35,农业农村部·白羽肉鸡（活鸡）月度均价,http://pfsc.agri.cn/,TODO: 填真实零售价(本币)
chicken,CN,2025-02,,,kg,0.35,农业农村部·白羽肉鸡（活鸡）月度均价,http://pfsc.agri.cn/,TODO: 填真实零售价(本币)
chicken,CN,2025-03,,,kg,0.35,农业农村部·白羽肉鸡（活鸡）月度均价,http://pfsc.agri.cn/,TODO: 填真实零售价(本币)
chicken,CN,2025-04,,,kg,0.35,农业农村部·白羽肉鸡（活鸡）月度均价,http://pfsc.agri.cn/,TODO: 填真实零售价(本币)
chicken,CN,2025-05,,,kg,0.35,农业农村部·白羽肉鸡（活鸡）月度均价,http://pfsc.agri.cn/,TODO: 填真实零售价(本币)
chicken,CN,2025-06,,,kg,0.35,农业农村部·白羽肉鸡（活鸡）月度均价,http://pfsc.agri.cn/,TODO: 填真实零售价(本币)
chicken,CN,2025-07,,,kg,0.35,农业农村部·白羽肉鸡（活鸡）月度均价,http://pfsc.agri.cn/,TODO: 填真实零售价(本币)
chicken,CN,2025-08,,,kg,0.35,农业农村部·白羽肉鸡（活鸡）月度均价,http://pfsc.agri.cn/,TODO: 填真实零售价(本币)
chicken,CN,2025-09,,,kg,0.35,农业农村部·白羽肉鸡（活鸡）月度均价,http://pfsc.agri.cn/,TODO: 填真实零售价(本币)
chicken,CN,2025-10,,,kg,0.35,农业农村部·白羽肉鸡（活鸡）月度均价,http://pfsc.agri.cn/,TODO: 填真实零售价(本币)
chicken,CN,2025-11,,,kg,0.35,农业农村部·白羽肉鸡（活鸡）月度均价,http://pfsc.agri.cn/,TODO: 填真实零售价(本币)
chicken,CN,2025-12,,,kg,0.35,农业农村部·白羽肉鸡（活鸡）月度均价,http://pfsc.agri.cn/,TODO: 填真实零售价(本币)
chicken,CN,2026-01,,,kg,0.35,农业农村部·白羽肉鸡（活鸡）月度均价,http://pfsc.agri.cn/,TODO: 填真实零售价(本币)
chicken,CN,2026-02,,,kg,0.35,农业农村部·白羽肉鸡（活鸡）月度均价,http://pfsc.agri.cn/,TODO: 填真实零售价(本币)
chicken,CN,2026-03,,,kg,0.35,农业农村部·白羽肉鸡（活鸡）月度均价,http://pfsc.agri.cn/,TODO: 填真实零售价(本币)
chicken,CN,2026-04,,,kg,0.35,农业农村部·白羽肉鸡（活鸡）月度均价,http://pfsc.agri.cn/,TODO: 填真实零售价(本币)
chicken,CN,2026-05,,,kg,0.35,农业农村部·白羽肉鸡（活鸡）月度均价,http://pfsc.agri.cn/,TODO: 填真实零售价(本币)
chicken,CN,2026-06,,,kg,0.35,农业农村部·白羽肉鸡（活鸡）月度均价,http://pfsc.agri.cn/,TODO: 填真实零售价(本币)
chicken,CN,2026-07,,,kg,0.35,农业农村部·白羽肉鸡（活鸡）月度均价,http://pfsc.agri.cn/,TODO: 填真实零售价(本币)
chicken,CN,2026-08,,,kg,0.35,农业农村部·白羽肉鸡（活鸡）月度均价,http://pfsc.agri.cn/,TODO: 填真实零售价(本币)
chicken,VN,2021-01,,,kg,0.35,越南畜牧业协会·白羽肉鸡出栏价,https://www.gso.gov.vn/,TODO: 填真实零售价(本币)
chicken,VN,2021-02,,,kg,0.35,越南畜牧业协会·白羽肉鸡出栏价,https://www.gso.gov.vn/,TODO: 填真实零售价(本币)
chicken,VN,2021-03,,,kg,0.35,越南畜牧业协会·白羽肉鸡出栏价,https://www.gso.gov.vn/,TODO: 填真实零售价(本币)
chicken,VN,2021-04,,,kg,0.35,越南畜牧业协会·白羽肉鸡出栏价,https://www.gso.gov.vn/,TODO: 填真实零售价(本币)
chicken,VN,2021-05,,,kg,0.35,越南畜牧业协会·白羽肉鸡出栏价,https://www.gso.gov.vn/,TODO: 填真实零售价(本币)
chicken,VN,2021-06,,,kg,0.35,越南畜牧业协会·白羽肉鸡出栏价,https://www.gso.gov.vn/,TODO: 填真实零售价(本币)
chicken,VN,2021-07,,,kg,0.35,越南畜牧业协会·白羽肉鸡出栏价,https://www.gso.gov.vn/,TODO: 填真实零售价(本币)
chicken,VN,2021-08,,,kg,0.35,越南畜牧业协会·白羽肉鸡出栏价,https://www.gso.gov.vn/,TODO: 填真实零售价(本币)
chicken,VN,2021-09,,,kg,0.35,越南畜牧业协会·白羽肉鸡出栏价,https://www.gso.gov.vn/,TODO: 填真实零售价(本币)
chicken,VN,2021-10,,,kg,0.35,越南畜牧业协会·白羽肉鸡出栏价,https://www.gso.gov.vn/,TODO: 填真实零售价(本币)
chicken,VN,2021-11,,,kg,0.35,越南畜牧业协会·白羽肉鸡出栏价,https://www.gso.gov.vn/,TODO: 填真实零售价(本币)
chicken,VN,2021-12,,,kg,0.35,越南畜牧业协会·白羽肉鸡出栏价,https://www.gso.gov.vn/,TODO: 填真实零售价(本币)
chicken,VN,2022-01,,,kg,0.35,越南畜牧业协会·白羽肉鸡出栏价,https://www.gso.gov.vn/,TODO: 填真实零售价(本币)
chicken,VN,2022-02,,,kg,0.35,越南畜牧业协会·白羽肉鸡出栏价,https://www.gso.gov.vn/,TODO: 填真实零售价(本币)
chicken,VN,2022-03,,,kg,0.35,越南畜牧业协会·白羽肉鸡出栏价,https://www.gso.gov.vn/,TODO: 填真实零售价(本币)
chicken,VN,2022-04,,,kg,0.35,越南畜牧业协会·白羽肉鸡出栏价,https://www.gso.gov.vn/,TODO: 填真实零售价(本币)
chicken,VN,2022-05,,,kg,0.35,越南畜牧业协会·白羽肉鸡出栏价,https://www.gso.gov.vn/,TODO: 填真实零售价(本币)
chicken,VN,2022-06,,,kg,0.35,越南畜牧业协会·白羽肉鸡出栏价,https://www.gso.gov.vn/,TODO: 填真实零售价(本币)
chicken,VN,2022-07,,,kg,0.35,越南畜牧业协会·白羽肉鸡出栏价,https://www.gso.gov.vn/,TODO: 填真实零售价(本币)
chicken,VN,2022-08,,,kg,0.35,越南畜牧业协会·白羽肉鸡出栏价,https://www.gso.gov.vn/,TODO: 填真实零售价(本币)
chicken,VN,2022-09,,,kg,0.35,越南畜牧业协会·白羽肉鸡出栏价,https://www.gso.gov.vn/,TODO: 填真实零售价(本币)
chicken,VN,2022-10,,,kg,0.35,越南畜牧业协会·白羽肉鸡出栏价,https://www.gso.gov.vn/,TODO: 填真实零售价(本币)
chicken,VN,2022-11,,,kg,0.35,越南畜牧业协会·白羽肉鸡出栏价,https://www.gso.gov.vn/,TODO: 填真实零售价(本币)
chicken,VN,2022-12,,,kg,0.35,越南畜牧业协会·白羽肉鸡出栏价,https://www.gso.gov.vn/,TODO: 填真实零售价(本币)
chicken,VN,2023-01,,,kg,0.35,越南畜牧业协会·白羽肉鸡出栏价,https://www.gso.gov.vn/,TODO: 填真实零售价(本币)
chicken,VN,2023-02,,,kg,0.35,越南畜牧业协会·白羽肉鸡出栏价,https://www.gso.gov.vn/,TODO: 填真实零售价(本币)
chicken,VN,2023-03,,,kg,0.35,越南畜牧业协会·白羽肉鸡出栏价,https://www.gso.gov.vn/,TODO: 填真实零售价(本币)
chicken,VN,2023-04,,,kg,0.35,越南畜牧业协会·白羽肉鸡出栏价,https://www.gso.gov.vn/,TODO: 填真实零售价(本币)
chicken,VN,2023-05,,,kg,0.35,越南畜牧业协会·白羽肉鸡出栏价,https://www.gso.gov.vn/,TODO: 填真实零售价(本币)
chicken,VN,2023-06,,,kg,0.35,越南畜牧业协会·白羽肉鸡出栏价,https://www.gso.gov.vn/,TODO: 填真实零售价(本币)
chicken,VN,2023-07,,,kg,0.35,越南畜牧业协会·白羽肉鸡出栏价,https://www.gso.gov.vn/,TODO: 填真实零售价(本币)
chicken,VN,2023-08,,,kg,0.35,越南畜牧业协会·白羽肉鸡出栏价,https://www.gso.gov.vn/,TODO: 填真实零售价(本币)
chicken,VN,2023-09,,,kg,0.35,越南畜牧业协会·白羽肉鸡出栏价,https://www.gso.gov.vn/,TODO: 填真实零售价(本币)
chicken,VN,2023-10,,,kg,0.35,越南畜牧业协会·白羽肉鸡出栏价,https://www.gso.gov.vn/,TODO: 填真实零售价(本币)
chicken,VN,2023-11,,,kg,0.35,越南畜牧业协会·白羽肉鸡出栏价,https://www.gso.gov.vn/,TODO: 填真实零售价(本币)
chicken,VN,2023-12,,,kg,0.35,越南畜牧业协会·白羽肉鸡出栏价,https://www.gso.gov.vn/,TODO: 填真实零售价(本币)
chicken,VN,2024-01,,,kg,0.35,越南畜牧业协会·白羽肉鸡出栏价,https://www.gso.gov.vn/,TODO: 填真实零售价(本币)
chicken,VN,2024-02,,,kg,0.35,越南畜牧业协会·白羽肉鸡出栏价,https://www.gso.gov.vn/,TODO: 填真实零售价(本币)
chicken,VN,2024-03,,,kg,0.35,越南畜牧业协会·白羽肉鸡出栏价,https://www.gso.gov.vn/,TODO: 填真实零售价(本币)
chicken,VN,2024-04,,,kg,0.35,越南畜牧业协会·白羽肉鸡出栏价,https://www.gso.gov.vn/,TODO: 填真实零售价(本币)
chicken,VN,2024-05,,,kg,0.35,越南畜牧业协会·白羽肉鸡出栏价,https://www.gso.gov.vn/,TODO: 填真实零售价(本币)
chicken,VN,2024-06,,,kg,0.35,越南畜牧业协会·白羽肉鸡出栏价,https://www.gso.gov.vn/,TODO: 填真实零售价(本币)
chicken,VN,2024-07,,,kg,0.35,越南畜牧业协会·白羽肉鸡出栏价,https://www.gso.gov.vn/,TODO: 填真实零售价(本币)
chicken,VN,2024-08,,,kg,0.35,越南畜牧业协会·白羽肉鸡出栏价,https://www.gso.gov.vn/,TODO: 填真实零售价(本币)
chicken,VN,2024-09,,,kg,0.35,越南畜牧业协会·白羽肉鸡出栏价,https://www.gso.gov.vn/,TODO: 填真实零售价(本币)
chicken,VN,2024-10,,,kg,0.35,越南畜牧业协会·白羽肉鸡出栏价,https://www.gso.gov.vn/,TODO: 填真实零售价(本币)
chicken,VN,2024-11,,,kg,0.35,越南畜牧业协会·白羽肉鸡出栏价,https://www.gso.gov.vn/,TODO: 填真实零售价(本币)
chicken,VN,2024-12,,,kg,0.35,越南畜牧业协会·白羽肉鸡出栏价,https://www.gso.gov.vn/,TODO: 填真实零售价(本币)
chicken,VN,2025-01,,,kg,0.35,越南畜牧业协会·白羽肉鸡出栏价,https://www.gso.gov.vn/,TODO: 填真实零售价(本币)
chicken,VN,2025-02,,,kg,0.35,越南畜牧业协会·白羽肉鸡出栏价,https://www.gso.gov.vn/,TODO: 填真实零售价(本币)
chicken,VN,2025-03,,,kg,0.35,越南畜牧业协会·白羽肉鸡出栏价,https://www.gso.gov.vn/,TODO: 填真实零售价(本币)
chicken,VN,2025-04,,,kg,0.35,越南畜牧业协会·白羽肉鸡出栏价,https://www.gso.gov.vn/,TODO: 填真实零售价(本币)
chicken,VN,2025-05,,,kg,0.35,越南畜牧业协会·白羽肉鸡出栏价,https://www.gso.gov.vn/,TODO: 填真实零售价(本币)
chicken,VN,2025-06,,,kg,0.35,越南畜牧业协会·白羽肉鸡出栏价,https://www.gso.gov.vn/,TODO: 填真实零售价(本币)
chicken,VN,2025-07,,,kg,0.35,越南畜牧业协会·白羽肉鸡出栏价,https://www.gso.gov.vn/,TODO: 填真实零售价(本币)
chicken,VN,2025-08,,,kg,0.35,越南畜牧业协会·白羽肉鸡出栏价,https://www.gso.gov.vn/,TODO: 填真实零售价(本币)
chicken,VN,2025-09,,,kg,0.35,越南畜牧业协会·白羽肉鸡出栏价,https://www.gso.gov.vn/,TODO: 填真实零售价(本币)
chicken,VN,2025-10,,,kg,0.35,越南畜牧业协会·白羽肉鸡出栏价,https://www.gso.gov.vn/,TODO: 填真实零售价(本币)
chicken,VN,2025-11,,,kg,0.35,越南畜牧业协会·白羽肉鸡出栏价,https://www.gso.gov.vn/,TODO: 填真实零售价(本币)
chicken,VN,2025-12,,,kg,0.35,越南畜牧业协会·白羽肉鸡出栏价,https://www.gso.gov.vn/,TODO: 填真实零售价(本币)
chicken,VN,2026-01,,,kg,0.35,越南畜牧业协会·白羽肉鸡出栏价,https://www.gso.gov.vn/,TODO: 填真实零售价(本币)
chicken,VN,2026-02,,,kg,0.35,越南畜牧业协会·白羽肉鸡出栏价,https://www.gso.gov.vn/,TODO: 填真实零售价(本币)
chicken,VN,2026-03,,,kg,0.35,越南畜牧业协会·白羽肉鸡出栏价,https://www.gso.gov.vn/,TODO: 填真实零售价(本币)
chicken,VN,2026-04,,,kg,0.35,越南畜牧业协会·白羽肉鸡出栏价,https://www.gso.gov.vn/,TODO: 填真实零售价(本币)
chicken,VN,2026-05,,,kg,0.35,越南畜牧业协会·白羽肉鸡出栏价,https://www.gso.gov.vn/,TODO: 填真实零售价(本币)
chicken,VN,2026-06,,,kg,0.35,越南畜牧业协会·白羽肉鸡出栏价,https://www.gso.gov.vn/,TODO: 填真实零售价(本币)
chicken,VN,2026-07,,,kg,0.35,越南畜牧业协会·白羽肉鸡出栏价,https://www.gso.gov.vn/,TODO: 填真实零售价(本币)
chicken,VN,2026-08,,,kg,0.35,越南畜牧业协会·白羽肉鸡出栏价,https://www.gso.gov.vn/,TODO: 填真实零售价(本币)
chicken,TH,2021-01,,,kg,0.35,该国统计局/农业部官网（待手动补）,,TODO: 填真实零售价(本币)
chicken,TH,2021-02,,,kg,0.35,该国统计局/农业部官网（待手动补）,,TODO: 填真实零售价(本币)
chicken,TH,2021-03,,,kg,0.35,该国统计局/农业部官网（待手动补）,,TODO: 填真实零售价(本币)
chicken,TH,2021-04,,,kg,0.35,该国统计局/农业部官网（待手动补）,,TODO: 填真实零售价(本币)
chicken,TH,2021-05,,,kg,0.35,该国统计局/农业部官网（待手动补）,,TODO: 填真实零售价(本币)
chicken,TH,2021-06,,,kg,0.35,该国统计局/农业部官网（待手动补）,,TODO: 填真实零售价(本币)
chicken,TH,2021-07,,,kg,0.35,该国统计局/农业部官网（待手动补）,,TODO: 填真实零售价(本币)
chicken,TH,2021-08,,,kg,0.35,该国统计局/农业部官网（待手动补）,,TODO: 填真实零售价(本币)
chicken,TH,2021-09,,,kg,0.35,该国统计局/农业部官网（待手动补）,,TODO: 填真实零售价(本币)
chicken,TH,2021-10,,,kg,0.35,该国统计局/农业部官网（待手动补）,,TODO: 填真实零售价(本币)
chicken,TH,2021-11,,,kg,0.35,该国统计局/农业部官网（待手动补）,,TODO: 填真实零售价(本币)
chicken,TH,2021-12,,,kg,0.35,该国统计局/农业部官网（待手动补）,,TODO: 填真实零售价(本币)
chicken,TH,2022-01,,,kg,0.35,该国统计局/农业部官网（待手动补）,,TODO: 填真实零售价(本币)
chicken,TH,2022-02,,,kg,0.35,该国统计局/农业部官网（待手动补）,,TODO: 填真实零售价(本币)
chicken,TH,2022-03,,,kg,0.35,该国统计局/农业部官网（待手动补）,,TODO: 填真实零售价(本币)
chicken,TH,2022-04,,,kg,0.35,该国统计局/农业部官网（待手动补）,,TODO: 填真实零售价(本币)
chicken,TH,2022-05,,,kg,0.35,该国统计局/农业部官网（待手动补）,,TODO: 填真实零售价(本币)
chicken,TH,2022-06,,,kg,0.35,该国统计局/农业部官网（待手动补）,,TODO: 填真实零售价(本币)
chicken,TH,2022-07,,,kg,0.35,该国统计局/农业部官网（待手动补）,,TODO: 填真实零售价(本币)
chicken,TH,2022-08,,,kg,0.35,该国统计局/农业部官网（待手动补）,,TODO: 填真实零售价(本币)
chicken,TH,2022-09,,,kg,0.35,该国统计局/农业部官网（待手动补）,,TODO: 填真实零售价(本币)
chicken,TH,2022-10,,,kg,0.35,该国统计局/农业部官网（待手动补）,,TODO: 填真实零售价(本币)
chicken,TH,2022-11,,,kg,0.35,该国统计局/农业部官网（待手动补）,,TODO: 填真实零售价(本币)
chicken,TH,2022-12,,,kg,0.35,该国统计局/农业部官网（待手动补）,,TODO: 填真实零售价(本币)
chicken,TH,2023-01,,,kg,0.35,该国统计局/农业部官网（待手动补）,,TODO: 填真实零售价(本币)
chicken,TH,2023-02,,,kg,0.35,该国统计局/农业部官网（待手动补）,,TODO: 填真实零售价(本币)
chicken,TH,2023-03,,,kg,0.35,该国统计局/农业部官网（待手动补）,,TODO: 填真实零售价(本币)
chicken,TH,2023-04,,,kg,0.35,该国统计局/农业部官网（待手动补）,,TODO: 填真实零售价(本币)
chicken,TH,2023-05,,,kg,0.35,该国统计局/农业部官网（待手动补）,,TODO: 填真实零售价(本币)
chicken,TH,2023-06,,,kg,0.35,该国统计局/农业部官网（待手动补）,,TODO: 填真实零售价(本币)
chicken,TH,2023-07,,,kg,0.35,该国统计局/农业部官网（待手动补）,,TODO: 填真实零售价(本币)
chicken,TH,2023-08,,,kg,0.35,该国统计局/农业部官网（待手动补）,,TODO: 填真实零售价(本币)
chicken,TH,2023-09,,,kg,0.35,该国统计局/农业部官网（待手动补）,,TODO: 填真实零售价(本币)
chicken,TH,2023-10,,,kg,0.35,该国统计局/农业部官网（待手动补）,,TODO: 填真实零售价(本币)
chicken,TH,2023-11,,,kg,0.35,该国统计局/农业部官网（待手动补）,,TODO: 填真实零售价(本币)
chicken,TH,2023-12,,,kg,0.35,该国统计局/农业部官网（待手动补）,,TODO: 填真实零售价(本币)
chicken,TH,2024-01,,,kg,0.35,该国统计局/农业部官网（待手动补）,,TODO: 填真实零售价(本币)
chicken,TH,2024-02,,,kg,0.35,该国统计局/农业部官网（待手动补）,,TODO: 填真实零售价(本币)
chicken,TH,2024-03,,,kg,0.35,该国统计局/农业部官网（待手动补）,,TODO: 填真实零售价(本币)
chicken,TH,2024-04,,,kg,0.35,该国统计局/农业部官网（待手动补）,,TODO: 填真实零售价(本币)
chicken,TH,2024-05,,,kg,0.35,该国统计局/农业部官网（待手动补）,,TODO: 填真实零售价(本币)
chicken,TH,2024-06,,,kg,0.35,该国统计局/农业部官网（待手动补）,,TODO: 填真实零售价(本币)
chicken,TH,2024-07,,,kg,0.35,该国统计局/农业部官网（待手动补）,,TODO: 填真实零售价(本币)
chicken,TH,2024-08,,,kg,0.35,该国统计局/农业部官网（待手动补）,,TODO: 填真实零售价(本币)
chicken,TH,2024-09,,,kg,0.35,该国统计局/农业部官网（待手动补）,,TODO: 填真实零售价(本币)
chicken,TH,2024-10,,,kg,0.35,该国统计局/农业部官网（待手动补）,,TODO: 填真实零售价(本币)
chicken,TH,2024-11,,,kg,0.35,该国统计局/农业部官网（待手动补）,,TODO: 填真实零售价(本币)
chicken,TH,2024-12,,,kg,0.35,该国统计局/农业部官网（待手动补）,,TODO: 填真实零售价(本币)
chicken,TH,2025-01,,,kg,0.35,该国统计局/农业部官网（待手动补）,,TODO: 填真实零售价(本币)
chicken,TH,2025-02,,,kg,0.35,该国统计局/农业部官网（待手动补）,,TODO: 填真实零售价(本币)
chicken,TH,2025-03,,,kg,0.35,该国统计局/农业部官网（待手动补）,,TODO: 填真实零售价(本币)
chicken,TH,2025-04,,,kg,0.35,该国统计局/农业部官网（待手动补）,,TODO: 填真实零售价(本币)
chicken,TH,2025-05,,,kg,0.35,该国统计局/农业部官网（待手动补）,,TODO: 填真实零售价(本币)
chicken,TH,2025-06,,,kg,0.35,该国统计局/农业部官网（待手动补）,,TODO: 填真实零售价(本币)
chicken,TH,2025-07,,,kg,0.35,该国统计局/农业部官网（待手动补）,,TODO: 填真实零售价(本币)
chicken,TH,2025-08,,,kg,0.35,该国统计局/农业部官网（待手动补）,,TODO: 填真实零售价(本币)
chicken,TH,2025-09,,,kg,0.35,该国统计局/农业部官网（待手动补）,,TODO: 填真实零售价(本币)
chicken,TH,2025-10,,,kg,0.35,该国统计局/农业部官网（待手动补）,,TODO: 填真实零售价(本币)
chicken,TH,2025-11,,,kg,0.35,该国统计局/农业部官网（待手动补）,,TODO: 填真实零售价(本币)
chicken,TH,2025-12,,,kg,0.35,该国统计局/农业部官网（待手动补）,,TODO: 填真实零售价(本币)
chicken,TH,2026-01,,,kg,0.35,该国统计局/农业部官网（待手动补）,,TODO: 填真实零售价(本币)
chicken,TH,2026-02,,,kg,0.35,该国统计局/农业部官网（待手动补）,,TODO: 填真实零售价(本币)
chicken,TH,2026-03,,,kg,0.35,该国统计局/农业部官网（待手动补）,,TODO: 填真实零售价(本币)
chicken,TH,2026-04,,,kg,0.35,该国统计局/农业部官网（待手动补）,,TODO: 填真实零售价(本币)
chicken,TH,2026-05,,,kg,0.35,该国统计局/农业部官网（待手动补）,,TODO: 填真实零售价(本币)
chicken,TH,2026-06,,,kg,0.35,该国统计局/农业部官网（待手动补）,,TODO: 填真实零售价(本币)
chicken,TH,2026-07,,,kg,0.35,该国统计局/农业部官网（待手动补）,,TODO: 填真实零售价(本币)
chicken,TH,2026-08,,,kg,0.35,该国统计局/农业部官网（待手动补）,,TODO: 填真实零售价(本币)
chicken,MM,2021-01,,,kg,0.35,该国统计局/农业部官网（待手动补）,,TODO: 填真实零售价(本币)
chicken,MM,2021-02,,,kg,0.35,该国统计局/农业部官网（待手动补）,,TODO: 填真实零售价(本币)
chicken,MM,2021-03,,,kg,0.35,该国统计局/农业部官网（待手动补）,,TODO: 填真实零售价(本币)
chicken,MM,2021-04,,,kg,0.35,该国统计局/农业部官网（待手动补）,,TODO: 填真实零售价(本币)
chicken,MM,2021-05,,,kg,0.35,该国统计局/农业部官网（待手动补）,,TODO: 填真实零售价(本币)
chicken,MM,2021-06,,,kg,0.35,该国统计局/农业部官网（待手动补）,,TODO: 填真实零售价(本币)
chicken,MM,2021-07,,,kg,0.35,该国统计局/农业部官网（待手动补）,,TODO: 填真实零售价(本币)
chicken,MM,2021-08,,,kg,0.35,该国统计局/农业部官网（待手动补）,,TODO: 填真实零售价(本币)
chicken,MM,2021-09,,,kg,0.35,该国统计局/农业部官网（待手动补）,,TODO: 填真实零售价(本币)
chicken,MM,2021-10,,,kg,0.35,该国统计局/农业部官网（待手动补）,,TODO: 填真实零售价(本币)
chicken,MM,2021-11,,,kg,0.35,该国统计局/农业部官网（待手动补）,,TODO: 填真实零售价(本币)
chicken,MM,2021-12,,,kg,0.35,该国统计局/农业部官网（待手动补）,,TODO: 填真实零售价(本币)
chicken,MM,2022-01,,,kg,0.35,该国统计局/农业部官网（待手动补）,,TODO: 填真实零售价(本币)
chicken,MM,2022-02,,,kg,0.35,该国统计局/农业部官网（待手动补）,,TODO: 填真实零售价(本币)
chicken,MM,2022-03,,,kg,0.35,该国统计局/农业部官网（待手动补）,,TODO: 填真实零售价(本币)
chicken,MM,2022-04,,,kg,0.35,该国统计局/农业部官网（待手动补）,,TODO: 填真实零售价(本币)
chicken,MM,2022-05,,,kg,0.35,该国统计局/农业部官网（待手动补）,,TODO: 填真实零售价(本币)
chicken,MM,2022-06,,,kg,0.35,该国统计局/农业部官网（待手动补）,,TODO: 填真实零售价(本币)
chicken,MM,2022-07,,,kg,0.35,该国统计局/农业部官网（待手动补）,,TODO: 填真实零售价(本币)
chicken,MM,2022-08,,,kg,0.35,该国统计局/农业部官网（待手动补）,,TODO: 填真实零售价(本币)
chicken,MM,2022-09,,,kg,0.35,该国统计局/农业部官网（待手动补）,,TODO: 填真实零售价(本币)
chicken,MM,2022-10,,,kg,0.35,该国统计局/农业部官网（待手动补）,,TODO: 填真实零售价(本币)
chicken,MM,2022-11,,,kg,0.35,该国统计局/农业部官网（待手动补）,,TODO: 填真实零售价(本币)
chicken,MM,2022-12,,,kg,0.35,该国统计局/农业部官网（待手动补）,,TODO: 填真实零售价(本币)
chicken,MM,2023-01,,,kg,0.35,该国统计局/农业部官网（待手动补）,,TODO: 填真实零售价(本币)
chicken,MM,2023-02,,,kg,0.35,该国统计局/农业部官网（待手动补）,,TODO: 填真实零售价(本币)
chicken,MM,2023-03,,,kg,0.35,该国统计局/农业部官网（待手动补）,,TODO: 填真实零售价(本币)
chicken,MM,2023-04,,,kg,0.35,该国统计局/农业部官网（待手动补）,,TODO: 填真实零售价(本币)
chicken,MM,2023-05,,,kg,0.35,该国统计局/农业部官网（待手动补）,,TODO: 填真实零售价(本币)
chicken,MM,2023-06,,,kg,0.35,该国统计局/农业部官网（待手动补）,,TODO: 填真实零售价(本币)
chicken,MM,2023-07,,,kg,0.35,该国统计局/农业部官网（待手动补）,,TODO: 填真实零售价(本币)
chicken,MM,2023-08,,,kg,0.35,该国统计局/农业部官网（待手动补）,,TODO: 填真实零售价(本币)
chicken,MM,2023-09,,,kg,0.35,该国统计局/农业部官网（待手动补）,,TODO: 填真实零售价(本币)
chicken,MM,2023-10,,,kg,0.35,该国统计局/农业部官网（待手动补）,,TODO: 填真实零售价(本币)
chicken,MM,2023-11,,,kg,0.35,该国统计局/农业部官网（待手动补）,,TODO: 填真实零售价(本币)
chicken,MM,2023-12,,,kg,0.35,该国统计局/农业部官网（待手动补）,,TODO: 填真实零售价(本币)
chicken,MM,2024-01,,,kg,0.35,该国统计局/农业部官网（待手动补）,,TODO: 填真实零售价(本币)
chicken,MM,2024-02,,,kg,0.35,该国统计局/农业部官网（待手动补）,,TODO: 填真实零售价(本币)
chicken,MM,2024-03,,,kg,0.35,该国统计局/农业部官网（待手动补）,,TODO: 填真实零售价(本币)
chicken,MM,2024-04,,,kg,0.35,该国统计局/农业部官网（待手动补）,,TODO: 填真实零售价(本币)
chicken,MM,2024-05,,,kg,0.35,该国统计局/农业部官网（待手动补）,,TODO: 填真实零售价(本币)
chicken,MM,2024-06,,,kg,0.35,该国统计局/农业部官网（待手动补）,,TODO: 填真实零售价(本币)
chicken,MM,2024-07,,,kg,0.35,该国统计局/农业部官网（待手动补）,,TODO: 填真实零售价(本币)
chicken,MM,2024-08,,,kg,0.35,该国统计局/农业部官网（待手动补）,,TODO: 填真实零售价(本币)
chicken,MM,2024-09,,,kg,0.35,该国统计局/农业部官网（待手动补）,,TODO: 填真实零售价(本币)
chicken,MM,2024-10,,,kg,0.35,该国统计局/农业部官网（待手动补）,,TODO: 填真实零售价(本币)
chicken,MM,2024-11,,,kg,0.35,该国统计局/农业部官网（待手动补）,,TODO: 填真实零售价(本币)
chicken,MM,2024-12,,,kg,0.35,该国统计局/农业部官网（待手动补）,,TODO: 填真实零售价(本币)
chicken,MM,2025-01,,,kg,0.35,该国统计局/农业部官网（待手动补）,,TODO: 填真实零售价(本币)
chicken,MM,2025-02,,,kg,0.35,该国统计局/农业部官网（待手动补）,,TODO: 填真实零售价(本币)
chicken,MM,2025-03,,,kg,0.35,该国统计局/农业部官网（待手动补）,,TODO: 填真实零售价(本币)
chicken,MM,2025-04,,,kg,0.35,该国统计局/农业部官网（待手动补）,,TODO: 填真实零售价(本币)
chicken,MM,2025-05,,,kg,0.35,该国统计局/农业部官网（待手动补）,,TODO: 填真实零售价(本币)
chicken,MM,2025-06,,,kg,0.35,该国统计局/农业部官网（待手动补）,,TODO: 填真实零售价(本币)
chicken,MM,2025-07,,,kg,0.35,该国统计局/农业部官网（待手动补）,,TODO: 填真实零售价(本币)
chicken,MM,2025-08,,,kg,0.35,该国统计局/农业部官网（待手动补）,,TODO: 填真实零售价(本币)
chicken,MM,2025-09,,,kg,0.35,该国统计局/农业部官网（待手动补）,,TODO: 填真实零售价(本币)
chicken,MM,2025-10,,,kg,0.35,该国统计局/农业部官网（待手动补）,,TODO: 填真实零售价(本币)
chicken,MM,2025-11,,,kg,0.35,该国统计局/农业部官网（待手动补）,,TODO: 填真实零售价(本币)
chicken,MM,2025-12,,,kg,0.35,该国统计局/农业部官网（待手动补）,,TODO: 填真实零售价(本币)
chicken,MM,2026-01,,,kg,0.35,该国统计局/农业部官网（待手动补）,,TODO: 填真实零售价(本币)
chicken,MM,2026-02,,,kg,0.35,该国统计局/农业部官网（待手动补）,,TODO: 填真实零售价(本币)
chicken,MM,2026-03,,,kg,0.35,该国统计局/农业部官网（待手动补）,,TODO: 填真实零售价(本币)
chicken,MM,2026-04,,,kg,0.35,该国统计局/农业部官网（待手动补）,,TODO: 填真实零售价(本币)
chicken,MM,2026-05,,,kg,0.35,该国统计局/农业部官网（待手动补）,,TODO: 填真实零售价(本币)
chicken,MM,2026-06,,,kg,0.35,该国统计局/农业部官网（待手动补）,,TODO: 填真实零售价(本币)
chicken,MM,2026-07,,,kg,0.35,该国统计局/农业部官网（待手动补）,,TODO: 填真实零售价(本币)
chicken,MM,2026-08,,,kg,0.35,该国统计局/农业部官网（待手动补）,,TODO: 填真实零售价(本币)
chicken,LA,2021-01,,,kg,0.35,该国统计局/农业部官网（待手动补）,,TODO: 填真实零售价(本币)
chicken,LA,2021-02,,,kg,0.35,该国统计局/农业部官网（待手动补）,,TODO: 填真实零售价(本币)
chicken,LA,2021-03,,,kg,0.35,该国统计局/农业部官网（待手动补）,,TODO: 填真实零售价(本币)
chicken,LA,2021-04,,,kg,0.35,该国统计局/农业部官网（待手动补）,,TODO: 填真实零售价(本币)
chicken,LA,2021-05,,,kg,0.35,该国统计局/农业部官网（待手动补）,,TODO: 填真实零售价(本币)
chicken,LA,2021-06,,,kg,0.35,该国统计局/农业部官网（待手动补）,,TODO: 填真实零售价(本币)
chicken,LA,2021-07,,,kg,0.35,该国统计局/农业部官网（待手动补）,,TODO: 填真实零售价(本币)
chicken,LA,2021-08,,,kg,0.35,该国统计局/农业部官网（待手动补）,,TODO: 填真实零售价(本币)
chicken,LA,2021-09,,,kg,0.35,该国统计局/农业部官网（待手动补）,,TODO: 填真实零售价(本币)
chicken,LA,2021-10,,,kg,0.35,该国统计局/农业部官网（待手动补）,,TODO: 填真实零售价(本币)
chicken,LA,2021-11,,,kg,0.35,该国统计局/农业部官网（待手动补）,,TODO: 填真实零售价(本币)
chicken,LA,2021-12,,,kg,0.35,该国统计局/农业部官网（待手动补）,,TODO: 填真实零售价(本币)
chicken,LA,2022-01,,,kg,0.35,该国统计局/农业部官网（待手动补）,,TODO: 填真实零售价(本币)
chicken,LA,2022-02,,,kg,0.35,该国统计局/农业部官网（待手动补）,,TODO: 填真实零售价(本币)
chicken,LA,2022-03,,,kg,0.35,该国统计局/农业部官网（待手动补）,,TODO: 填真实零售价(本币)
chicken,LA,2022-04,,,kg,0.35,该国统计局/农业部官网（待手动补）,,TODO: 填真实零售价(本币)
chicken,LA,2022-05,,,kg,0.35,该国统计局/农业部官网（待手动补）,,TODO: 填真实零售价(本币)
chicken,LA,2022-06,,,kg,0.35,该国统计局/农业部官网（待手动补）,,TODO: 填真实零售价(本币)
chicken,LA,2022-07,,,kg,0.35,该国统计局/农业部官网（待手动补）,,TODO: 填真实零售价(本币)
chicken,LA,2022-08,,,kg,0.35,该国统计局/农业部官网（待手动补）,,TODO: 填真实零售价(本币)
chicken,LA,2022-09,,,kg,0.35,该国统计局/农业部官网（待手动补）,,TODO: 填真实零售价(本币)
chicken,LA,2022-10,,,kg,0.35,该国统计局/农业部官网（待手动补）,,TODO: 填真实零售价(本币)
chicken,LA,2022-11,,,kg,0.35,该国统计局/农业部官网（待手动补）,,TODO: 填真实零售价(本币)
chicken,LA,2022-12,,,kg,0.35,该国统计局/农业部官网（待手动补）,,TODO: 填真实零售价(本币)
chicken,LA,2023-01,,,kg,0.35,该国统计局/农业部官网（待手动补）,,TODO: 填真实零售价(本币)
chicken,LA,2023-02,,,kg,0.35,该国统计局/农业部官网（待手动补）,,TODO: 填真实零售价(本币)
chicken,LA,2023-03,,,kg,0.35,该国统计局/农业部官网（待手动补）,,TODO: 填真实零售价(本币)
chicken,LA,2023-04,,,kg,0.35,该国统计局/农业部官网（待手动补）,,TODO: 填真实零售价(本币)
chicken,LA,2023-05,,,kg,0.35,该国统计局/农业部官网（待手动补）,,TODO: 填真实零售价(本币)
chicken,LA,2023-06,,,kg,0.35,该国统计局/农业部官网（待手动补）,,TODO: 填真实零售价(本币)
chicken,LA,2023-07,,,kg,0.35,该国统计局/农业部官网（待手动补）,,TODO: 填真实零售价(本币)
chicken,LA,2023-08,,,kg,0.35,该国统计局/农业部官网（待手动补）,,TODO: 填真实零售价(本币)
chicken,LA,2023-09,,,kg,0.35,该国统计局/农业部官网（待手动补）,,TODO: 填真实零售价(本币)
chicken,LA,2023-10,,,kg,0.35,该国统计局/农业部官网（待手动补）,,TODO: 填真实零售价(本币)
chicken,LA,2023-11,,,kg,0.35,该国统计局/农业部官网（待手动补）,,TODO: 填真实零售价(本币)
chicken,LA,2023-12,,,kg,0.35,该国统计局/农业部官网（待手动补）,,TODO: 填真实零售价(本币)
chicken,LA,2024-01,,,kg,0.35,该国统计局/农业部官网（待手动补）,,TODO: 填真实零售价(本币)
chicken,LA,2024-02,,,kg,0.35,该国统计局/农业部官网（待手动补）,,TODO: 填真实零售价(本币)
chicken,LA,2024-03,,,kg,0.35,该国统计局/农业部官网（待手动补）,,TODO: 填真实零售价(本币)
chicken,LA,2024-04,,,kg,0.35,该国统计局/农业部官网（待手动补）,,TODO: 填真实零售价(本币)
chicken,LA,2024-05,,,kg,0.35,该国统计局/农业部官网（待手动补）,,TODO: 填真实零售价(本币)
chicken,LA,2024-06,,,kg,0.35,该国统计局/农业部官网（待手动补）,,TODO: 填真实零售价(本币)
chicken,LA,2024-07,,,kg,0.35,该国统计局/农业部官网（待手动补）,,TODO: 填真实零售价(本币)
chicken,LA,2024-08,,,kg,0.35,该国统计局/农业部官网（待手动补）,,TODO: 填真实零售价(本币)
chicken,LA,2024-09,,,kg,0.35,该国统计局/农业部官网（待手动补）,,TODO: 填真实零售价(本币)
chicken,LA,2024-10,,,kg,0.35,该国统计局/农业部官网（待手动补）,,TODO: 填真实零售价(本币)
chicken,LA,2024-11,,,kg,0.35,该国统计局/农业部官网（待手动补）,,TODO: 填真实零售价(本币)
chicken,LA,2024-12,,,kg,0.35,该国统计局/农业部官网（待手动补）,,TODO: 填真实零售价(本币)
chicken,LA,2025-01,,,kg,0.35,该国统计局/农业部官网（待手动补）,,TODO: 填真实零售价(本币)
chicken,LA,2025-02,,,kg,0.35,该国统计局/农业部官网（待手动补）,,TODO: 填真实零售价(本币)
chicken,LA,2025-03,,,kg,0.35,该国统计局/农业部官网（待手动补）,,TODO: 填真实零售价(本币)
chicken,LA,2025-04,,,kg,0.35,该国统计局/农业部官网（待手动补）,,TODO: 填真实零售价(本币)
chicken,LA,2025-05,,,kg,0.35,该国统计局/农业部官网（待手动补）,,TODO: 填真实零售价(本币)
chicken,LA,2025-06,,,kg,0.35,该国统计局/农业部官网（待手动补）,,TODO: 填真实零售价(本币)
chicken,LA,2025-07,,,kg,0.35,该国统计局/农业部官网（待手动补）,,TODO: 填真实零售价(本币)
chicken,LA,2025-08,,,kg,0.35,该国统计局/农业部官网（待手动补）,,TODO: 填真实零售价(本币)
chicken,LA,2025-09,,,kg,0.35,该国统计局/农业部官网（待手动补）,,TODO: 填真实零售价(本币)
chicken,LA,2025-10,,,kg,0.35,该国统计局/农业部官网（待手动补）,,TODO: 填真实零售价(本币)
chicken,LA,2025-11,,,kg,0.35,该国统计局/农业部官网（待手动补）,,TODO: 填真实零售价(本币)
chicken,LA,2025-12,,,kg,0.35,该国统计局/农业部官网（待手动补）,,TODO: 填真实零售价(本币)
chicken,LA,2026-01,,,kg,0.35,该国统计局/农业部官网（待手动补）,,TODO: 填真实零售价(本币)
chicken,LA,2026-02,,,kg,0.35,该国统计局/农业部官网（待手动补）,,TODO: 填真实零售价(本币)
chicken,LA,2026-03,,,kg,0.35,该国统计局/农业部官网（待手动补）,,TODO: 填真实零售价(本币)
chicken,LA,2026-04,,,kg,0.35,该国统计局/农业部官网（待手动补）,,TODO: 填真实零售价(本币)
chicken,LA,2026-05,,,kg,0.35,该国统计局/农业部官网（待手动补）,,TODO: 填真实零售价(本币)
chicken,LA,2026-06,,,kg,0.35,该国统计局/农业部官网（待手动补）,,TODO: 填真实零售价(本币)
chicken,LA,2026-07,,,kg,0.35,该国统计局/农业部官网（待手动补）,,TODO: 填真实零售价(本币)
chicken,LA,2026-08,,,kg,0.35,该国统计局/农业部官网（待手动补）,,TODO: 填真实零售价(本币)
chicken,KH,2021-01,,,kg,0.35,该国统计局/农业部官网（待手动补）,,TODO: 填真实零售价(本币)
chicken,KH,2021-02,,,kg,0.35,该国统计局/农业部官网（待手动补）,,TODO: 填真实零售价(本币)
chicken,KH,2021-03,,,kg,0.35,该国统计局/农业部官网（待手动补）,,TODO: 填真实零售价(本币)
chicken,KH,2021-04,,,kg,0.35,该国统计局/农业部官网（待手动补）,,TODO: 填真实零售价(本币)
chicken,KH,2021-05,,,kg,0.35,该国统计局/农业部官网（待手动补）,,TODO: 填真实零售价(本币)
chicken,KH,2021-06,,,kg,0.35,该国统计局/农业部官网（待手动补）,,TODO: 填真实零售价(本币)
chicken,KH,2021-07,,,kg,0.35,该国统计局/农业部官网（待手动补）,,TODO: 填真实零售价(本币)
chicken,KH,2021-08,,,kg,0.35,该国统计局/农业部官网（待手动补）,,TODO: 填真实零售价(本币)
chicken,KH,2021-09,,,kg,0.35,该国统计局/农业部官网（待手动补）,,TODO: 填真实零售价(本币)
chicken,KH,2021-10,,,kg,0.35,该国统计局/农业部官网（待手动补）,,TODO: 填真实零售价(本币)
chicken,KH,2021-11,,,kg,0.35,该国统计局/农业部官网（待手动补）,,TODO: 填真实零售价(本币)
chicken,KH,2021-12,,,kg,0.35,该国统计局/农业部官网（待手动补）,,TODO: 填真实零售价(本币)
chicken,KH,2022-01,,,kg,0.35,该国统计局/农业部官网（待手动补）,,TODO: 填真实零售价(本币)
chicken,KH,2022-02,,,kg,0.35,该国统计局/农业部官网（待手动补）,,TODO: 填真实零售价(本币)
chicken,KH,2022-03,,,kg,0.35,该国统计局/农业部官网（待手动补）,,TODO: 填真实零售价(本币)
chicken,KH,2022-04,,,kg,0.35,该国统计局/农业部官网（待手动补）,,TODO: 填真实零售价(本币)
chicken,KH,2022-05,,,kg,0.35,该国统计局/农业部官网（待手动补）,,TODO: 填真实零售价(本币)
chicken,KH,2022-06,,,kg,0.35,该国统计局/农业部官网（待手动补）,,TODO: 填真实零售价(本币)
chicken,KH,2022-07,,,kg,0.35,该国统计局/农业部官网（待手动补）,,TODO: 填真实零售价(本币)
chicken,KH,2022-08,,,kg,0.35,该国统计局/农业部官网（待手动补）,,TODO: 填真实零售价(本币)
chicken,KH,2022-09,,,kg,0.35,该国统计局/农业部官网（待手动补）,,TODO: 填真实零售价(本币)
chicken,KH,2022-10,,,kg,0.35,该国统计局/农业部官网（待手动补）,,TODO: 填真实零售价(本币)
chicken,KH,2022-11,,,kg,0.35,该国统计局/农业部官网（待手动补）,,TODO: 填真实零售价(本币)
chicken,KH,2022-12,,,kg,0.35,该国统计局/农业部官网（待手动补）,,TODO: 填真实零售价(本币)
chicken,KH,2023-01,,,kg,0.35,该国统计局/农业部官网（待手动补）,,TODO: 填真实零售价(本币)
chicken,KH,2023-02,,,kg,0.35,该国统计局/农业部官网（待手动补）,,TODO: 填真实零售价(本币)
chicken,KH,2023-03,,,kg,0.35,该国统计局/农业部官网（待手动补）,,TODO: 填真实零售价(本币)
chicken,KH,2023-04,,,kg,0.35,该国统计局/农业部官网（待手动补）,,TODO: 填真实零售价(本币)
chicken,KH,2023-05,,,kg,0.35,该国统计局/农业部官网（待手动补）,,TODO: 填真实零售价(本币)
chicken,KH,2023-06,,,kg,0.35,该国统计局/农业部官网（待手动补）,,TODO: 填真实零售价(本币)
chicken,KH,2023-07,,,kg,0.35,该国统计局/农业部官网（待手动补）,,TODO: 填真实零售价(本币)
chicken,KH,2023-08,,,kg,0.35,该国统计局/农业部官网（待手动补）,,TODO: 填真实零售价(本币)
chicken,KH,2023-09,,,kg,0.35,该国统计局/农业部官网（待手动补）,,TODO: 填真实零售价(本币)
chicken,KH,2023-10,,,kg,0.35,该国统计局/农业部官网（待手动补）,,TODO: 填真实零售价(本币)
chicken,KH,2023-11,,,kg,0.35,该国统计局/农业部官网（待手动补）,,TODO: 填真实零售价(本币)
chicken,KH,2023-12,,,kg,0.35,该国统计局/农业部官网（待手动补）,,TODO: 填真实零售价(本币)
chicken,KH,2024-01,,,kg,0.35,该国统计局/农业部官网（待手动补）,,TODO: 填真实零售价(本币)
chicken,KH,2024-02,,,kg,0.35,该国统计局/农业部官网（待手动补）,,TODO: 填真实零售价(本币)
chicken,KH,2024-03,,,kg,0.35,该国统计局/农业部官网（待手动补）,,TODO: 填真实零售价(本币)
chicken,KH,2024-04,,,kg,0.35,该国统计局/农业部官网（待手动补）,,TODO: 填真实零售价(本币)
chicken,KH,2024-05,,,kg,0.35,该国统计局/农业部官网（待手动补）,,TODO: 填真实零售价(本币)
chicken,KH,2024-06,,,kg,0.35,该国统计局/农业部官网（待手动补）,,TODO: 填真实零售价(本币)
chicken,KH,2024-07,,,kg,0.35,该国统计局/农业部官网（待手动补）,,TODO: 填真实零售价(本币)
chicken,KH,2024-08,,,kg,0.35,该国统计局/农业部官网（待手动补）,,TODO: 填真实零售价(本币)
chicken,KH,2024-09,,,kg,0.35,该国统计局/农业部官网（待手动补）,,TODO: 填真实零售价(本币)
chicken,KH,2024-10,,,kg,0.35,该国统计局/农业部官网（待手动补）,,TODO: 填真实零售价(本币)
chicken,KH,2024-11,,,kg,0.35,该国统计局/农业部官网（待手动补）,,TODO: 填真实零售价(本币)
chicken,KH,2024-12,,,kg,0.35,该国统计局/农业部官网（待手动补）,,TODO: 填真实零售价(本币)
chicken,KH,2025-01,,,kg,0.35,该国统计局/农业部官网（待手动补）,,TODO: 填真实零售价(本币)
chicken,KH,2025-02,,,kg,0.35,该国统计局/农业部官网（待手动补）,,TODO: 填真实零售价(本币)
chicken,KH,2025-03,,,kg,0.35,该国统计局/农业部官网（待手动补）,,TODO: 填真实零售价(本币)
chicken,KH,2025-04,,,kg,0.35,该国统计局/农业部官网（待手动补）,,TODO: 填真实零售价(本币)
chicken,KH,2025-05,,,kg,0.35,该国统计局/农业部官网（待手动补）,,TODO: 填真实零售价(本币)
chicken,KH,2025-06,,,kg,0.35,该国统计局/农业部官网（待手动补）,,TODO: 填真实零售价(本币)
chicken,KH,2025-07,,,kg,0.35,该国统计局/农业部官网（待手动补）,,TODO: 填真实零售价(本币)
chicken,KH,2025-08,,,kg,0.35,该国统计局/农业部官网（待手动补）,,TODO: 填真实零售价(本币)
chicken,KH,2025-09,,,kg,0.35,该国统计局/农业部官网（待手动补）,,TODO: 填真实零售价(本币)
chicken,KH,2025-10,,,kg,0.35,该国统计局/农业部官网（待手动补）,,TODO: 填真实零售价(本币)
chicken,KH,2025-11,,,kg,0.35,该国统计局/农业部官网（待手动补）,,TODO: 填真实零售价(本币)
chicken,KH,2025-12,,,kg,0.35,该国统计局/农业部官网（待手动补）,,TODO: 填真实零售价(本币)
chicken,KH,2026-01,,,kg,0.35,该国统计局/农业部官网（待手动补）,,TODO: 填真实零售价(本币)
chicken,KH,2026-02,,,kg,0.35,该国统计局/农业部官网（待手动补）,,TODO: 填真实零售价(本币)
chicken,KH,2026-03,,,kg,0.35,该国统计局/农业部官网（待手动补）,,TODO: 填真实零售价(本币)
chicken,KH,2026-04,,,kg,0.35,该国统计局/农业部官网（待手动补）,,TODO: 填真实零售价(本币)
chicken,KH,2026-05,,,kg,0.35,该国统计局/农业部官网（待手动补）,,TODO: 填真实零售价(本币)
chicken,KH,2026-06,,,kg,0.35,该国统计局/农业部官网（待手动补）,,TODO: 填真实零售价(本币)
chicken,KH,2026-07,,,kg,0.35,该国统计局/农业部官网（待手动补）,,TODO: 填真实零售价(本币)
chicken,KH,2026-08,,,kg,0.35,该国统计局/农业部官网（待手动补）,,TODO: 填真实零售价(本币)
chicken,IN,2021-01,,,kg,0.35,该国统计局/农业部官网（待手动补）,,TODO: 填真实零售价(本币)
chicken,IN,2021-02,,,kg,0.35,该国统计局/农业部官网（待手动补）,,TODO: 填真实零售价(本币)
chicken,IN,2021-03,,,kg,0.35,该国统计局/农业部官网（待手动补）,,TODO: 填真实零售价(本币)
chicken,IN,2021-04,,,kg,0.35,该国统计局/农业部官网（待手动补）,,TODO: 填真实零售价(本币)
chicken,IN,2021-05,,,kg,0.35,该国统计局/农业部官网（待手动补）,,TODO: 填真实零售价(本币)
chicken,IN,2021-06,,,kg,0.35,该国统计局/农业部官网（待手动补）,,TODO: 填真实零售价(本币)
chicken,IN,2021-07,,,kg,0.35,该国统计局/农业部官网（待手动补）,,TODO: 填真实零售价(本币)
chicken,IN,2021-08,,,kg,0.35,该国统计局/农业部官网（待手动补）,,TODO: 填真实零售价(本币)
chicken,IN,2021-09,,,kg,0.35,该国统计局/农业部官网（待手动补）,,TODO: 填真实零售价(本币)
chicken,IN,2021-10,,,kg,0.35,该国统计局/农业部官网（待手动补）,,TODO: 填真实零售价(本币)
chicken,IN,2021-11,,,kg,0.35,该国统计局/农业部官网（待手动补）,,TODO: 填真实零售价(本币)
chicken,IN,2021-12,,,kg,0.35,该国统计局/农业部官网（待手动补）,,TODO: 填真实零售价(本币)
chicken,IN,2022-01,,,kg,0.35,该国统计局/农业部官网（待手动补）,,TODO: 填真实零售价(本币)
chicken,IN,2022-02,,,kg,0.35,该国统计局/农业部官网（待手动补）,,TODO: 填真实零售价(本币)
chicken,IN,2022-03,,,kg,0.35,该国统计局/农业部官网（待手动补）,,TODO: 填真实零售价(本币)
chicken,IN,2022-04,,,kg,0.35,该国统计局/农业部官网（待手动补）,,TODO: 填真实零售价(本币)
chicken,IN,2022-05,,,kg,0.35,该国统计局/农业部官网（待手动补）,,TODO: 填真实零售价(本币)
chicken,IN,2022-06,,,kg,0.35,该国统计局/农业部官网（待手动补）,,TODO: 填真实零售价(本币)
chicken,IN,2022-07,,,kg,0.35,该国统计局/农业部官网（待手动补）,,TODO: 填真实零售价(本币)
chicken,IN,2022-08,,,kg,0.35,该国统计局/农业部官网（待手动补）,,TODO: 填真实零售价(本币)
chicken,IN,2022-09,,,kg,0.35,该国统计局/农业部官网（待手动补）,,TODO: 填真实零售价(本币)
chicken,IN,2022-10,,,kg,0.35,该国统计局/农业部官网（待手动补）,,TODO: 填真实零售价(本币)
chicken,IN,2022-11,,,kg,0.35,该国统计局/农业部官网（待手动补）,,TODO: 填真实零售价(本币)
chicken,IN,2022-12,,,kg,0.35,该国统计局/农业部官网（待手动补）,,TODO: 填真实零售价(本币)
chicken,IN,2023-01,,,kg,0.35,该国统计局/农业部官网（待手动补）,,TODO: 填真实零售价(本币)
chicken,IN,2023-02,,,kg,0.35,该国统计局/农业部官网（待手动补）,,TODO: 填真实零售价(本币)
chicken,IN,2023-03,,,kg,0.35,该国统计局/农业部官网（待手动补）,,TODO: 填真实零售价(本币)
chicken,IN,2023-04,,,kg,0.35,该国统计局/农业部官网（待手动补）,,TODO: 填真实零售价(本币)
chicken,IN,2023-05,,,kg,0.35,该国统计局/农业部官网（待手动补）,,TODO: 填真实零售价(本币)
chicken,IN,2023-06,,,kg,0.35,该国统计局/农业部官网（待手动补）,,TODO: 填真实零售价(本币)
chicken,IN,2023-07,,,kg,0.35,该国统计局/农业部官网（待手动补）,,TODO: 填真实零售价(本币)
chicken,IN,2023-08,,,kg,0.35,该国统计局/农业部官网（待手动补）,,TODO: 填真实零售价(本币)
chicken,IN,2023-09,,,kg,0.35,该国统计局/农业部官网（待手动补）,,TODO: 填真实零售价(本币)
chicken,IN,2023-10,,,kg,0.35,该国统计局/农业部官网（待手动补）,,TODO: 填真实零售价(本币)
chicken,IN,2023-11,,,kg,0.35,该国统计局/农业部官网（待手动补）,,TODO: 填真实零售价(本币)
chicken,IN,2023-12,,,kg,0.35,该国统计局/农业部官网（待手动补）,,TODO: 填真实零售价(本币)
chicken,IN,2024-01,,,kg,0.35,该国统计局/农业部官网（待手动补）,,TODO: 填真实零售价(本币)
chicken,IN,2024-02,,,kg,0.35,该国统计局/农业部官网（待手动补）,,TODO: 填真实零售价(本币)
chicken,IN,2024-03,,,kg,0.35,该国统计局/农业部官网（待手动补）,,TODO: 填真实零售价(本币)
chicken,IN,2024-04,,,kg,0.35,该国统计局/农业部官网（待手动补）,,TODO: 填真实零售价(本币)
chicken,IN,2024-05,,,kg,0.35,该国统计局/农业部官网（待手动补）,,TODO: 填真实零售价(本币)
chicken,IN,2024-06,,,kg,0.35,该国统计局/农业部官网（待手动补）,,TODO: 填真实零售价(本币)
chicken,IN,2024-07,,,kg,0.35,该国统计局/农业部官网（待手动补）,,TODO: 填真实零售价(本币)
chicken,IN,2024-08,,,kg,0.35,该国统计局/农业部官网（待手动补）,,TODO: 填真实零售价(本币)
chicken,IN,2024-09,,,kg,0.35,该国统计局/农业部官网（待手动补）,,TODO: 填真实零售价(本币)
chicken,IN,2024-10,,,kg,0.35,该国统计局/农业部官网（待手动补）,,TODO: 填真实零售价(本币)
chicken,IN,2024-11,,,kg,0.35,该国统计局/农业部官网（待手动补）,,TODO: 填真实零售价(本币)
chicken,IN,2024-12,,,kg,0.35,该国统计局/农业部官网（待手动补）,,TODO: 填真实零售价(本币)
chicken,IN,2025-01,,,kg,0.35,该国统计局/农业部官网（待手动补）,,TODO: 填真实零售价(本币)
chicken,IN,2025-02,,,kg,0.35,该国统计局/农业部官网（待手动补）,,TODO: 填真实零售价(本币)
chicken,IN,2025-03,,,kg,0.35,该国统计局/农业部官网（待手动补）,,TODO: 填真实零售价(本币)
chicken,IN,2025-04,,,kg,0.35,该国统计局/农业部官网（待手动补）,,TODO: 填真实零售价(本币)
chicken,IN,2025-05,,,kg,0.35,该国统计局/农业部官网（待手动补）,,TODO: 填真实零售价(本币)
chicken,IN,2025-06,,,kg,0.35,该国统计局/农业部官网（待手动补）,,TODO: 填真实零售价(本币)
chicken,IN,2025-07,,,kg,0.35,该国统计局/农业部官网（待手动补）,,TODO: 填真实零售价(本币)
chicken,IN,2025-08,,,kg,0.35,该国统计局/农业部官网（待手动补）,,TODO: 填真实零售价(本币)
chicken,IN,2025-09,,,kg,0.35,该国统计局/农业部官网（待手动补）,,TODO: 填真实零售价(本币)
chicken,IN,2025-10,,,kg,0.35,该国统计局/农业部官网（待手动补）,,TODO: 填真实零售价(本币)
chicken,IN,2025-11,,,kg,0.35,该国统计局/农业部官网（待手动补）,,TODO: 填真实零售价(本币)
chicken,IN,2025-12,,,kg,0.35,该国统计局/农业部官网（待手动补）,,TODO: 填真实零售价(本币)
chicken,IN,2026-01,,,kg,0.35,该国统计局/农业部官网（待手动补）,,TODO: 填真实零售价(本币)
chicken,IN,2026-02,,,kg,0.35,该国统计局/农业部官网（待手动补）,,TODO: 填真实零售价(本币)
chicken,IN,2026-03,,,kg,0.35,该国统计局/农业部官网（待手动补）,,TODO: 填真实零售价(本币)
chicken,IN,2026-04,,,kg,0.35,该国统计局/农业部官网（待手动补）,,TODO: 填真实零售价(本币)
chicken,IN,2026-05,,,kg,0.35,该国统计局/农业部官网（待手动补）,,TODO: 填真实零售价(本币)
chicken,IN,2026-06,,,kg,0.35,该国统计局/农业部官网（待手动补）,,TODO: 填真实零售价(本币)
chicken,IN,2026-07,,,kg,0.35,该国统计局/农业部官网（待手动补）,,TODO: 填真实零售价(本币)
chicken,IN,2026-08,,,kg,0.35,该国统计局/农业部官网（待手动补）,,TODO: 填真实零售价(本币)
chicken,BD,2021-01,,,kg,0.35,该国统计局/农业部官网（待手动补）,,TODO: 填真实零售价(本币)
chicken,BD,2021-02,,,kg,0.35,该国统计局/农业部官网（待手动补）,,TODO: 填真实零售价(本币)
chicken,BD,2021-03,,,kg,0.35,该国统计局/农业部官网（待手动补）,,TODO: 填真实零售价(本币)
chicken,BD,2021-04,,,kg,0.35,该国统计局/农业部官网（待手动补）,,TODO: 填真实零售价(本币)
chicken,BD,2021-05,,,kg,0.35,该国统计局/农业部官网（待手动补）,,TODO: 填真实零售价(本币)
chicken,BD,2021-06,,,kg,0.35,该国统计局/农业部官网（待手动补）,,TODO: 填真实零售价(本币)
chicken,BD,2021-07,,,kg,0.35,该国统计局/农业部官网（待手动补）,,TODO: 填真实零售价(本币)
chicken,BD,2021-08,,,kg,0.35,该国统计局/农业部官网（待手动补）,,TODO: 填真实零售价(本币)
chicken,BD,2021-09,,,kg,0.35,该国统计局/农业部官网（待手动补）,,TODO: 填真实零售价(本币)
chicken,BD,2021-10,,,kg,0.35,该国统计局/农业部官网（待手动补）,,TODO: 填真实零售价(本币)
chicken,BD,2021-11,,,kg,0.35,该国统计局/农业部官网（待手动补）,,TODO: 填真实零售价(本币)
chicken,BD,2021-12,,,kg,0.35,该国统计局/农业部官网（待手动补）,,TODO: 填真实零售价(本币)
chicken,BD,2022-01,,,kg,0.35,该国统计局/农业部官网（待手动补）,,TODO: 填真实零售价(本币)
chicken,BD,2022-02,,,kg,0.35,该国统计局/农业部官网（待手动补）,,TODO: 填真实零售价(本币)
chicken,BD,2022-03,,,kg,0.35,该国统计局/农业部官网（待手动补）,,TODO: 填真实零售价(本币)
chicken,BD,2022-04,,,kg,0.35,该国统计局/农业部官网（待手动补）,,TODO: 填真实零售价(本币)
chicken,BD,2022-05,,,kg,0.35,该国统计局/农业部官网（待手动补）,,TODO: 填真实零售价(本币)
chicken,BD,2022-06,,,kg,0.35,该国统计局/农业部官网（待手动补）,,TODO: 填真实零售价(本币)
chicken,BD,2022-07,,,kg,0.35,该国统计局/农业部官网（待手动补）,,TODO: 填真实零售价(本币)
chicken,BD,2022-08,,,kg,0.35,该国统计局/农业部官网（待手动补）,,TODO: 填真实零售价(本币)
chicken,BD,2022-09,,,kg,0.35,该国统计局/农业部官网（待手动补）,,TODO: 填真实零售价(本币)
chicken,BD,2022-10,,,kg,0.35,该国统计局/农业部官网（待手动补）,,TODO: 填真实零售价(本币)
chicken,BD,2022-11,,,kg,0.35,该国统计局/农业部官网（待手动补）,,TODO: 填真实零售价(本币)
chicken,BD,2022-12,,,kg,0.35,该国统计局/农业部官网（待手动补）,,TODO: 填真实零售价(本币)
chicken,BD,2023-01,,,kg,0.35,该国统计局/农业部官网（待手动补）,,TODO: 填真实零售价(本币)
chicken,BD,2023-02,,,kg,0.35,该国统计局/农业部官网（待手动补）,,TODO: 填真实零售价(本币)
chicken,BD,2023-03,,,kg,0.35,该国统计局/农业部官网（待手动补）,,TODO: 填真实零售价(本币)
chicken,BD,2023-04,,,kg,0.35,该国统计局/农业部官网（待手动补）,,TODO: 填真实零售价(本币)
chicken,BD,2023-05,,,kg,0.35,该国统计局/农业部官网（待手动补）,,TODO: 填真实零售价(本币)
chicken,BD,2023-06,,,kg,0.35,该国统计局/农业部官网（待手动补）,,TODO: 填真实零售价(本币)
chicken,BD,2023-07,,,kg,0.35,该国统计局/农业部官网（待手动补）,,TODO: 填真实零售价(本币)
chicken,BD,2023-08,,,kg,0.35,该国统计局/农业部官网（待手动补）,,TODO: 填真实零售价(本币)
chicken,BD,2023-09,,,kg,0.35,该国统计局/农业部官网（待手动补）,,TODO: 填真实零售价(本币)
chicken,BD,2023-10,,,kg,0.35,该国统计局/农业部官网（待手动补）,,TODO: 填真实零售价(本币)
chicken,BD,2023-11,,,kg,0.35,该国统计局/农业部官网（待手动补）,,TODO: 填真实零售价(本币)
chicken,BD,2023-12,,,kg,0.35,该国统计局/农业部官网（待手动补）,,TODO: 填真实零售价(本币)
chicken,BD,2024-01,,,kg,0.35,该国统计局/农业部官网（待手动补）,,TODO: 填真实零售价(本币)
chicken,BD,2024-02,,,kg,0.35,该国统计局/农业部官网（待手动补）,,TODO: 填真实零售价(本币)
chicken,BD,2024-03,,,kg,0.35,该国统计局/农业部官网（待手动补）,,TODO: 填真实零售价(本币)
chicken,BD,2024-04,,,kg,0.35,该国统计局/农业部官网（待手动补）,,TODO: 填真实零售价(本币)
chicken,BD,2024-05,,,kg,0.35,该国统计局/农业部官网（待手动补）,,TODO: 填真实零售价(本币)
chicken,BD,2024-06,,,kg,0.35,该国统计局/农业部官网（待手动补）,,TODO: 填真实零售价(本币)
chicken,BD,2024-07,,,kg,0.35,该国统计局/农业部官网（待手动补）,,TODO: 填真实零售价(本币)
chicken,BD,2024-08,,,kg,0.35,该国统计局/农业部官网（待手动补）,,TODO: 填真实零售价(本币)
chicken,BD,2024-09,,,kg,0.35,该国统计局/农业部官网（待手动补）,,TODO: 填真实零售价(本币)
chicken,BD,2024-10,,,kg,0.35,该国统计局/农业部官网（待手动补）,,TODO: 填真实零售价(本币)
chicken,BD,2024-11,,,kg,0.35,该国统计局/农业部官网（待手动补）,,TODO: 填真实零售价(本币)
chicken,BD,2024-12,,,kg,0.35,该国统计局/农业部官网（待手动补）,,TODO: 填真实零售价(本币)
chicken,BD,2025-01,,,kg,0.35,该国统计局/农业部官网（待手动补）,,TODO: 填真实零售价(本币)
chicken,BD,2025-02,,,kg,0.35,该国统计局/农业部官网（待手动补）,,TODO: 填真实零售价(本币)
chicken,BD,2025-03,,,kg,0.35,该国统计局/农业部官网（待手动补）,,TODO: 填真实零售价(本币)
chicken,BD,2025-04,,,kg,0.35,该国统计局/农业部官网（待手动补）,,TODO: 填真实零售价(本币)
chicken,BD,2025-05,,,kg,0.35,该国统计局/农业部官网（待手动补）,,TODO: 填真实零售价(本币)
chicken,BD,2025-06,,,kg,0.35,该国统计局/农业部官网（待手动补）,,TODO: 填真实零售价(本币)
chicken,BD,2025-07,,,kg,0.35,该国统计局/农业部官网（待手动补）,,TODO: 填真实零售价(本币)
chicken,BD,2025-08,,,kg,0.35,该国统计局/农业部官网（待手动补）,,TODO: 填真实零售价(本币)
chicken,BD,2025-09,,,kg,0.35,该国统计局/农业部官网（待手动补）,,TODO: 填真实零售价(本币)
chicken,BD,2025-10,,,kg,0.35,该国统计局/农业部官网（待手动补）,,TODO: 填真实零售价(本币)
chicken,BD,2025-11,,,kg,0.35,该国统计局/农业部官网（待手动补）,,TODO: 填真实零售价(本币)
chicken,BD,2025-12,,,kg,0.35,该国统计局/农业部官网（待手动补）,,TODO: 填真实零售价(本币)
chicken,BD,2026-01,,,kg,0.35,该国统计局/农业部官网（待手动补）,,TODO: 填真实零售价(本币)
chicken,BD,2026-02,,,kg,0.35,该国统计局/农业部官网（待手动补）,,TODO: 填真实零售价(本币)
chicken,BD,2026-03,,,kg,0.35,该国统计局/农业部官网（待手动补）,,TODO: 填真实零售价(本币)
chicken,BD,2026-04,,,kg,0.35,该国统计局/农业部官网（待手动补）,,TODO: 填真实零售价(本币)
chicken,BD,2026-05,,,kg,0.35,该国统计局/农业部官网（待手动补）,,TODO: 填真实零售价(本币)
chicken,BD,2026-06,,,kg,0.35,该国统计局/农业部官网（待手动补）,,TODO: 填真实零售价(本币)
chicken,BD,2026-07,,,kg,0.35,该国统计局/农业部官网（待手动补）,,TODO: 填真实零售价(本币)
chicken,BD,2026-08,,,kg,0.35,该国统计局/农业部官网（待手动补）,,TODO: 填真实零售价(本币)
chicken,ID,2021-01,,,kg,0.35,该国统计局/农业部官网（待手动补）,,TODO: 填真实零售价(本币)
chicken,ID,2021-02,,,kg,0.35,该国统计局/农业部官网（待手动补）,,TODO: 填真实零售价(本币)
chicken,ID,2021-03,,,kg,0.35,该国统计局/农业部官网（待手动补）,,TODO: 填真实零售价(本币)
chicken,ID,2021-04,,,kg,0.35,该国统计局/农业部官网（待手动补）,,TODO: 填真实零售价(本币)
chicken,ID,2021-05,,,kg,0.35,该国统计局/农业部官网（待手动补）,,TODO: 填真实零售价(本币)
chicken,ID,2021-06,,,kg,0.35,该国统计局/农业部官网（待手动补）,,TODO: 填真实零售价(本币)
chicken,ID,2021-07,,,kg,0.35,该国统计局/农业部官网（待手动补）,,TODO: 填真实零售价(本币)
chicken,ID,2021-08,,,kg,0.35,该国统计局/农业部官网（待手动补）,,TODO: 填真实零售价(本币)
chicken,ID,2021-09,,,kg,0.35,该国统计局/农业部官网（待手动补）,,TODO: 填真实零售价(本币)
chicken,ID,2021-10,,,kg,0.35,该国统计局/农业部官网（待手动补）,,TODO: 填真实零售价(本币)
chicken,ID,2021-11,,,kg,0.35,该国统计局/农业部官网（待手动补）,,TODO: 填真实零售价(本币)
chicken,ID,2021-12,,,kg,0.35,该国统计局/农业部官网（待手动补）,,TODO: 填真实零售价(本币)
chicken,ID,2022-01,,,kg,0.35,该国统计局/农业部官网（待手动补）,,TODO: 填真实零售价(本币)
chicken,ID,2022-02,,,kg,0.35,该国统计局/农业部官网（待手动补）,,TODO: 填真实零售价(本币)
chicken,ID,2022-03,,,kg,0.35,该国统计局/农业部官网（待手动补）,,TODO: 填真实零售价(本币)
chicken,ID,2022-04,,,kg,0.35,该国统计局/农业部官网（待手动补）,,TODO: 填真实零售价(本币)
chicken,ID,2022-05,,,kg,0.35,该国统计局/农业部官网（待手动补）,,TODO: 填真实零售价(本币)
chicken,ID,2022-06,,,kg,0.35,该国统计局/农业部官网（待手动补）,,TODO: 填真实零售价(本币)
chicken,ID,2022-07,,,kg,0.35,该国统计局/农业部官网（待手动补）,,TODO: 填真实零售价(本币)
chicken,ID,2022-08,,,kg,0.35,该国统计局/农业部官网（待手动补）,,TODO: 填真实零售价(本币)
chicken,ID,2022-09,,,kg,0.35,该国统计局/农业部官网（待手动补）,,TODO: 填真实零售价(本币)
chicken,ID,2022-10,,,kg,0.35,该国统计局/农业部官网（待手动补）,,TODO: 填真实零售价(本币)
chicken,ID,2022-11,,,kg,0.35,该国统计局/农业部官网（待手动补）,,TODO: 填真实零售价(本币)
chicken,ID,2022-12,,,kg,0.35,该国统计局/农业部官网（待手动补）,,TODO: 填真实零售价(本币)
chicken,ID,2023-01,,,kg,0.35,该国统计局/农业部官网（待手动补）,,TODO: 填真实零售价(本币)
chicken,ID,2023-02,,,kg,0.35,该国统计局/农业部官网（待手动补）,,TODO: 填真实零售价(本币)
chicken,ID,2023-03,,,kg,0.35,该国统计局/农业部官网（待手动补）,,TODO: 填真实零售价(本币)
chicken,ID,2023-04,,,kg,0.35,该国统计局/农业部官网（待手动补）,,TODO: 填真实零售价(本币)
chicken,ID,2023-05,,,kg,0.35,该国统计局/农业部官网（待手动补）,,TODO: 填真实零售价(本币)
chicken,ID,2023-06,,,kg,0.35,该国统计局/农业部官网（待手动补）,,TODO: 填真实零售价(本币)
chicken,ID,2023-07,,,kg,0.35,该国统计局/农业部官网（待手动补）,,TODO: 填真实零售价(本币)
chicken,ID,2023-08,,,kg,0.35,该国统计局/农业部官网（待手动补）,,TODO: 填真实零售价(本币)
chicken,ID,2023-09,,,kg,0.35,该国统计局/农业部官网（待手动补）,,TODO: 填真实零售价(本币)
chicken,ID,2023-10,,,kg,0.35,该国统计局/农业部官网（待手动补）,,TODO: 填真实零售价(本币)
chicken,ID,2023-11,,,kg,0.35,该国统计局/农业部官网（待手动补）,,TODO: 填真实零售价(本币)
chicken,ID,2023-12,,,kg,0.35,该国统计局/农业部官网（待手动补）,,TODO: 填真实零售价(本币)
chicken,ID,2024-01,,,kg,0.35,该国统计局/农业部官网（待手动补）,,TODO: 填真实零售价(本币)
chicken,ID,2024-02,,,kg,0.35,该国统计局/农业部官网（待手动补）,,TODO: 填真实零售价(本币)
chicken,ID,2024-03,,,kg,0.35,该国统计局/农业部官网（待手动补）,,TODO: 填真实零售价(本币)
chicken,ID,2024-04,,,kg,0.35,该国统计局/农业部官网（待手动补）,,TODO: 填真实零售价(本币)
chicken,ID,2024-05,,,kg,0.35,该国统计局/农业部官网（待手动补）,,TODO: 填真实零售价(本币)
chicken,ID,2024-06,,,kg,0.35,该国统计局/农业部官网（待手动补）,,TODO: 填真实零售价(本币)
chicken,ID,2024-07,,,kg,0.35,该国统计局/农业部官网（待手动补）,,TODO: 填真实零售价(本币)
chicken,ID,2024-08,,,kg,0.35,该国统计局/农业部官网（待手动补）,,TODO: 填真实零售价(本币)
chicken,ID,2024-09,,,kg,0.35,该国统计局/农业部官网（待手动补）,,TODO: 填真实零售价(本币)
chicken,ID,2024-10,,,kg,0.35,该国统计局/农业部官网（待手动补）,,TODO: 填真实零售价(本币)
chicken,ID,2024-11,,,kg,0.35,该国统计局/农业部官网（待手动补）,,TODO: 填真实零售价(本币)
chicken,ID,2024-12,,,kg,0.35,该国统计局/农业部官网（待手动补）,,TODO: 填真实零售价(本币)
chicken,ID,2025-01,,,kg,0.35,该国统计局/农业部官网（待手动补）,,TODO: 填真实零售价(本币)
chicken,ID,2025-02,,,kg,0.35,该国统计局/农业部官网（待手动补）,,TODO: 填真实零售价(本币)
chicken,ID,2025-03,,,kg,0.35,该国统计局/农业部官网（待手动补）,,TODO: 填真实零售价(本币)
chicken,ID,2025-04,,,kg,0.35,该国统计局/农业部官网（待手动补）,,TODO: 填真实零售价(本币)
chicken,ID,2025-05,,,kg,0.35,该国统计局/农业部官网（待手动补）,,TODO: 填真实零售价(本币)
chicken,ID,2025-06,,,kg,0.35,该国统计局/农业部官网（待手动补）,,TODO: 填真实零售价(本币)
chicken,ID,2025-07,,,kg,0.35,该国统计局/农业部官网（待手动补）,,TODO: 填真实零售价(本币)
chicken,ID,2025-08,,,kg,0.35,该国统计局/农业部官网（待手动补）,,TODO: 填真实零售价(本币)
chicken,ID,2025-09,,,kg,0.35,该国统计局/农业部官网（待手动补）,,TODO: 填真实零售价(本币)
chicken,ID,2025-10,,,kg,0.35,该国统计局/农业部官网（待手动补）,,TODO: 填真实零售价(本币)
chicken,ID,2025-11,,,kg,0.35,该国统计局/农业部官网（待手动补）,,TODO: 填真实零售价(本币)
chicken,ID,2025-12,,,kg,0.35,该国统计局/农业部官网（待手动补）,,TODO: 填真实零售价(本币)
chicken,ID,2026-01,,,kg,0.35,该国统计局/农业部官网（待手动补）,,TODO: 填真实零售价(本币)
chicken,ID,2026-02,,,kg,0.35,该国统计局/农业部官网（待手动补）,,TODO: 填真实零售价(本币)
chicken,ID,2026-03,,,kg,0.35,该国统计局/农业部官网（待手动补）,,TODO: 填真实零售价(本币)
chicken,ID,2026-04,,,kg,0.35,该国统计局/农业部官网（待手动补）,,TODO: 填真实零售价(本币)
chicken,ID,2026-05,,,kg,0.35,该国统计局/农业部官网（待手动补）,,TODO: 填真实零售价(本币)
chicken,ID,2026-06,,,kg,0.35,该国统计局/农业部官网（待手动补）,,TODO: 填真实零售价(本币)
chicken,ID,2026-07,,,kg,0.35,该国统计局/农业部官网（待手动补）,,TODO: 填真实零售价(本币)
chicken,ID,2026-08,,,kg,0.35,该国统计局/农业部官网（待手动补）,,TODO: 填真实零售价(本币)
chicken,MY,2021-01,,,kg,0.35,该国统计局/农业部官网（待手动补）,,TODO: 填真实零售价(本币)
chicken,MY,2021-02,,,kg,0.35,该国统计局/农业部官网（待手动补）,,TODO: 填真实零售价(本币)
chicken,MY,2021-03,,,kg,0.35,该国统计局/农业部官网（待手动补）,,TODO: 填真实零售价(本币)
chicken,MY,2021-04,,,kg,0.35,该国统计局/农业部官网（待手动补）,,TODO: 填真实零售价(本币)
chicken,MY,2021-05,,,kg,0.35,该国统计局/农业部官网（待手动补）,,TODO: 填真实零售价(本币)
chicken,MY,2021-06,,,kg,0.35,该国统计局/农业部官网（待手动补）,,TODO: 填真实零售价(本币)
chicken,MY,2021-07,,,kg,0.35,该国统计局/农业部官网（待手动补）,,TODO: 填真实零售价(本币)
chicken,MY,2021-08,,,kg,0.35,该国统计局/农业部官网（待手动补）,,TODO: 填真实零售价(本币)
chicken,MY,2021-09,,,kg,0.35,该国统计局/农业部官网（待手动补）,,TODO: 填真实零售价(本币)
chicken,MY,2021-10,,,kg,0.35,该国统计局/农业部官网（待手动补）,,TODO: 填真实零售价(本币)
chicken,MY,2021-11,,,kg,0.35,该国统计局/农业部官网（待手动补）,,TODO: 填真实零售价(本币)
chicken,MY,2021-12,,,kg,0.35,该国统计局/农业部官网（待手动补）,,TODO: 填真实零售价(本币)
chicken,MY,2022-01,,,kg,0.35,该国统计局/农业部官网（待手动补）,,TODO: 填真实零售价(本币)
chicken,MY,2022-02,,,kg,0.35,该国统计局/农业部官网（待手动补）,,TODO: 填真实零售价(本币)
chicken,MY,2022-03,,,kg,0.35,该国统计局/农业部官网（待手动补）,,TODO: 填真实零售价(本币)
chicken,MY,2022-04,,,kg,0.35,该国统计局/农业部官网（待手动补）,,TODO: 填真实零售价(本币)
chicken,MY,2022-05,,,kg,0.35,该国统计局/农业部官网（待手动补）,,TODO: 填真实零售价(本币)
chicken,MY,2022-06,,,kg,0.35,该国统计局/农业部官网（待手动补）,,TODO: 填真实零售价(本币)
chicken,MY,2022-07,,,kg,0.35,该国统计局/农业部官网（待手动补）,,TODO: 填真实零售价(本币)
chicken,MY,2022-08,,,kg,0.35,该国统计局/农业部官网（待手动补）,,TODO: 填真实零售价(本币)
chicken,MY,2022-09,,,kg,0.35,该国统计局/农业部官网（待手动补）,,TODO: 填真实零售价(本币)
chicken,MY,2022-10,,,kg,0.35,该国统计局/农业部官网（待手动补）,,TODO: 填真实零售价(本币)
chicken,MY,2022-11,,,kg,0.35,该国统计局/农业部官网（待手动补）,,TODO: 填真实零售价(本币)
chicken,MY,2022-12,,,kg,0.35,该国统计局/农业部官网（待手动补）,,TODO: 填真实零售价(本币)
chicken,MY,2023-01,,,kg,0.35,该国统计局/农业部官网（待手动补）,,TODO: 填真实零售价(本币)
chicken,MY,2023-02,,,kg,0.35,该国统计局/农业部官网（待手动补）,,TODO: 填真实零售价(本币)
chicken,MY,2023-03,,,kg,0.35,该国统计局/农业部官网（待手动补）,,TODO: 填真实零售价(本币)
chicken,MY,2023-04,,,kg,0.35,该国统计局/农业部官网（待手动补）,,TODO: 填真实零售价(本币)
chicken,MY,2023-05,,,kg,0.35,该国统计局/农业部官网（待手动补）,,TODO: 填真实零售价(本币)
chicken,MY,2023-06,,,kg,0.35,该国统计局/农业部官网（待手动补）,,TODO: 填真实零售价(本币)
chicken,MY,2023-07,,,kg,0.35,该国统计局/农业部官网（待手动补）,,TODO: 填真实零售价(本币)
chicken,MY,2023-08,,,kg,0.35,该国统计局/农业部官网（待手动补）,,TODO: 填真实零售价(本币)
chicken,MY,2023-09,,,kg,0.35,该国统计局/农业部官网（待手动补）,,TODO: 填真实零售价(本币)
chicken,MY,2023-10,,,kg,0.35,该国统计局/农业部官网（待手动补）,,TODO: 填真实零售价(本币)
chicken,MY,2023-11,,,kg,0.35,该国统计局/农业部官网（待手动补）,,TODO: 填真实零售价(本币)
chicken,MY,2023-12,,,kg,0.35,该国统计局/农业部官网（待手动补）,,TODO: 填真实零售价(本币)
chicken,MY,2024-01,,,kg,0.35,该国统计局/农业部官网（待手动补）,,TODO: 填真实零售价(本币)
chicken,MY,2024-02,,,kg,0.35,该国统计局/农业部官网（待手动补）,,TODO: 填真实零售价(本币)
chicken,MY,2024-03,,,kg,0.35,该国统计局/农业部官网（待手动补）,,TODO: 填真实零售价(本币)
chicken,MY,2024-04,,,kg,0.35,该国统计局/农业部官网（待手动补）,,TODO: 填真实零售价(本币)
chicken,MY,2024-05,,,kg,0.35,该国统计局/农业部官网（待手动补）,,TODO: 填真实零售价(本币)
chicken,MY,2024-06,,,kg,0.35,该国统计局/农业部官网（待手动补）,,TODO: 填真实零售价(本币)
chicken,MY,2024-07,,,kg,0.35,该国统计局/农业部官网（待手动补）,,TODO: 填真实零售价(本币)
chicken,MY,2024-08,,,kg,0.35,该国统计局/农业部官网（待手动补）,,TODO: 填真实零售价(本币)
chicken,MY,2024-09,,,kg,0.35,该国统计局/农业部官网（待手动补）,,TODO: 填真实零售价(本币)
chicken,MY,2024-10,,,kg,0.35,该国统计局/农业部官网（待手动补）,,TODO: 填真实零售价(本币)
chicken,MY,2024-11,,,kg,0.35,该国统计局/农业部官网（待手动补）,,TODO: 填真实零售价(本币)
chicken,MY,2024-12,,,kg,0.35,该国统计局/农业部官网（待手动补）,,TODO: 填真实零售价(本币)
chicken,MY,2025-01,,,kg,0.35,该国统计局/农业部官网（待手动补）,,TODO: 填真实零售价(本币)
chicken,MY,2025-02,,,kg,0.35,该国统计局/农业部官网（待手动补）,,TODO: 填真实零售价(本币)
chicken,MY,2025-03,,,kg,0.35,该国统计局/农业部官网（待手动补）,,TODO: 填真实零售价(本币)
chicken,MY,2025-04,,,kg,0.35,该国统计局/农业部官网（待手动补）,,TODO: 填真实零售价(本币)
chicken,MY,2025-05,,,kg,0.35,该国统计局/农业部官网（待手动补）,,TODO: 填真实零售价(本币)
chicken,MY,2025-06,,,kg,0.35,该国统计局/农业部官网（待手动补）,,TODO: 填真实零售价(本币)
chicken,MY,2025-07,,,kg,0.35,该国统计局/农业部官网（待手动补）,,TODO: 填真实零售价(本币)
chicken,MY,2025-08,,,kg,0.35,该国统计局/农业部官网（待手动补）,,TODO: 填真实零售价(本币)
chicken,MY,2025-09,,,kg,0.35,该国统计局/农业部官网（待手动补）,,TODO: 填真实零售价(本币)
chicken,MY,2025-10,,,kg,0.35,该国统计局/农业部官网（待手动补）,,TODO: 填真实零售价(本币)
chicken,MY,2025-11,,,kg,0.35,该国统计局/农业部官网（待手动补）,,TODO: 填真实零售价(本币)
chicken,MY,2025-12,,,kg,0.35,该国统计局/农业部官网（待手动补）,,TODO: 填真实零售价(本币)
chicken,MY,2026-01,,,kg,0.35,该国统计局/农业部官网（待手动补）,,TODO: 填真实零售价(本币)
chicken,MY,2026-02,,,kg,0.35,该国统计局/农业部官网（待手动补）,,TODO: 填真实零售价(本币)
chicken,MY,2026-03,,,kg,0.35,该国统计局/农业部官网（待手动补）,,TODO: 填真实零售价(本币)
chicken,MY,2026-04,,,kg,0.35,该国统计局/农业部官网（待手动补）,,TODO: 填真实零售价(本币)
chicken,MY,2026-05,,,kg,0.35,该国统计局/农业部官网（待手动补）,,TODO: 填真实零售价(本币)
chicken,MY,2026-06,,,kg,0.35,该国统计局/农业部官网（待手动补）,,TODO: 填真实零售价(本币)
chicken,MY,2026-07,,,kg,0.35,该国统计局/农业部官网（待手动补）,,TODO: 填真实零售价(本币)
chicken,MY,2026-08,,,kg,0.35,该国统计局/农业部官网（待手动补）,,TODO: 填真实零售价(本币)
chicken,PH,2021-01,,,kg,0.35,该国统计局/农业部官网（待手动补）,,TODO: 填真实零售价(本币)
chicken,PH,2021-02,,,kg,0.35,该国统计局/农业部官网（待手动补）,,TODO: 填真实零售价(本币)
chicken,PH,2021-03,,,kg,0.35,该国统计局/农业部官网（待手动补）,,TODO: 填真实零售价(本币)
chicken,PH,2021-04,,,kg,0.35,该国统计局/农业部官网（待手动补）,,TODO: 填真实零售价(本币)
chicken,PH,2021-05,,,kg,0.35,该国统计局/农业部官网（待手动补）,,TODO: 填真实零售价(本币)
chicken,PH,2021-06,,,kg,0.35,该国统计局/农业部官网（待手动补）,,TODO: 填真实零售价(本币)
chicken,PH,2021-07,,,kg,0.35,该国统计局/农业部官网（待手动补）,,TODO: 填真实零售价(本币)
chicken,PH,2021-08,,,kg,0.35,该国统计局/农业部官网（待手动补）,,TODO: 填真实零售价(本币)
chicken,PH,2021-09,,,kg,0.35,该国统计局/农业部官网（待手动补）,,TODO: 填真实零售价(本币)
chicken,PH,2021-10,,,kg,0.35,该国统计局/农业部官网（待手动补）,,TODO: 填真实零售价(本币)
chicken,PH,2021-11,,,kg,0.35,该国统计局/农业部官网（待手动补）,,TODO: 填真实零售价(本币)
chicken,PH,2021-12,,,kg,0.35,该国统计局/农业部官网（待手动补）,,TODO: 填真实零售价(本币)
chicken,PH,2022-01,,,kg,0.35,该国统计局/农业部官网（待手动补）,,TODO: 填真实零售价(本币)
chicken,PH,2022-02,,,kg,0.35,该国统计局/农业部官网（待手动补）,,TODO: 填真实零售价(本币)
chicken,PH,2022-03,,,kg,0.35,该国统计局/农业部官网（待手动补）,,TODO: 填真实零售价(本币)
chicken,PH,2022-04,,,kg,0.35,该国统计局/农业部官网（待手动补）,,TODO: 填真实零售价(本币)
chicken,PH,2022-05,,,kg,0.35,该国统计局/农业部官网（待手动补）,,TODO: 填真实零售价(本币)
chicken,PH,2022-06,,,kg,0.35,该国统计局/农业部官网（待手动补）,,TODO: 填真实零售价(本币)
chicken,PH,2022-07,,,kg,0.35,该国统计局/农业部官网（待手动补）,,TODO: 填真实零售价(本币)
chicken,PH,2022-08,,,kg,0.35,该国统计局/农业部官网（待手动补）,,TODO: 填真实零售价(本币)
chicken,PH,2022-09,,,kg,0.35,该国统计局/农业部官网（待手动补）,,TODO: 填真实零售价(本币)
chicken,PH,2022-10,,,kg,0.35,该国统计局/农业部官网（待手动补）,,TODO: 填真实零售价(本币)
chicken,PH,2022-11,,,kg,0.35,该国统计局/农业部官网（待手动补）,,TODO: 填真实零售价(本币)
chicken,PH,2022-12,,,kg,0.35,该国统计局/农业部官网（待手动补）,,TODO: 填真实零售价(本币)
chicken,PH,2023-01,,,kg,0.35,该国统计局/农业部官网（待手动补）,,TODO: 填真实零售价(本币)
chicken,PH,2023-02,,,kg,0.35,该国统计局/农业部官网（待手动补）,,TODO: 填真实零售价(本币)
chicken,PH,2023-03,,,kg,0.35,该国统计局/农业部官网（待手动补）,,TODO: 填真实零售价(本币)
chicken,PH,2023-04,,,kg,0.35,该国统计局/农业部官网（待手动补）,,TODO: 填真实零售价(本币)
chicken,PH,2023-05,,,kg,0.35,该国统计局/农业部官网（待手动补）,,TODO: 填真实零售价(本币)
chicken,PH,2023-06,,,kg,0.35,该国统计局/农业部官网（待手动补）,,TODO: 填真实零售价(本币)
chicken,PH,2023-07,,,kg,0.35,该国统计局/农业部官网（待手动补）,,TODO: 填真实零售价(本币)
chicken,PH,2023-08,,,kg,0.35,该国统计局/农业部官网（待手动补）,,TODO: 填真实零售价(本币)
chicken,PH,2023-09,,,kg,0.35,该国统计局/农业部官网（待手动补）,,TODO: 填真实零售价(本币)
chicken,PH,2023-10,,,kg,0.35,该国统计局/农业部官网（待手动补）,,TODO: 填真实零售价(本币)
chicken,PH,2023-11,,,kg,0.35,该国统计局/农业部官网（待手动补）,,TODO: 填真实零售价(本币)
chicken,PH,2023-12,,,kg,0.35,该国统计局/农业部官网（待手动补）,,TODO: 填真实零售价(本币)
chicken,PH,2024-01,,,kg,0.35,该国统计局/农业部官网（待手动补）,,TODO: 填真实零售价(本币)
chicken,PH,2024-02,,,kg,0.35,该国统计局/农业部官网（待手动补）,,TODO: 填真实零售价(本币)
chicken,PH,2024-03,,,kg,0.35,该国统计局/农业部官网（待手动补）,,TODO: 填真实零售价(本币)
chicken,PH,2024-04,,,kg,0.35,该国统计局/农业部官网（待手动补）,,TODO: 填真实零售价(本币)
chicken,PH,2024-05,,,kg,0.35,该国统计局/农业部官网（待手动补）,,TODO: 填真实零售价(本币)
chicken,PH,2024-06,,,kg,0.35,该国统计局/农业部官网（待手动补）,,TODO: 填真实零售价(本币)
chicken,PH,2024-07,,,kg,0.35,该国统计局/农业部官网（待手动补）,,TODO: 填真实零售价(本币)
chicken,PH,2024-08,,,kg,0.35,该国统计局/农业部官网（待手动补）,,TODO: 填真实零售价(本币)
chicken,PH,2024-09,,,kg,0.35,该国统计局/农业部官网（待手动补）,,TODO: 填真实零售价(本币)
chicken,PH,2024-10,,,kg,0.35,该国统计局/农业部官网（待手动补）,,TODO: 填真实零售价(本币)
chicken,PH,2024-11,,,kg,0.35,该国统计局/农业部官网（待手动补）,,TODO: 填真实零售价(本币)
chicken,PH,2024-12,,,kg,0.35,该国统计局/农业部官网（待手动补）,,TODO: 填真实零售价(本币)
chicken,PH,2025-01,,,kg,0.35,该国统计局/农业部官网（待手动补）,,TODO: 填真实零售价(本币)
chicken,PH,2025-02,,,kg,0.35,该国统计局/农业部官网（待手动补）,,TODO: 填真实零售价(本币)
chicken,PH,2025-03,,,kg,0.35,该国统计局/农业部官网（待手动补）,,TODO: 填真实零售价(本币)
chicken,PH,2025-04,,,kg,0.35,该国统计局/农业部官网（待手动补）,,TODO: 填真实零售价(本币)
chicken,PH,2025-05,,,kg,0.35,该国统计局/农业部官网（待手动补）,,TODO: 填真实零售价(本币)
chicken,PH,2025-06,,,kg,0.35,该国统计局/农业部官网（待手动补）,,TODO: 填真实零售价(本币)
chicken,PH,2025-07,,,kg,0.35,该国统计局/农业部官网（待手动补）,,TODO: 填真实零售价(本币)
chicken,PH,2025-08,,,kg,0.35,该国统计局/农业部官网（待手动补）,,TODO: 填真实零售价(本币)
chicken,PH,2025-09,,,kg,0.35,该国统计局/农业部官网（待手动补）,,TODO: 填真实零售价(本币)
chicken,PH,2025-10,,,kg,0.35,该国统计局/农业部官网（待手动补）,,TODO: 填真实零售价(本币)
chicken,PH,2025-11,,,kg,0.35,该国统计局/农业部官网（待手动补）,,TODO: 填真实零售价(本币)
chicken,PH,2025-12,,,kg,0.35,该国统计局/农业部官网（待手动补）,,TODO: 填真实零售价(本币)
chicken,PH,2026-01,,,kg,0.35,该国统计局/农业部官网（待手动补）,,TODO: 填真实零售价(本币)
chicken,PH,2026-02,,,kg,0.35,该国统计局/农业部官网（待手动补）,,TODO: 填真实零售价(本币)
chicken,PH,2026-03,,,kg,0.35,该国统计局/农业部官网（待手动补）,,TODO: 填真实零售价(本币)
chicken,PH,2026-04,,,kg,0.35,该国统计局/农业部官网（待手动补）,,TODO: 填真实零售价(本币)
chicken,PH,2026-05,,,kg,0.35,该国统计局/农业部官网（待手动补）,,TODO: 填真实零售价(本币)
chicken,PH,2026-06,,,kg,0.35,该国统计局/农业部官网（待手动补）,,TODO: 填真实零售价(本币)
chicken,PH,2026-07,,,kg,0.35,该国统计局/农业部官网（待手动补）,,TODO: 填真实零售价(本币)
chicken,PH,2026-08,,,kg,0.35,该国统计局/农业部官网（待手动补）,,TODO: 填真实零售价(本币)
chicken,NP,2021-01,,,kg,0.35,该国统计局/农业部官网（待手动补）,,TODO: 填真实零售价(本币)
chicken,NP,2021-02,,,kg,0.35,该国统计局/农业部官网（待手动补）,,TODO: 填真实零售价(本币)
chicken,NP,2021-03,,,kg,0.35,该国统计局/农业部官网（待手动补）,,TODO: 填真实零售价(本币)
chicken,NP,2021-04,,,kg,0.35,该国统计局/农业部官网（待手动补）,,TODO: 填真实零售价(本币)
chicken,NP,2021-05,,,kg,0.35,该国统计局/农业部官网（待手动补）,,TODO: 填真实零售价(本币)
chicken,NP,2021-06,,,kg,0.35,该国统计局/农业部官网（待手动补）,,TODO: 填真实零售价(本币)
chicken,NP,2021-07,,,kg,0.35,该国统计局/农业部官网（待手动补）,,TODO: 填真实零售价(本币)
chicken,NP,2021-08,,,kg,0.35,该国统计局/农业部官网（待手动补）,,TODO: 填真实零售价(本币)
chicken,NP,2021-09,,,kg,0.35,该国统计局/农业部官网（待手动补）,,TODO: 填真实零售价(本币)
chicken,NP,2021-10,,,kg,0.35,该国统计局/农业部官网（待手动补）,,TODO: 填真实零售价(本币)
chicken,NP,2021-11,,,kg,0.35,该国统计局/农业部官网（待手动补）,,TODO: 填真实零售价(本币)
chicken,NP,2021-12,,,kg,0.35,该国统计局/农业部官网（待手动补）,,TODO: 填真实零售价(本币)
chicken,NP,2022-01,,,kg,0.35,该国统计局/农业部官网（待手动补）,,TODO: 填真实零售价(本币)
chicken,NP,2022-02,,,kg,0.35,该国统计局/农业部官网（待手动补）,,TODO: 填真实零售价(本币)
chicken,NP,2022-03,,,kg,0.35,该国统计局/农业部官网（待手动补）,,TODO: 填真实零售价(本币)
chicken,NP,2022-04,,,kg,0.35,该国统计局/农业部官网（待手动补）,,TODO: 填真实零售价(本币)
chicken,NP,2022-05,,,kg,0.35,该国统计局/农业部官网（待手动补）,,TODO: 填真实零售价(本币)
chicken,NP,2022-06,,,kg,0.35,该国统计局/农业部官网（待手动补）,,TODO: 填真实零售价(本币)
chicken,NP,2022-07,,,kg,0.35,该国统计局/农业部官网（待手动补）,,TODO: 填真实零售价(本币)
chicken,NP,2022-08,,,kg,0.35,该国统计局/农业部官网（待手动补）,,TODO: 填真实零售价(本币)
chicken,NP,2022-09,,,kg,0.35,该国统计局/农业部官网（待手动补）,,TODO: 填真实零售价(本币)
chicken,NP,2022-10,,,kg,0.35,该国统计局/农业部官网（待手动补）,,TODO: 填真实零售价(本币)
chicken,NP,2022-11,,,kg,0.35,该国统计局/农业部官网（待手动补）,,TODO: 填真实零售价(本币)
chicken,NP,2022-12,,,kg,0.35,该国统计局/农业部官网（待手动补）,,TODO: 填真实零售价(本币)
chicken,NP,2023-01,,,kg,0.35,该国统计局/农业部官网（待手动补）,,TODO: 填真实零售价(本币)
chicken,NP,2023-02,,,kg,0.35,该国统计局/农业部官网（待手动补）,,TODO: 填真实零售价(本币)
chicken,NP,2023-03,,,kg,0.35,该国统计局/农业部官网（待手动补）,,TODO: 填真实零售价(本币)
chicken,NP,2023-04,,,kg,0.35,该国统计局/农业部官网（待手动补）,,TODO: 填真实零售价(本币)
chicken,NP,2023-05,,,kg,0.35,该国统计局/农业部官网（待手动补）,,TODO: 填真实零售价(本币)
chicken,NP,2023-06,,,kg,0.35,该国统计局/农业部官网（待手动补）,,TODO: 填真实零售价(本币)
chicken,NP,2023-07,,,kg,0.35,该国统计局/农业部官网（待手动补）,,TODO: 填真实零售价(本币)
chicken,NP,2023-08,,,kg,0.35,该国统计局/农业部官网（待手动补）,,TODO: 填真实零售价(本币)
chicken,NP,2023-09,,,kg,0.35,该国统计局/农业部官网（待手动补）,,TODO: 填真实零售价(本币)
chicken,NP,2023-10,,,kg,0.35,该国统计局/农业部官网（待手动补）,,TODO: 填真实零售价(本币)
chicken,NP,2023-11,,,kg,0.35,该国统计局/农业部官网（待手动补）,,TODO: 填真实零售价(本币)
chicken,NP,2023-12,,,kg,0.35,该国统计局/农业部官网（待手动补）,,TODO: 填真实零售价(本币)
chicken,NP,2024-01,,,kg,0.35,该国统计局/农业部官网（待手动补）,,TODO: 填真实零售价(本币)
chicken,NP,2024-02,,,kg,0.35,该国统计局/农业部官网（待手动补）,,TODO: 填真实零售价(本币)
chicken,NP,2024-03,,,kg,0.35,该国统计局/农业部官网（待手动补）,,TODO: 填真实零售价(本币)
chicken,NP,2024-04,,,kg,0.35,该国统计局/农业部官网（待手动补）,,TODO: 填真实零售价(本币)
chicken,NP,2024-05,,,kg,0.35,该国统计局/农业部官网（待手动补）,,TODO: 填真实零售价(本币)
chicken,NP,2024-06,,,kg,0.35,该国统计局/农业部官网（待手动补）,,TODO: 填真实零售价(本币)
chicken,NP,2024-07,,,kg,0.35,该国统计局/农业部官网（待手动补）,,TODO: 填真实零售价(本币)
chicken,NP,2024-08,,,kg,0.35,该国统计局/农业部官网（待手动补）,,TODO: 填真实零售价(本币)
chicken,NP,2024-09,,,kg,0.35,该国统计局/农业部官网（待手动补）,,TODO: 填真实零售价(本币)
chicken,NP,2024-10,,,kg,0.35,该国统计局/农业部官网（待手动补）,,TODO: 填真实零售价(本币)
chicken,NP,2024-11,,,kg,0.35,该国统计局/农业部官网（待手动补）,,TODO: 填真实零售价(本币)
chicken,NP,2024-12,,,kg,0.35,该国统计局/农业部官网（待手动补）,,TODO: 填真实零售价(本币)
chicken,NP,2025-01,,,kg,0.35,该国统计局/农业部官网（待手动补）,,TODO: 填真实零售价(本币)
chicken,NP,2025-02,,,kg,0.35,该国统计局/农业部官网（待手动补）,,TODO: 填真实零售价(本币)
chicken,NP,2025-03,,,kg,0.35,该国统计局/农业部官网（待手动补）,,TODO: 填真实零售价(本币)
chicken,NP,2025-04,,,kg,0.35,该国统计局/农业部官网（待手动补）,,TODO: 填真实零售价(本币)
chicken,NP,2025-05,,,kg,0.35,该国统计局/农业部官网（待手动补）,,TODO: 填真实零售价(本币)
chicken,NP,2025-06,,,kg,0.35,该国统计局/农业部官网（待手动补）,,TODO: 填真实零售价(本币)
chicken,NP,2025-07,,,kg,0.35,该国统计局/农业部官网（待手动补）,,TODO: 填真实零售价(本币)
chicken,NP,2025-08,,,kg,0.35,该国统计局/农业部官网（待手动补）,,TODO: 填真实零售价(本币)
chicken,NP,2025-09,,,kg,0.35,该国统计局/农业部官网（待手动补）,,TODO: 填真实零售价(本币)
chicken,NP,2025-10,,,kg,0.35,该国统计局/农业部官网（待手动补）,,TODO: 填真实零售价(本币)
chicken,NP,2025-11,,,kg,0.35,该国统计局/农业部官网（待手动补）,,TODO: 填真实零售价(本币)
chicken,NP,2025-12,,,kg,0.35,该国统计局/农业部官网（待手动补）,,TODO: 填真实零售价(本币)
chicken,NP,2026-01,,,kg,0.35,该国统计局/农业部官网（待手动补）,,TODO: 填真实零售价(本币)
chicken,NP,2026-02,,,kg,0.35,该国统计局/农业部官网（待手动补）,,TODO: 填真实零售价(本币)
chicken,NP,2026-03,,,kg,0.35,该国统计局/农业部官网（待手动补）,,TODO: 填真实零售价(本币)
chicken,NP,2026-04,,,kg,0.35,该国统计局/农业部官网（待手动补）,,TODO: 填真实零售价(本币)
chicken,NP,2026-05,,,kg,0.35,该国统计局/农业部官网（待手动补）,,TODO: 填真实零售价(本币)
chicken,NP,2026-06,,,kg,0.35,该国统计局/农业部官网（待手动补）,,TODO: 填真实零售价(本币)
chicken,NP,2026-07,,,kg,0.35,该国统计局/农业部官网（待手动补）,,TODO: 填真实零售价(本币)
chicken,NP,2026-08,,,kg,0.35,该国统计局/农业部官网（待手动补）,,TODO: 填真实零售价(本币)
chicken,LK,2021-01,,,kg,0.35,该国统计局/农业部官网（待手动补）,,TODO: 填真实零售价(本币)
chicken,LK,2021-02,,,kg,0.35,该国统计局/农业部官网（待手动补）,,TODO: 填真实零售价(本币)
chicken,LK,2021-03,,,kg,0.35,该国统计局/农业部官网（待手动补）,,TODO: 填真实零售价(本币)
chicken,LK,2021-04,,,kg,0.35,该国统计局/农业部官网（待手动补）,,TODO: 填真实零售价(本币)
chicken,LK,2021-05,,,kg,0.35,该国统计局/农业部官网（待手动补）,,TODO: 填真实零售价(本币)
chicken,LK,2021-06,,,kg,0.35,该国统计局/农业部官网（待手动补）,,TODO: 填真实零售价(本币)
chicken,LK,2021-07,,,kg,0.35,该国统计局/农业部官网（待手动补）,,TODO: 填真实零售价(本币)
chicken,LK,2021-08,,,kg,0.35,该国统计局/农业部官网（待手动补）,,TODO: 填真实零售价(本币)
chicken,LK,2021-09,,,kg,0.35,该国统计局/农业部官网（待手动补）,,TODO: 填真实零售价(本币)
chicken,LK,2021-10,,,kg,0.35,该国统计局/农业部官网（待手动补）,,TODO: 填真实零售价(本币)
chicken,LK,2021-11,,,kg,0.35,该国统计局/农业部官网（待手动补）,,TODO: 填真实零售价(本币)
chicken,LK,2021-12,,,kg,0.35,该国统计局/农业部官网（待手动补）,,TODO: 填真实零售价(本币)
chicken,LK,2022-01,,,kg,0.35,该国统计局/农业部官网（待手动补）,,TODO: 填真实零售价(本币)
chicken,LK,2022-02,,,kg,0.35,该国统计局/农业部官网（待手动补）,,TODO: 填真实零售价(本币)
chicken,LK,2022-03,,,kg,0.35,该国统计局/农业部官网（待手动补）,,TODO: 填真实零售价(本币)
chicken,LK,2022-04,,,kg,0.35,该国统计局/农业部官网（待手动补）,,TODO: 填真实零售价(本币)
chicken,LK,2022-05,,,kg,0.35,该国统计局/农业部官网（待手动补）,,TODO: 填真实零售价(本币)
chicken,LK,2022-06,,,kg,0.35,该国统计局/农业部官网（待手动补）,,TODO: 填真实零售价(本币)
chicken,LK,2022-07,,,kg,0.35,该国统计局/农业部官网（待手动补）,,TODO: 填真实零售价(本币)
chicken,LK,2022-08,,,kg,0.35,该国统计局/农业部官网（待手动补）,,TODO: 填真实零售价(本币)
chicken,LK,2022-09,,,kg,0.35,该国统计局/农业部官网（待手动补）,,TODO: 填真实零售价(本币)
chicken,LK,2022-10,,,kg,0.35,该国统计局/农业部官网（待手动补）,,TODO: 填真实零售价(本币)
chicken,LK,2022-11,,,kg,0.35,该国统计局/农业部官网（待手动补）,,TODO: 填真实零售价(本币)
chicken,LK,2022-12,,,kg,0.35,该国统计局/农业部官网（待手动补）,,TODO: 填真实零售价(本币)
chicken,LK,2023-01,,,kg,0.35,该国统计局/农业部官网（待手动补）,,TODO: 填真实零售价(本币)
chicken,LK,2023-02,,,kg,0.35,该国统计局/农业部官网（待手动补）,,TODO: 填真实零售价(本币)
chicken,LK,2023-03,,,kg,0.35,该国统计局/农业部官网（待手动补）,,TODO: 填真实零售价(本币)
chicken,LK,2023-04,,,kg,0.35,该国统计局/农业部官网（待手动补）,,TODO: 填真实零售价(本币)
chicken,LK,2023-05,,,kg,0.35,该国统计局/农业部官网（待手动补）,,TODO: 填真实零售价(本币)
chicken,LK,2023-06,,,kg,0.35,该国统计局/农业部官网（待手动补）,,TODO: 填真实零售价(本币)
chicken,LK,2023-07,,,kg,0.35,该国统计局/农业部官网（待手动补）,,TODO: 填真实零售价(本币)
chicken,LK,2023-08,,,kg,0.35,该国统计局/农业部官网（待手动补）,,TODO: 填真实零售价(本币)
chicken,LK,2023-09,,,kg,0.35,该国统计局/农业部官网（待手动补）,,TODO: 填真实零售价(本币)
chicken,LK,2023-10,,,kg,0.35,该国统计局/农业部官网（待手动补）,,TODO: 填真实零售价(本币)
chicken,LK,2023-11,,,kg,0.35,该国统计局/农业部官网（待手动补）,,TODO: 填真实零售价(本币)
chicken,LK,2023-12,,,kg,0.35,该国统计局/农业部官网（待手动补）,,TODO: 填真实零售价(本币)
chicken,LK,2024-01,,,kg,0.35,该国统计局/农业部官网（待手动补）,,TODO: 填真实零售价(本币)
chicken,LK,2024-02,,,kg,0.35,该国统计局/农业部官网（待手动补）,,TODO: 填真实零售价(本币)
chicken,LK,2024-03,,,kg,0.35,该国统计局/农业部官网（待手动补）,,TODO: 填真实零售价(本币)
chicken,LK,2024-04,,,kg,0.35,该国统计局/农业部官网（待手动补）,,TODO: 填真实零售价(本币)
chicken,LK,2024-05,,,kg,0.35,该国统计局/农业部官网（待手动补）,,TODO: 填真实零售价(本币)
chicken,LK,2024-06,,,kg,0.35,该国统计局/农业部官网（待手动补）,,TODO: 填真实零售价(本币)
chicken,LK,2024-07,,,kg,0.35,该国统计局/农业部官网（待手动补）,,TODO: 填真实零售价(本币)
chicken,LK,2024-08,,,kg,0.35,该国统计局/农业部官网（待手动补）,,TODO: 填真实零售价(本币)
chicken,LK,2024-09,,,kg,0.35,该国统计局/农业部官网（待手动补）,,TODO: 填真实零售价(本币)
chicken,LK,2024-10,,,kg,0.35,该国统计局/农业部官网（待手动补）,,TODO: 填真实零售价(本币)
chicken,LK,2024-11,,,kg,0.35,该国统计局/农业部官网（待手动补）,,TODO: 填真实零售价(本币)
chicken,LK,2024-12,,,kg,0.35,该国统计局/农业部官网（待手动补）,,TODO: 填真实零售价(本币)
chicken,LK,2025-01,,,kg,0.35,该国统计局/农业部官网（待手动补）,,TODO: 填真实零售价(本币)
chicken,LK,2025-02,,,kg,0.35,该国统计局/农业部官网（待手动补）,,TODO: 填真实零售价(本币)
chicken,LK,2025-03,,,kg,0.35,该国统计局/农业部官网（待手动补）,,TODO: 填真实零售价(本币)
chicken,LK,2025-04,,,kg,0.35,该国统计局/农业部官网（待手动补）,,TODO: 填真实零售价(本币)
chicken,LK,2025-05,,,kg,0.35,该国统计局/农业部官网（待手动补）,,TODO: 填真实零售价(本币)
chicken,LK,2025-06,,,kg,0.35,该国统计局/农业部官网（待手动补）,,TODO: 填真实零售价(本币)
chicken,LK,2025-07,,,kg,0.35,该国统计局/农业部官网（待手动补）,,TODO: 填真实零售价(本币)
chicken,LK,2025-08,,,kg,0.35,该国统计局/农业部官网（待手动补）,,TODO: 填真实零售价(本币)
chicken,LK,2025-09,,,kg,0.35,该国统计局/农业部官网（待手动补）,,TODO: 填真实零售价(本币)
chicken,LK,2025-10,,,kg,0.35,该国统计局/农业部官网（待手动补）,,TODO: 填真实零售价(本币)
chicken,LK,2025-11,,,kg,0.35,该国统计局/农业部官网（待手动补）,,TODO: 填真实零售价(本币)
chicken,LK,2025-12,,,kg,0.35,该国统计局/农业部官网（待手动补）,,TODO: 填真实零售价(本币)
chicken,LK,2026-01,,,kg,0.35,该国统计局/农业部官网（待手动补）,,TODO: 填真实零售价(本币)
chicken,LK,2026-02,,,kg,0.35,该国统计局/农业部官网（待手动补）,,TODO: 填真实零售价(本币)
chicken,LK,2026-03,,,kg,0.35,该国统计局/农业部官网（待手动补）,,TODO: 填真实零售价(本币)
chicken,LK,2026-04,,,kg,0.35,该国统计局/农业部官网（待手动补）,,TODO: 填真实零售价(本币)
chicken,LK,2026-05,,,kg,0.35,该国统计局/农业部官网（待手动补）,,TODO: 填真实零售价(本币)
chicken,LK,2026-06,,,kg,0.35,该国统计局/农业部官网（待手动补）,,TODO: 填真实零售价(本币)
chicken,LK,2026-07,,,kg,0.35,该国统计局/农业部官网（待手动补）,,TODO: 填真实零售价(本币)
chicken,LK,2026-08,,,kg,0.35,该国统计局/农业部官网（待手动补）,,TODO: 填真实零售价(本币)
chicken,KR,2021-01,,,kg,0.35,韩国农水产食品流通公社(AT)·鸡肉零售价,https://www.kamis.or.kr/,TODO: 填真实零售价(本币)
chicken,KR,2021-02,,,kg,0.35,韩国农水产食品流通公社(AT)·鸡肉零售价,https://www.kamis.or.kr/,TODO: 填真实零售价(本币)
chicken,KR,2021-03,,,kg,0.35,韩国农水产食品流通公社(AT)·鸡肉零售价,https://www.kamis.or.kr/,TODO: 填真实零售价(本币)
chicken,KR,2021-04,,,kg,0.35,韩国农水产食品流通公社(AT)·鸡肉零售价,https://www.kamis.or.kr/,TODO: 填真实零售价(本币)
chicken,KR,2021-05,,,kg,0.35,韩国农水产食品流通公社(AT)·鸡肉零售价,https://www.kamis.or.kr/,TODO: 填真实零售价(本币)
chicken,KR,2021-06,,,kg,0.35,韩国农水产食品流通公社(AT)·鸡肉零售价,https://www.kamis.or.kr/,TODO: 填真实零售价(本币)
chicken,KR,2021-07,,,kg,0.35,韩国农水产食品流通公社(AT)·鸡肉零售价,https://www.kamis.or.kr/,TODO: 填真实零售价(本币)
chicken,KR,2021-08,,,kg,0.35,韩国农水产食品流通公社(AT)·鸡肉零售价,https://www.kamis.or.kr/,TODO: 填真实零售价(本币)
chicken,KR,2021-09,,,kg,0.35,韩国农水产食品流通公社(AT)·鸡肉零售价,https://www.kamis.or.kr/,TODO: 填真实零售价(本币)
chicken,KR,2021-10,,,kg,0.35,韩国农水产食品流通公社(AT)·鸡肉零售价,https://www.kamis.or.kr/,TODO: 填真实零售价(本币)
chicken,KR,2021-11,,,kg,0.35,韩国农水产食品流通公社(AT)·鸡肉零售价,https://www.kamis.or.kr/,TODO: 填真实零售价(本币)
chicken,KR,2021-12,,,kg,0.35,韩国农水产食品流通公社(AT)·鸡肉零售价,https://www.kamis.or.kr/,TODO: 填真实零售价(本币)
chicken,KR,2022-01,,,kg,0.35,韩国农水产食品流通公社(AT)·鸡肉零售价,https://www.kamis.or.kr/,TODO: 填真实零售价(本币)
chicken,KR,2022-02,,,kg,0.35,韩国农水产食品流通公社(AT)·鸡肉零售价,https://www.kamis.or.kr/,TODO: 填真实零售价(本币)
chicken,KR,2022-03,,,kg,0.35,韩国农水产食品流通公社(AT)·鸡肉零售价,https://www.kamis.or.kr/,TODO: 填真实零售价(本币)
chicken,KR,2022-04,,,kg,0.35,韩国农水产食品流通公社(AT)·鸡肉零售价,https://www.kamis.or.kr/,TODO: 填真实零售价(本币)
chicken,KR,2022-05,,,kg,0.35,韩国农水产食品流通公社(AT)·鸡肉零售价,https://www.kamis.or.kr/,TODO: 填真实零售价(本币)
chicken,KR,2022-06,,,kg,0.35,韩国农水产食品流通公社(AT)·鸡肉零售价,https://www.kamis.or.kr/,TODO: 填真实零售价(本币)
chicken,KR,2022-07,,,kg,0.35,韩国农水产食品流通公社(AT)·鸡肉零售价,https://www.kamis.or.kr/,TODO: 填真实零售价(本币)
chicken,KR,2022-08,,,kg,0.35,韩国农水产食品流通公社(AT)·鸡肉零售价,https://www.kamis.or.kr/,TODO: 填真实零售价(本币)
chicken,KR,2022-09,,,kg,0.35,韩国农水产食品流通公社(AT)·鸡肉零售价,https://www.kamis.or.kr/,TODO: 填真实零售价(本币)
chicken,KR,2022-10,,,kg,0.35,韩国农水产食品流通公社(AT)·鸡肉零售价,https://www.kamis.or.kr/,TODO: 填真实零售价(本币)
chicken,KR,2022-11,,,kg,0.35,韩国农水产食品流通公社(AT)·鸡肉零售价,https://www.kamis.or.kr/,TODO: 填真实零售价(本币)
chicken,KR,2022-12,,,kg,0.35,韩国农水产食品流通公社(AT)·鸡肉零售价,https://www.kamis.or.kr/,TODO: 填真实零售价(本币)
chicken,KR,2023-01,,,kg,0.35,韩国农水产食品流通公社(AT)·鸡肉零售价,https://www.kamis.or.kr/,TODO: 填真实零售价(本币)
chicken,KR,2023-02,,,kg,0.35,韩国农水产食品流通公社(AT)·鸡肉零售价,https://www.kamis.or.kr/,TODO: 填真实零售价(本币)
chicken,KR,2023-03,,,kg,0.35,韩国农水产食品流通公社(AT)·鸡肉零售价,https://www.kamis.or.kr/,TODO: 填真实零售价(本币)
chicken,KR,2023-04,,,kg,0.35,韩国农水产食品流通公社(AT)·鸡肉零售价,https://www.kamis.or.kr/,TODO: 填真实零售价(本币)
chicken,KR,2023-05,,,kg,0.35,韩国农水产食品流通公社(AT)·鸡肉零售价,https://www.kamis.or.kr/,TODO: 填真实零售价(本币)
chicken,KR,2023-06,,,kg,0.35,韩国农水产食品流通公社(AT)·鸡肉零售价,https://www.kamis.or.kr/,TODO: 填真实零售价(本币)
chicken,KR,2023-07,,,kg,0.35,韩国农水产食品流通公社(AT)·鸡肉零售价,https://www.kamis.or.kr/,TODO: 填真实零售价(本币)
chicken,KR,2023-08,,,kg,0.35,韩国农水产食品流通公社(AT)·鸡肉零售价,https://www.kamis.or.kr/,TODO: 填真实零售价(本币)
chicken,KR,2023-09,,,kg,0.35,韩国农水产食品流通公社(AT)·鸡肉零售价,https://www.kamis.or.kr/,TODO: 填真实零售价(本币)
chicken,KR,2023-10,,,kg,0.35,韩国农水产食品流通公社(AT)·鸡肉零售价,https://www.kamis.or.kr/,TODO: 填真实零售价(本币)
chicken,KR,2023-11,,,kg,0.35,韩国农水产食品流通公社(AT)·鸡肉零售价,https://www.kamis.or.kr/,TODO: 填真实零售价(本币)
chicken,KR,2023-12,,,kg,0.35,韩国农水产食品流通公社(AT)·鸡肉零售价,https://www.kamis.or.kr/,TODO: 填真实零售价(本币)
chicken,KR,2024-01,,,kg,0.35,韩国农水产食品流通公社(AT)·鸡肉零售价,https://www.kamis.or.kr/,TODO: 填真实零售价(本币)
chicken,KR,2024-02,,,kg,0.35,韩国农水产食品流通公社(AT)·鸡肉零售价,https://www.kamis.or.kr/,TODO: 填真实零售价(本币)
chicken,KR,2024-03,,,kg,0.35,韩国农水产食品流通公社(AT)·鸡肉零售价,https://www.kamis.or.kr/,TODO: 填真实零售价(本币)
chicken,KR,2024-04,,,kg,0.35,韩国农水产食品流通公社(AT)·鸡肉零售价,https://www.kamis.or.kr/,TODO: 填真实零售价(本币)
chicken,KR,2024-05,,,kg,0.35,韩国农水产食品流通公社(AT)·鸡肉零售价,https://www.kamis.or.kr/,TODO: 填真实零售价(本币)
chicken,KR,2024-06,,,kg,0.35,韩国农水产食品流通公社(AT)·鸡肉零售价,https://www.kamis.or.kr/,TODO: 填真实零售价(本币)
chicken,KR,2024-07,,,kg,0.35,韩国农水产食品流通公社(AT)·鸡肉零售价,https://www.kamis.or.kr/,TODO: 填真实零售价(本币)
chicken,KR,2024-08,,,kg,0.35,韩国农水产食品流通公社(AT)·鸡肉零售价,https://www.kamis.or.kr/,TODO: 填真实零售价(本币)
chicken,KR,2024-09,,,kg,0.35,韩国农水产食品流通公社(AT)·鸡肉零售价,https://www.kamis.or.kr/,TODO: 填真实零售价(本币)
chicken,KR,2024-10,,,kg,0.35,韩国农水产食品流通公社(AT)·鸡肉零售价,https://www.kamis.or.kr/,TODO: 填真实零售价(本币)
chicken,KR,2024-11,,,kg,0.35,韩国农水产食品流通公社(AT)·鸡肉零售价,https://www.kamis.or.kr/,TODO: 填真实零售价(本币)
chicken,KR,2024-12,,,kg,0.35,韩国农水产食品流通公社(AT)·鸡肉零售价,https://www.kamis.or.kr/,TODO: 填真实零售价(本币)
chicken,KR,2025-01,,,kg,0.35,韩国农水产食品流通公社(AT)·鸡肉零售价,https://www.kamis.or.kr/,TODO: 填真实零售价(本币)
chicken,KR,2025-02,,,kg,0.35,韩国农水产食品流通公社(AT)·鸡肉零售价,https://www.kamis.or.kr/,TODO: 填真实零售价(本币)
chicken,KR,2025-03,,,kg,0.35,韩国农水产食品流通公社(AT)·鸡肉零售价,https://www.kamis.or.kr/,TODO: 填真实零售价(本币)
chicken,KR,2025-04,,,kg,0.35,韩国农水产食品流通公社(AT)·鸡肉零售价,https://www.kamis.or.kr/,TODO: 填真实零售价(本币)
chicken,KR,2025-05,,,kg,0.35,韩国农水产食品流通公社(AT)·鸡肉零售价,https://www.kamis.or.kr/,TODO: 填真实零售价(本币)
chicken,KR,2025-06,,,kg,0.35,韩国农水产食品流通公社(AT)·鸡肉零售价,https://www.kamis.or.kr/,TODO: 填真实零售价(本币)
chicken,KR,2025-07,,,kg,0.35,韩国农水产食品流通公社(AT)·鸡肉零售价,https://www.kamis.or.kr/,TODO: 填真实零售价(本币)
chicken,KR,2025-08,,,kg,0.35,韩国农水产食品流通公社(AT)·鸡肉零售价,https://www.kamis.or.kr/,TODO: 填真实零售价(本币)
chicken,KR,2025-09,,,kg,0.35,韩国农水产食品流通公社(AT)·鸡肉零售价,https://www.kamis.or.kr/,TODO: 填真实零售价(本币)
chicken,KR,2025-10,,,kg,0.35,韩国农水产食品流通公社(AT)·鸡肉零售价,https://www.kamis.or.kr/,TODO: 填真实零售价(本币)
chicken,KR,2025-11,,,kg,0.35,韩国农水产食品流通公社(AT)·鸡肉零售价,https://www.kamis.or.kr/,TODO: 填真实零售价(本币)
chicken,KR,2025-12,,,kg,0.35,韩国农水产食品流通公社(AT)·鸡肉零售价,https://www.kamis.or.kr/,TODO: 填真实零售价(本币)
chicken,KR,2026-01,,,kg,0.35,韩国农水产食品流通公社(AT)·鸡肉零售价,https://www.kamis.or.kr/,TODO: 填真实零售价(本币)
chicken,KR,2026-02,,,kg,0.35,韩国农水产食品流通公社(AT)·鸡肉零售价,https://www.kamis.or.kr/,TODO: 填真实零售价(本币)
chicken,KR,2026-03,,,kg,0.35,韩国农水产食品流通公社(AT)·鸡肉零售价,https://www.kamis.or.kr/,TODO: 填真实零售价(本币)
chicken,KR,2026-04,,,kg,0.35,韩国农水产食品流通公社(AT)·鸡肉零售价,https://www.kamis.or.kr/,TODO: 填真实零售价(本币)
chicken,KR,2026-05,,,kg,0.35,韩国农水产食品流通公社(AT)·鸡肉零售价,https://www.kamis.or.kr/,TODO: 填真实零售价(本币)
chicken,KR,2026-06,,,kg,0.35,韩国农水产食品流通公社(AT)·鸡肉零售价,https://www.kamis.or.kr/,TODO: 填真实零售价(本币)
chicken,KR,2026-07,,,kg,0.35,韩国农水产食品流通公社(AT)·鸡肉零售价,https://www.kamis.or.kr/,TODO: 填真实零售价(本币)
chicken,KR,2026-08,,,kg,0.35,韩国农水产食品流通公社(AT)·鸡肉零售价,https://www.kamis.or.kr/,TODO: 填真实零售价(本币)
chicken,JP,2021-01,,,kg,0.35,日本e-Stat·CPI鸡肉零售价,https://www.e-stat.go.jp/,TODO: 填真实零售价(本币)
chicken,JP,2021-02,,,kg,0.35,日本e-Stat·CPI鸡肉零售价,https://www.e-stat.go.jp/,TODO: 填真实零售价(本币)
chicken,JP,2021-03,,,kg,0.35,日本e-Stat·CPI鸡肉零售价,https://www.e-stat.go.jp/,TODO: 填真实零售价(本币)
chicken,JP,2021-04,,,kg,0.35,日本e-Stat·CPI鸡肉零售价,https://www.e-stat.go.jp/,TODO: 填真实零售价(本币)
chicken,JP,2021-05,,,kg,0.35,日本e-Stat·CPI鸡肉零售价,https://www.e-stat.go.jp/,TODO: 填真实零售价(本币)
chicken,JP,2021-06,,,kg,0.35,日本e-Stat·CPI鸡肉零售价,https://www.e-stat.go.jp/,TODO: 填真实零售价(本币)
chicken,JP,2021-07,,,kg,0.35,日本e-Stat·CPI鸡肉零售价,https://www.e-stat.go.jp/,TODO: 填真实零售价(本币)
chicken,JP,2021-08,,,kg,0.35,日本e-Stat·CPI鸡肉零售价,https://www.e-stat.go.jp/,TODO: 填真实零售价(本币)
chicken,JP,2021-09,,,kg,0.35,日本e-Stat·CPI鸡肉零售价,https://www.e-stat.go.jp/,TODO: 填真实零售价(本币)
chicken,JP,2021-10,,,kg,0.35,日本e-Stat·CPI鸡肉零售价,https://www.e-stat.go.jp/,TODO: 填真实零售价(本币)
chicken,JP,2021-11,,,kg,0.35,日本e-Stat·CPI鸡肉零售价,https://www.e-stat.go.jp/,TODO: 填真实零售价(本币)
chicken,JP,2021-12,,,kg,0.35,日本e-Stat·CPI鸡肉零售价,https://www.e-stat.go.jp/,TODO: 填真实零售价(本币)
chicken,JP,2022-01,,,kg,0.35,日本e-Stat·CPI鸡肉零售价,https://www.e-stat.go.jp/,TODO: 填真实零售价(本币)
chicken,JP,2022-02,,,kg,0.35,日本e-Stat·CPI鸡肉零售价,https://www.e-stat.go.jp/,TODO: 填真实零售价(本币)
chicken,JP,2022-03,,,kg,0.35,日本e-Stat·CPI鸡肉零售价,https://www.e-stat.go.jp/,TODO: 填真实零售价(本币)
chicken,JP,2022-04,,,kg,0.35,日本e-Stat·CPI鸡肉零售价,https://www.e-stat.go.jp/,TODO: 填真实零售价(本币)
chicken,JP,2022-05,,,kg,0.35,日本e-Stat·CPI鸡肉零售价,https://www.e-stat.go.jp/,TODO: 填真实零售价(本币)
chicken,JP,2022-06,,,kg,0.35,日本e-Stat·CPI鸡肉零售价,https://www.e-stat.go.jp/,TODO: 填真实零售价(本币)
chicken,JP,2022-07,,,kg,0.35,日本e-Stat·CPI鸡肉零售价,https://www.e-stat.go.jp/,TODO: 填真实零售价(本币)
chicken,JP,2022-08,,,kg,0.35,日本e-Stat·CPI鸡肉零售价,https://www.e-stat.go.jp/,TODO: 填真实零售价(本币)
chicken,JP,2022-09,,,kg,0.35,日本e-Stat·CPI鸡肉零售价,https://www.e-stat.go.jp/,TODO: 填真实零售价(本币)
chicken,JP,2022-10,,,kg,0.35,日本e-Stat·CPI鸡肉零售价,https://www.e-stat.go.jp/,TODO: 填真实零售价(本币)
chicken,JP,2022-11,,,kg,0.35,日本e-Stat·CPI鸡肉零售价,https://www.e-stat.go.jp/,TODO: 填真实零售价(本币)
chicken,JP,2022-12,,,kg,0.35,日本e-Stat·CPI鸡肉零售价,https://www.e-stat.go.jp/,TODO: 填真实零售价(本币)
chicken,JP,2023-01,,,kg,0.35,日本e-Stat·CPI鸡肉零售价,https://www.e-stat.go.jp/,TODO: 填真实零售价(本币)
chicken,JP,2023-02,,,kg,0.35,日本e-Stat·CPI鸡肉零售价,https://www.e-stat.go.jp/,TODO: 填真实零售价(本币)
chicken,JP,2023-03,,,kg,0.35,日本e-Stat·CPI鸡肉零售价,https://www.e-stat.go.jp/,TODO: 填真实零售价(本币)
chicken,JP,2023-04,,,kg,0.35,日本e-Stat·CPI鸡肉零售价,https://www.e-stat.go.jp/,TODO: 填真实零售价(本币)
chicken,JP,2023-05,,,kg,0.35,日本e-Stat·CPI鸡肉零售价,https://www.e-stat.go.jp/,TODO: 填真实零售价(本币)
chicken,JP,2023-06,,,kg,0.35,日本e-Stat·CPI鸡肉零售价,https://www.e-stat.go.jp/,TODO: 填真实零售价(本币)
chicken,JP,2023-07,,,kg,0.35,日本e-Stat·CPI鸡肉零售价,https://www.e-stat.go.jp/,TODO: 填真实零售价(本币)
chicken,JP,2023-08,,,kg,0.35,日本e-Stat·CPI鸡肉零售价,https://www.e-stat.go.jp/,TODO: 填真实零售价(本币)
chicken,JP,2023-09,,,kg,0.35,日本e-Stat·CPI鸡肉零售价,https://www.e-stat.go.jp/,TODO: 填真实零售价(本币)
chicken,JP,2023-10,,,kg,0.35,日本e-Stat·CPI鸡肉零售价,https://www.e-stat.go.jp/,TODO: 填真实零售价(本币)
chicken,JP,2023-11,,,kg,0.35,日本e-Stat·CPI鸡肉零售价,https://www.e-stat.go.jp/,TODO: 填真实零售价(本币)
chicken,JP,2023-12,,,kg,0.35,日本e-Stat·CPI鸡肉零售价,https://www.e-stat.go.jp/,TODO: 填真实零售价(本币)
chicken,JP,2024-01,,,kg,0.35,日本e-Stat·CPI鸡肉零售价,https://www.e-stat.go.jp/,TODO: 填真实零售价(本币)
chicken,JP,2024-02,,,kg,0.35,日本e-Stat·CPI鸡肉零售价,https://www.e-stat.go.jp/,TODO: 填真实零售价(本币)
chicken,JP,2024-03,,,kg,0.35,日本e-Stat·CPI鸡肉零售价,https://www.e-stat.go.jp/,TODO: 填真实零售价(本币)
chicken,JP,2024-04,,,kg,0.35,日本e-Stat·CPI鸡肉零售价,https://www.e-stat.go.jp/,TODO: 填真实零售价(本币)
chicken,JP,2024-05,,,kg,0.35,日本e-Stat·CPI鸡肉零售价,https://www.e-stat.go.jp/,TODO: 填真实零售价(本币)
chicken,JP,2024-06,,,kg,0.35,日本e-Stat·CPI鸡肉零售价,https://www.e-stat.go.jp/,TODO: 填真实零售价(本币)
chicken,JP,2024-07,,,kg,0.35,日本e-Stat·CPI鸡肉零售价,https://www.e-stat.go.jp/,TODO: 填真实零售价(本币)
chicken,JP,2024-08,,,kg,0.35,日本e-Stat·CPI鸡肉零售价,https://www.e-stat.go.jp/,TODO: 填真实零售价(本币)
chicken,JP,2024-09,,,kg,0.35,日本e-Stat·CPI鸡肉零售价,https://www.e-stat.go.jp/,TODO: 填真实零售价(本币)
chicken,JP,2024-10,,,kg,0.35,日本e-Stat·CPI鸡肉零售价,https://www.e-stat.go.jp/,TODO: 填真实零售价(本币)
chicken,JP,2024-11,,,kg,0.35,日本e-Stat·CPI鸡肉零售价,https://www.e-stat.go.jp/,TODO: 填真实零售价(本币)
chicken,JP,2024-12,,,kg,0.35,日本e-Stat·CPI鸡肉零售价,https://www.e-stat.go.jp/,TODO: 填真实零售价(本币)
chicken,JP,2025-01,,,kg,0.35,日本e-Stat·CPI鸡肉零售价,https://www.e-stat.go.jp/,TODO: 填真实零售价(本币)
chicken,JP,2025-02,,,kg,0.35,日本e-Stat·CPI鸡肉零售价,https://www.e-stat.go.jp/,TODO: 填真实零售价(本币)
chicken,JP,2025-03,,,kg,0.35,日本e-Stat·CPI鸡肉零售价,https://www.e-stat.go.jp/,TODO: 填真实零售价(本币)
chicken,JP,2025-04,,,kg,0.35,日本e-Stat·CPI鸡肉零售价,https://www.e-stat.go.jp/,TODO: 填真实零售价(本币)
chicken,JP,2025-05,,,kg,0.35,日本e-Stat·CPI鸡肉零售价,https://www.e-stat.go.jp/,TODO: 填真实零售价(本币)
chicken,JP,2025-06,,,kg,0.35,日本e-Stat·CPI鸡肉零售价,https://www.e-stat.go.jp/,TODO: 填真实零售价(本币)
chicken,JP,2025-07,,,kg,0.35,日本e-Stat·CPI鸡肉零售价,https://www.e-stat.go.jp/,TODO: 填真实零售价(本币)
chicken,JP,2025-08,,,kg,0.35,日本e-Stat·CPI鸡肉零售价,https://www.e-stat.go.jp/,TODO: 填真实零售价(本币)
chicken,JP,2025-09,,,kg,0.35,日本e-Stat·CPI鸡肉零售价,https://www.e-stat.go.jp/,TODO: 填真实零售价(本币)
chicken,JP,2025-10,,,kg,0.35,日本e-Stat·CPI鸡肉零售价,https://www.e-stat.go.jp/,TODO: 填真实零售价(本币)
chicken,JP,2025-11,,,kg,0.35,日本e-Stat·CPI鸡肉零售价,https://www.e-stat.go.jp/,TODO: 填真实零售价(本币)
chicken,JP,2025-12,,,kg,0.35,日本e-Stat·CPI鸡肉零售价,https://www.e-stat.go.jp/,TODO: 填真实零售价(本币)
chicken,JP,2026-01,,,kg,0.35,日本e-Stat·CPI鸡肉零售价,https://www.e-stat.go.jp/,TODO: 填真实零售价(本币)
chicken,JP,2026-02,,,kg,0.35,日本e-Stat·CPI鸡肉零售价,https://www.e-stat.go.jp/,TODO: 填真实零售价(本币)
chicken,JP,2026-03,,,kg,0.35,日本e-Stat·CPI鸡肉零售价,https://www.e-stat.go.jp/,TODO: 填真实零售价(本币)
chicken,JP,2026-04,,,kg,0.35,日本e-Stat·CPI鸡肉零售价,https://www.e-stat.go.jp/,TODO: 填真实零售价(本币)
chicken,JP,2026-05,,,kg,0.35,日本e-Stat·CPI鸡肉零售价,https://www.e-stat.go.jp/,TODO: 填真实零售价(本币)
chicken,JP,2026-06,,,kg,0.35,日本e-Stat·CPI鸡肉零售价,https://www.e-stat.go.jp/,TODO: 填真实零售价(本币)
chicken,JP,2026-07,,,kg,0.35,日本e-Stat·CPI鸡肉零售价,https://www.e-stat.go.jp/,TODO: 填真实零售价(本币)
chicken,JP,2026-08,,,kg,0.35,日本e-Stat·CPI鸡肉零售价,https://www.e-stat.go.jp/,TODO: 填真实零售价(本币)
chicken,AU,2021-01,,,kg,0.35,澳大利亚ABS·CPI鸡肉零售价,https://www.abs.gov.au/,TODO: 填真实零售价(本币)
chicken,AU,2021-02,,,kg,0.35,澳大利亚ABS·CPI鸡肉零售价,https://www.abs.gov.au/,TODO: 填真实零售价(本币)
chicken,AU,2021-03,,,kg,0.35,澳大利亚ABS·CPI鸡肉零售价,https://www.abs.gov.au/,TODO: 填真实零售价(本币)
chicken,AU,2021-04,,,kg,0.35,澳大利亚ABS·CPI鸡肉零售价,https://www.abs.gov.au/,TODO: 填真实零售价(本币)
chicken,AU,2021-05,,,kg,0.35,澳大利亚ABS·CPI鸡肉零售价,https://www.abs.gov.au/,TODO: 填真实零售价(本币)
chicken,AU,2021-06,,,kg,0.35,澳大利亚ABS·CPI鸡肉零售价,https://www.abs.gov.au/,TODO: 填真实零售价(本币)
chicken,AU,2021-07,,,kg,0.35,澳大利亚ABS·CPI鸡肉零售价,https://www.abs.gov.au/,TODO: 填真实零售价(本币)
chicken,AU,2021-08,,,kg,0.35,澳大利亚ABS·CPI鸡肉零售价,https://www.abs.gov.au/,TODO: 填真实零售价(本币)
chicken,AU,2021-09,,,kg,0.35,澳大利亚ABS·CPI鸡肉零售价,https://www.abs.gov.au/,TODO: 填真实零售价(本币)
chicken,AU,2021-10,,,kg,0.35,澳大利亚ABS·CPI鸡肉零售价,https://www.abs.gov.au/,TODO: 填真实零售价(本币)
chicken,AU,2021-11,,,kg,0.35,澳大利亚ABS·CPI鸡肉零售价,https://www.abs.gov.au/,TODO: 填真实零售价(本币)
chicken,AU,2021-12,,,kg,0.35,澳大利亚ABS·CPI鸡肉零售价,https://www.abs.gov.au/,TODO: 填真实零售价(本币)
chicken,AU,2022-01,,,kg,0.35,澳大利亚ABS·CPI鸡肉零售价,https://www.abs.gov.au/,TODO: 填真实零售价(本币)
chicken,AU,2022-02,,,kg,0.35,澳大利亚ABS·CPI鸡肉零售价,https://www.abs.gov.au/,TODO: 填真实零售价(本币)
chicken,AU,2022-03,,,kg,0.35,澳大利亚ABS·CPI鸡肉零售价,https://www.abs.gov.au/,TODO: 填真实零售价(本币)
chicken,AU,2022-04,,,kg,0.35,澳大利亚ABS·CPI鸡肉零售价,https://www.abs.gov.au/,TODO: 填真实零售价(本币)
chicken,AU,2022-05,,,kg,0.35,澳大利亚ABS·CPI鸡肉零售价,https://www.abs.gov.au/,TODO: 填真实零售价(本币)
chicken,AU,2022-06,,,kg,0.35,澳大利亚ABS·CPI鸡肉零售价,https://www.abs.gov.au/,TODO: 填真实零售价(本币)
chicken,AU,2022-07,,,kg,0.35,澳大利亚ABS·CPI鸡肉零售价,https://www.abs.gov.au/,TODO: 填真实零售价(本币)
chicken,AU,2022-08,,,kg,0.35,澳大利亚ABS·CPI鸡肉零售价,https://www.abs.gov.au/,TODO: 填真实零售价(本币)
chicken,AU,2022-09,,,kg,0.35,澳大利亚ABS·CPI鸡肉零售价,https://www.abs.gov.au/,TODO: 填真实零售价(本币)
chicken,AU,2022-10,,,kg,0.35,澳大利亚ABS·CPI鸡肉零售价,https://www.abs.gov.au/,TODO: 填真实零售价(本币)
chicken,AU,2022-11,,,kg,0.35,澳大利亚ABS·CPI鸡肉零售价,https://www.abs.gov.au/,TODO: 填真实零售价(本币)
chicken,AU,2022-12,,,kg,0.35,澳大利亚ABS·CPI鸡肉零售价,https://www.abs.gov.au/,TODO: 填真实零售价(本币)
chicken,AU,2023-01,,,kg,0.35,澳大利亚ABS·CPI鸡肉零售价,https://www.abs.gov.au/,TODO: 填真实零售价(本币)
chicken,AU,2023-02,,,kg,0.35,澳大利亚ABS·CPI鸡肉零售价,https://www.abs.gov.au/,TODO: 填真实零售价(本币)
chicken,AU,2023-03,,,kg,0.35,澳大利亚ABS·CPI鸡肉零售价,https://www.abs.gov.au/,TODO: 填真实零售价(本币)
chicken,AU,2023-04,,,kg,0.35,澳大利亚ABS·CPI鸡肉零售价,https://www.abs.gov.au/,TODO: 填真实零售价(本币)
chicken,AU,2023-05,,,kg,0.35,澳大利亚ABS·CPI鸡肉零售价,https://www.abs.gov.au/,TODO: 填真实零售价(本币)
chicken,AU,2023-06,,,kg,0.35,澳大利亚ABS·CPI鸡肉零售价,https://www.abs.gov.au/,TODO: 填真实零售价(本币)
chicken,AU,2023-07,,,kg,0.35,澳大利亚ABS·CPI鸡肉零售价,https://www.abs.gov.au/,TODO: 填真实零售价(本币)
chicken,AU,2023-08,,,kg,0.35,澳大利亚ABS·CPI鸡肉零售价,https://www.abs.gov.au/,TODO: 填真实零售价(本币)
chicken,AU,2023-09,,,kg,0.35,澳大利亚ABS·CPI鸡肉零售价,https://www.abs.gov.au/,TODO: 填真实零售价(本币)
chicken,AU,2023-10,,,kg,0.35,澳大利亚ABS·CPI鸡肉零售价,https://www.abs.gov.au/,TODO: 填真实零售价(本币)
chicken,AU,2023-11,,,kg,0.35,澳大利亚ABS·CPI鸡肉零售价,https://www.abs.gov.au/,TODO: 填真实零售价(本币)
chicken,AU,2023-12,,,kg,0.35,澳大利亚ABS·CPI鸡肉零售价,https://www.abs.gov.au/,TODO: 填真实零售价(本币)
chicken,AU,2024-01,,,kg,0.35,澳大利亚ABS·CPI鸡肉零售价,https://www.abs.gov.au/,TODO: 填真实零售价(本币)
chicken,AU,2024-02,,,kg,0.35,澳大利亚ABS·CPI鸡肉零售价,https://www.abs.gov.au/,TODO: 填真实零售价(本币)
chicken,AU,2024-03,,,kg,0.35,澳大利亚ABS·CPI鸡肉零售价,https://www.abs.gov.au/,TODO: 填真实零售价(本币)
chicken,AU,2024-04,,,kg,0.35,澳大利亚ABS·CPI鸡肉零售价,https://www.abs.gov.au/,TODO: 填真实零售价(本币)
chicken,AU,2024-05,,,kg,0.35,澳大利亚ABS·CPI鸡肉零售价,https://www.abs.gov.au/,TODO: 填真实零售价(本币)
chicken,AU,2024-06,,,kg,0.35,澳大利亚ABS·CPI鸡肉零售价,https://www.abs.gov.au/,TODO: 填真实零售价(本币)
chicken,AU,2024-07,,,kg,0.35,澳大利亚ABS·CPI鸡肉零售价,https://www.abs.gov.au/,TODO: 填真实零售价(本币)
chicken,AU,2024-08,,,kg,0.35,澳大利亚ABS·CPI鸡肉零售价,https://www.abs.gov.au/,TODO: 填真实零售价(本币)
chicken,AU,2024-09,,,kg,0.35,澳大利亚ABS·CPI鸡肉零售价,https://www.abs.gov.au/,TODO: 填真实零售价(本币)
chicken,AU,2024-10,,,kg,0.35,澳大利亚ABS·CPI鸡肉零售价,https://www.abs.gov.au/,TODO: 填真实零售价(本币)
chicken,AU,2024-11,,,kg,0.35,澳大利亚ABS·CPI鸡肉零售价,https://www.abs.gov.au/,TODO: 填真实零售价(本币)
chicken,AU,2024-12,,,kg,0.35,澳大利亚ABS·CPI鸡肉零售价,https://www.abs.gov.au/,TODO: 填真实零售价(本币)
chicken,AU,2025-01,,,kg,0.35,澳大利亚ABS·CPI鸡肉零售价,https://www.abs.gov.au/,TODO: 填真实零售价(本币)
chicken,AU,2025-02,,,kg,0.35,澳大利亚ABS·CPI鸡肉零售价,https://www.abs.gov.au/,TODO: 填真实零售价(本币)
chicken,AU,2025-03,,,kg,0.35,澳大利亚ABS·CPI鸡肉零售价,https://www.abs.gov.au/,TODO: 填真实零售价(本币)
chicken,AU,2025-04,,,kg,0.35,澳大利亚ABS·CPI鸡肉零售价,https://www.abs.gov.au/,TODO: 填真实零售价(本币)
chicken,AU,2025-05,,,kg,0.35,澳大利亚ABS·CPI鸡肉零售价,https://www.abs.gov.au/,TODO: 填真实零售价(本币)
chicken,AU,2025-06,,,kg,0.35,澳大利亚ABS·CPI鸡肉零售价,https://www.abs.gov.au/,TODO: 填真实零售价(本币)
chicken,AU,2025-07,,,kg,0.35,澳大利亚ABS·CPI鸡肉零售价,https://www.abs.gov.au/,TODO: 填真实零售价(本币)
chicken,AU,2025-08,,,kg,0.35,澳大利亚ABS·CPI鸡肉零售价,https://www.abs.gov.au/,TODO: 填真实零售价(本币)
chicken,AU,2025-09,,,kg,0.35,澳大利亚ABS·CPI鸡肉零售价,https://www.abs.gov.au/,TODO: 填真实零售价(本币)
chicken,AU,2025-10,,,kg,0.35,澳大利亚ABS·CPI鸡肉零售价,https://www.abs.gov.au/,TODO: 填真实零售价(本币)
chicken,AU,2025-11,,,kg,0.35,澳大利亚ABS·CPI鸡肉零售价,https://www.abs.gov.au/,TODO: 填真实零售价(本币)
chicken,AU,2025-12,,,kg,0.35,澳大利亚ABS·CPI鸡肉零售价,https://www.abs.gov.au/,TODO: 填真实零售价(本币)
chicken,AU,2026-01,,,kg,0.35,澳大利亚ABS·CPI鸡肉零售价,https://www.abs.gov.au/,TODO: 填真实零售价(本币)
chicken,AU,2026-02,,,kg,0.35,澳大利亚ABS·CPI鸡肉零售价,https://www.abs.gov.au/,TODO: 填真实零售价(本币)
chicken,AU,2026-03,,,kg,0.35,澳大利亚ABS·CPI鸡肉零售价,https://www.abs.gov.au/,TODO: 填真实零售价(本币)
chicken,AU,2026-04,,,kg,0.35,澳大利亚ABS·CPI鸡肉零售价,https://www.abs.gov.au/,TODO: 填真实零售价(本币)
chicken,AU,2026-05,,,kg,0.35,澳大利亚ABS·CPI鸡肉零售价,https://www.abs.gov.au/,TODO: 填真实零售价(本币)
chicken,AU,2026-06,,,kg,0.35,澳大利亚ABS·CPI鸡肉零售价,https://www.abs.gov.au/,TODO: 填真实零售价(本币)
chicken,AU,2026-07,,,kg,0.35,澳大利亚ABS·CPI鸡肉零售价,https://www.abs.gov.au/,TODO: 填真实零售价(本币)
chicken,AU,2026-08,,,kg,0.35,澳大利亚ABS·CPI鸡肉零售价,https://www.abs.gov.au/,TODO: 填真实零售价(本币)
